Representative Sample ID,Phylum,Class,Order,Family,Genus,Species,string,N
SCL15612,Chlorophyta,Trebouxiophyceae,Prasiolales,Prasiolaceae,Prasiola,Prasiola borealis,Chlorophyta_Trebouxiophyceae_Prasiolales_Prasiolaceae_Prasiola_Prasiola borealis,1
SCL15625,Chlorophyta,Trebouxiophyceae,Prasiolales,Prasiolaceae,Prasiola,Prasiola meridionalis,Chlorophyta_Trebouxiophyceae_Prasiolales_Prasiolaceae_Prasiola_Prasiola meridionalis,1
SCL13082,Chlorophyta,Ulvophyceae,Bryopsidales,Codiaceae,Codium,Codium ritteri,Chlorophyta_Ulvophyceae_Bryopsidales_Codiaceae_Codium_Codium ritteri,1
PTM-1605,Chlorophyta,Ulvophyceae,Bryopsidales,Derbesiaceae,Derbesia,Derbesia sp.,Chlorophyta_Ulvophyceae_Bryopsidales_Derbesiaceae_Derbesia_Derbesia sp.,1
SCL17369,Chlorophyta,Ulvophyceae,Cladophorales,Cladophoraceae,,,Chlorophyta_Ulvophyceae_Cladophorales_Cladophoraceae__,1
SCL17023,Chlorophyta,Ulvophyceae,Cladophorales,Cladophoraceae,Cladophora,,Chlorophyta_Ulvophyceae_Cladophorales_Cladophoraceae_Cladophora_,1
SCL14246,Chlorophyta,Ulvophyceae,Cladophorales,Cladophoraceae,Rhizoclonium,Rhizoclonium riparium,Chlorophyta_Ulvophyceae_Cladophorales_Cladophoraceae_Rhizoclonium_Rhizoclonium riparium,1
PTM1728,Chlorophyta,Ulvophyceae,Cladophorales,Cladophoraceae,Rhizoclonium,Rhizoclonium tortuosum,Chlorophyta_Ulvophyceae_Cladophorales_Cladophoraceae_Rhizoclonium_Rhizoclonium tortuosum,1
PTM-1535,Chlorophyta,Ulvophyceae,Trentepohliales,Trentepohliaceae,Trentepohlia,,Chlorophyta_Ulvophyceae_Trentepohliales_Trentepohliaceae_Trentepohlia_,1
PTM 1543,Chlorophyta,Ulvophyceae,Trentepohliales,Trentepohliaceae,Trentepohlia,Trentepohlia flava,Chlorophyta_Ulvophyceae_Trentepohliales_Trentepohliaceae_Trentepohlia_Trentepohlia flava,1
SCL17343,Chlorophyta,Ulvophyceae,Ulotrichales,Gomontiaceae,Eugomontia,,Chlorophyta_Ulvophyceae_Ulotrichales_Gomontiaceae_Eugomontia_,1
SCL17354,Chlorophyta,Ulvophyceae,Ulotrichales,Ulotrichaceae,Ulothrix,Ulothrix flacca,Chlorophyta_Ulvophyceae_Ulotrichales_Ulotrichaceae_Ulothrix_Ulothrix flacca,1
SCL17365,Chlorophyta,Ulvophyceae,Ulvales,Kornmanniaceae,Blidingia,Blidingia dawsonii,Chlorophyta_Ulvophyceae_Ulvales_Kornmanniaceae_Blidingia_Blidingia dawsonii,1
SCL13568,Chlorophyta,Ulvophyceae,Ulvales,Kornmanniaceae,Kornmannia,Kornmannia leptoderma,Chlorophyta_Ulvophyceae_Ulvales_Kornmanniaceae_Kornmannia_Kornmannia leptoderma,1
SCL17339,Chlorophyta,Ulvophyceae,Ulvales,Ulvaceae,Ulva,Ulva compressa,Chlorophyta_Ulvophyceae_Ulvales_Ulvaceae_Ulva_Ulva compressa,1
SCL17318,Chlorophyta,Ulvophyceae,Ulvales,Ulvaceae,Ulva,Ulva lactuca,Chlorophyta_Ulvophyceae_Ulvales_Ulvaceae_Ulva_Ulva lactuca,1
SCL17377,Chlorophyta,Ulvophyceae,Ulvales,Ulvaceae,Ulva,Ulva lobata,Chlorophyta_Ulvophyceae_Ulvales_Ulvaceae_Ulva_Ulva lobata,1
PTM-1670,Chlorophyta,Ulvophyceae,Ulvales,Ulvaceae,Ulva,Ulva stenophylla,Chlorophyta_Ulvophyceae_Ulvales_Ulvaceae_Ulva_Ulva stenophylla,1
SCL17139,Chlorophyta,Ulvophyceae,Ulvales,Ulvaceae,Ulvaria,Ulvaria obscura,Chlorophyta_Ulvophyceae_Ulvales_Ulvaceae_Ulvaria_Ulvaria obscura,1
PTM 1578,Ochrophyta,,,,,,Ochrophyta_____,1
SCL17393,Ochrophyta,Phaeophyceae,,,,,Ochrophyta_Phaeophyceae____,1
SCL17373,Ochrophyta,Phaeophyceae,Ectocarpales,Acinetosporaceae,,,Ochrophyta_Phaeophyceae_Ectocarpales_Acinetosporaceae__,1
SCL17428,Ochrophyta,Phaeophyceae,Ectocarpales,Acinetosporaceae,Hincksia,,Ochrophyta_Phaeophyceae_Ectocarpales_Acinetosporaceae_Hincksia_,1
SCL17371,Ochrophyta,Phaeophyceae,Ectocarpales,Acinetosporaceae,Pylaiella,,Ochrophyta_Phaeophyceae_Ectocarpales_Acinetosporaceae_Pylaiella_,1
SCL17505,Ochrophyta,Phaeophyceae,Ectocarpales,Chordariaceae,,,Ochrophyta_Phaeophyceae_Ectocarpales_Chordariaceae__,1
SCL17123,Ochrophyta,Phaeophyceae,Ectocarpales,Chordariaceae,Desmotrichum,Desmotrichum undulatum,Ochrophyta_Phaeophyceae_Ectocarpales_Chordariaceae_Desmotrichum_Desmotrichum undulatum,1
SCL17515,Ochrophyta,Phaeophyceae,Ectocarpales,Chordariaceae,Eudesme,Eudesme borealis,Ochrophyta_Phaeophyceae_Ectocarpales_Chordariaceae_Eudesme_Eudesme borealis,1
SCL 17261,Ochrophyta,Phaeophyceae,Ectocarpales,Chordariaceae,Laminariocolax,,Ochrophyta_Phaeophyceae_Ectocarpales_Chordariaceae_Laminariocolax_,1
PTM 1718,Ochrophyta,Phaeophyceae,Ectocarpales,Chordariaceae,Petrospongium,,Ochrophyta_Phaeophyceae_Ectocarpales_Chordariaceae_Petrospongium_,1
PTM 1558,Ochrophyta,Phaeophyceae,Ectocarpales,Chordariaceae,Petrospongium,Petrospongium rugosum,Ochrophyta_Phaeophyceae_Ectocarpales_Chordariaceae_Petrospongium_Petrospongium rugosum,1
SCL17582,Ochrophyta,Phaeophyceae,Ectocarpales,Coilodesmaceae,Coilodesme,Coilodesme cystoseirae,Ochrophyta_Phaeophyceae_Ectocarpales_Coilodesmaceae_Coilodesme_Coilodesme cystoseirae,1
SCL13497,Ochrophyta,Phaeophyceae,Ectocarpales,Coilodesmaceae,Coilodesme,Coilodesme fucicola,Ochrophyta_Phaeophyceae_Ectocarpales_Coilodesmaceae_Coilodesme_Coilodesme fucicola,1
SCL15321,Ochrophyta,Phaeophyceae,Ectocarpales,Leathesiaceae,Leathesia,Leathesia difformis,Ochrophyta_Phaeophyceae_Ectocarpales_Leathesiaceae_Leathesia_Leathesia difformis,1
SCL16915,Ochrophyta,Phaeophyceae,Ectocarpales,Punctariaceae,Punctaria,Punctaria chartacea,Ochrophyta_Phaeophyceae_Ectocarpales_Punctariaceae_Punctaria_Punctaria chartacea,1
SCL14629,Ochrophyta,Phaeophyceae,Ectocarpales,Scytosiphonaceae,Dactylosiphon,Dactylosiphon bullosus,Ochrophyta_Phaeophyceae_Ectocarpales_Scytosiphonaceae_Dactylosiphon_Dactylosiphon bullosus,1
PTM 1556,Ochrophyta,Phaeophyceae,Ectocarpales,Scytosiphonaceae,Melanosiphon,,Ochrophyta_Phaeophyceae_Ectocarpales_Scytosiphonaceae_Melanosiphon_,1
SCL17593,Ochrophyta,Phaeophyceae,Ectocarpales,Scytosiphonaceae,Scytosiphon,Scytosiphon promiscuus,Ochrophyta_Phaeophyceae_Ectocarpales_Scytosiphonaceae_Scytosiphon_Scytosiphon promiscuus,1
PTM-1676,Ochrophyta,Phaeophyceae,Ectocarpales,Scytosiphonaceae,Scytosiphon,Scytosiphon sp.,Ochrophyta_Phaeophyceae_Ectocarpales_Scytosiphonaceae_Scytosiphon_Scytosiphon sp.,1
PTM1859,Ochrophyta,Phaeophyceae,Fucales,Fucaceae,Fucus,Fucus spiralis,Ochrophyta_Phaeophyceae_Fucales_Fucaceae_Fucus_Fucus spiralis,1
SCL17066,Ochrophyta,Phaeophyceae,Laminariales,Agaraceae,Agarum,Agarum clathratum,Ochrophyta_Phaeophyceae_Laminariales_Agaraceae_Agarum_Agarum clathratum,1
SCL 16365,Ochrophyta,Phaeophyceae,Laminariales,Agaraceae,Agarum,Agarum fimbriatum,Ochrophyta_Phaeophyceae_Laminariales_Agaraceae_Agarum_Agarum fimbriatum,1
PTM 1708,Ochrophyta,Phaeophyceae,Laminariales,Alariaceae,Alaria,Alaria nana,Ochrophyta_Phaeophyceae_Laminariales_Alariaceae_Alaria_Alaria nana,1
SCL16960,Ochrophyta,Phaeophyceae,Laminariales,Alariaceae,Pleurophycus,Pleurophycus gardneri,Ochrophyta_Phaeophyceae_Laminariales_Alariaceae_Pleurophycus_Pleurophycus gardneri,1
SCL16998,Ochrophyta,Phaeophyceae,Laminariales,Alariaceae,Pterygophora,Pterygophora californica,Ochrophyta_Phaeophyceae_Laminariales_Alariaceae_Pterygophora_Pterygophora californica,1
SCL17514,Ochrophyta,Phaeophyceae,Laminariales,Chordaceae,Chorda,Chorda filum,Ochrophyta_Phaeophyceae_Laminariales_Chordaceae_Chorda_Chorda filum,1
SCL17166,Ochrophyta,Phaeophyceae,Laminariales,Laminariaceae,,,Ochrophyta_Phaeophyceae_Laminariales_Laminariaceae__,1
BHAK10530,Ochrophyta,Phaeophyceae,Laminariales,Laminariaceae,Laminaria,Laminaria farlowii,Ochrophyta_Phaeophyceae_Laminariales_Laminariaceae_Laminaria_Laminaria farlowii,1
MAL_426,Ochrophyta,Phaeophyceae,Laminariales,Laminariaceae,Laminaria,Laminaria setchellii,Ochrophyta_Phaeophyceae_Laminariales_Laminariaceae_Laminaria_Laminaria setchellii,1
PTM1736,Ochrophyta,Phaeophyceae,Laminariales,Laminariaceae,Saccharina,Saccharina nigripes,Ochrophyta_Phaeophyceae_Laminariales_Laminariaceae_Saccharina_Saccharina nigripes,1
SCL169990.2,Ochrophyta,Phaeophyceae,Laminariales,Lessoniaceae,Cymathaere,Cymathaere triplicata,Ochrophyta_Phaeophyceae_Laminariales_Lessoniaceae_Cymathaere_Cymathaere triplicata,1
MAL_43,Ochrophyta,Phaeophyceae,Laminariales,Lessoniaceae,Egregia,Egregia menziesii,Ochrophyta_Phaeophyceae_Laminariales_Lessoniaceae_Egregia_Egregia menziesii,1
SCL_9760,Ochrophyta,Phaeophyceae,Sphacelariales,Sphacelariaceae,Chaetopteris,Chaetopteris plumosa,Ochrophyta_Phaeophyceae_Sphacelariales_Sphacelariaceae_Chaetopteris_Chaetopteris plumosa,1
SCL16016,Ochrophyta,Phaeothamniophyceae,Phaeothamniales,Phaeosaccionaceae,Phaeosaccion,Phaeosaccion collinsii,Ochrophyta_Phaeothamniophyceae_Phaeothamniales_Phaeosaccionaceae_Phaeosaccion_Phaeosaccion collinsii,1
SCL17388,Rhodophyta,Bangiophyceae,Bangiales,Bangiaceae,Conchocelis,,Rhodophyta_Bangiophyceae_Bangiales_Bangiaceae_Conchocelis_,1
SCL14994A,Rhodophyta,Bangiophyceae,Bangiales,Bangiaceae,Pyropia,Pyropia pulchra,Rhodophyta_Bangiophyceae_Bangiales_Bangiaceae_Pyropia_Pyropia pulchra,1
SCL17458,Rhodophyta,Compsopogonophyceae,Erythropeltidales,Erythrotrichiaceae,Erythrotrichia,Erythrotrichia carnea,Rhodophyta_Compsopogonophyceae_Erythropeltidales_Erythrotrichiaceae_Erythrotrichia_Erythrotrichia carnea,1
SCL17116,Rhodophyta,Compsopogonophyceae,Erythropeltidales,Erythrotrichiaceae,Porphyropsis,Porphyropsis coccinea,Rhodophyta_Compsopogonophyceae_Erythropeltidales_Erythrotrichiaceae_Porphyropsis_Porphyropsis coccinea,1
SCL17387,Rhodophyta,Florideophyceae,Acrochaetiales,Acrochaetiaceae,Acrochaetium,Acrochaetium plumosum,Rhodophyta_Florideophyceae_Acrochaetiales_Acrochaetiaceae_Acrochaetium_Acrochaetium plumosum,1
SCL17305,Rhodophyta,Florideophyceae,Acrochaetiales,Rhodochortonaceae,Rhodochorton,,Rhodophyta_Florideophyceae_Acrochaetiales_Rhodochortonaceae_Rhodochorton_,1
PTM-1621,Rhodophyta,Florideophyceae,Ahnfeltiales,Ahnfeltiaceae,Ahnfeltia,Ahnfeltia sp.,Rhodophyta_Florideophyceae_Ahnfeltiales_Ahnfeltiaceae_Ahnfeltia_Ahnfeltia sp.,1
SCL17131,Rhodophyta,Florideophyceae,Ceramiales,,,,Rhodophyta_Florideophyceae_Ceramiales___,1
PTM-1691,Rhodophyta,Florideophyceae,Ceramiales,Callithamniaceae,Callithamnion,Callithamnion biseriatum,Rhodophyta_Florideophyceae_Ceramiales_Callithamniaceae_Callithamnion_Callithamnion biseriatum,1
SCL16774,Rhodophyta,Florideophyceae,Ceramiales,Ceramiaceae,Antithamnion,Antithamnion defectum,Rhodophyta_Florideophyceae_Ceramiales_Ceramiaceae_Antithamnion_Antithamnion defectum,1
SCL17598,Rhodophyta,Florideophyceae,Ceramiales,Ceramiaceae,Antithamnionella,,Rhodophyta_Florideophyceae_Ceramiales_Ceramiaceae_Antithamnionella_,1
SCL17186,Rhodophyta,Florideophyceae,Ceramiales,Ceramiaceae,Ceramium,Ceramium californicum,Rhodophyta_Florideophyceae_Ceramiales_Ceramiaceae_Ceramium_Ceramium californicum,1
SCL17157,Rhodophyta,Florideophyceae,Ceramiales,Ceramiaceae,Hollenbergia,Hollenbergia subulata,Rhodophyta_Florideophyceae_Ceramiales_Ceramiaceae_Hollenbergia_Hollenbergia subulata,1
SCL17099,Rhodophyta,Florideophyceae,Ceramiales,Ceramiaceae,Pterothamnion,Pterothamnion pectinatum,Rhodophyta_Florideophyceae_Ceramiales_Ceramiaceae_Pterothamnion_Pterothamnion pectinatum,1
SCL17413,Rhodophyta,Florideophyceae,Ceramiales,Delesseriaceae,Cryptopleura,,Rhodophyta_Florideophyceae_Ceramiales_Delesseriaceae_Cryptopleura_,1
SCL17143,Rhodophyta,Florideophyceae,Ceramiales,Delesseriaceae,Haraldiophyllum,Haraldiophyllum nottii,Rhodophyta_Florideophyceae_Ceramiales_Delesseriaceae_Haraldiophyllum_Haraldiophyllum nottii,1
PTM-1583,Rhodophyta,Florideophyceae,Ceramiales,Delesseriaceae,Hymenena,Hymenena flabelligera,Rhodophyta_Florideophyceae_Ceramiales_Delesseriaceae_Hymenena_Hymenena flabelligera,1
PTM-1654,Rhodophyta,Florideophyceae,Ceramiales,Delesseriaceae,Hymenena,Hymenena setchellii,Rhodophyta_Florideophyceae_Ceramiales_Delesseriaceae_Hymenena_Hymenena setchellii,1
SCL17519,Rhodophyta,Florideophyceae,Ceramiales,Delesseriaceae,Loranthophycus,,Rhodophyta_Florideophyceae_Ceramiales_Delesseriaceae_Loranthophycus_,1
SCL17256A,Rhodophyta,Florideophyceae,Ceramiales,Delesseriaceae,Membranoptera,,Rhodophyta_Florideophyceae_Ceramiales_Delesseriaceae_Membranoptera_,1
SCL16204,Rhodophyta,Florideophyceae,Ceramiales,Delesseriaceae,Mikamiella,Mikamiella ruprechtiana,Rhodophyta_Florideophyceae_Ceramiales_Delesseriaceae_Mikamiella_Mikamiella ruprechtiana,1
SCL17572,Rhodophyta,Florideophyceae,Ceramiales,Delesseriaceae,Pantoneura,Pantoneura juergensii,Rhodophyta_Florideophyceae_Ceramiales_Delesseriaceae_Pantoneura_Pantoneura juergensii,1
SCL17156A,Rhodophyta,Florideophyceae,Ceramiales,Delesseriaceae,Phycodrys,Phycodrys isabellae,Rhodophyta_Florideophyceae_Ceramiales_Delesseriaceae_Phycodrys_Phycodrys isabellae,1
SCL13765,Rhodophyta,Florideophyceae,Ceramiales,Rhodomelaceae,Beringiella,Beringiella labiosa,Rhodophyta_Florideophyceae_Ceramiales_Rhodomelaceae_Beringiella_Beringiella labiosa,1
SCL17561,Rhodophyta,Florideophyceae,Ceramiales,Rhodomelaceae,Odonthalia,,Rhodophyta_Florideophyceae_Ceramiales_Rhodomelaceae_Odonthalia_,1
SCL9721.2,Rhodophyta,Florideophyceae,Ceramiales,Rhodomelaceae,Odonthalia,Odonthalia dentata,Rhodophyta_Florideophyceae_Ceramiales_Rhodomelaceae_Odonthalia_Odonthalia dentata,1
SCL17323,Rhodophyta,Florideophyceae,Ceramiales,Rhodomelaceae,Polyostea,Polyostea robusta,Rhodophyta_Florideophyceae_Ceramiales_Rhodomelaceae_Polyostea_Polyostea robusta,1
PTM1970,Rhodophyta,Florideophyceae,Ceramiales,Rhodomelaceae,Polysiphonia,Polysiphonia hendryi var. deliquescens,Rhodophyta_Florideophyceae_Ceramiales_Rhodomelaceae_Polysiphonia_Polysiphonia hendryi var. deliquescens,1
PTM1903,Rhodophyta,Florideophyceae,Ceramiales,Rhodomelaceae,Polysiphonia,Polysiphonia hendryi var. gardneri,Rhodophyta_Florideophyceae_Ceramiales_Rhodomelaceae_Polysiphonia_Polysiphonia hendryi var. gardneri,1
PTM1925,Rhodophyta,Florideophyceae,Ceramiales,Rhodomelaceae,Polysiphonia,Polysiphonia pacifica var. disticha,Rhodophyta_Florideophyceae_Ceramiales_Rhodomelaceae_Polysiphonia_Polysiphonia pacifica var. disticha,1
SCL16156,Rhodophyta,Florideophyceae,Ceramiales,Rhodomelaceae,Polysiphonia,Polysiphonia senticulosa,Rhodophyta_Florideophyceae_Ceramiales_Rhodomelaceae_Polysiphonia_Polysiphonia senticulosa,1
SCL15610,Rhodophyta,Florideophyceae,Ceramiales,Rhodomelaceae,Pterochondria,Pterochondria woodii,Rhodophyta_Florideophyceae_Ceramiales_Rhodomelaceae_Pterochondria_Pterochondria woodii,1
SCL17062,Rhodophyta,Florideophyceae,Ceramiales,Rhodomelaceae,Pterosiphonia,Pterosiphonia dendroidea,Rhodophyta_Florideophyceae_Ceramiales_Rhodomelaceae_Pterosiphonia_Pterosiphonia dendroidea,1
SCL17542,Rhodophyta,Florideophyceae,Ceramiales,Wrangeliaceae,Pleonosporium,Pleonosporium pedicellatum,Rhodophyta_Florideophyceae_Ceramiales_Wrangeliaceae_Pleonosporium_Pleonosporium pedicellatum,1
SCL16220,Rhodophyta,Florideophyceae,Ceramiales,Wrangeliaceae,Ptilota,,Rhodophyta_Florideophyceae_Ceramiales_Wrangeliaceae_Ptilota_,1
PTM-1584,Rhodophyta,Florideophyceae,Ceramiales,Wrangeliaceae,Ptilota,Ptilota sp.,Rhodophyta_Florideophyceae_Ceramiales_Wrangeliaceae_Ptilota_Ptilota sp.,1
PTM-1603,Rhodophyta,Florideophyceae,Corallinales,Corallinaceae,Bossiella,Bossiella chiloensis,Rhodophyta_Florideophyceae_Corallinales_Corallinaceae_Bossiella_Bossiella chiloensis,1
PTM1849,Rhodophyta,Florideophyceae,Corallinales,Corallinaceae,Bossiella,Bossiella frondifera,Rhodophyta_Florideophyceae_Corallinales_Corallinaceae_Bossiella_Bossiella frondifera,1
SCL16871,Rhodophyta,Florideophyceae,Corallinales,Corallinaceae,Bossiella,Bossiella manzae,Rhodophyta_Florideophyceae_Corallinales_Corallinaceae_Bossiella_Bossiella manzae,1
SCL17419,Rhodophyta,Florideophyceae,Corallinales,Corallinaceae,Bossiella,Bossiella orbigniana,Rhodophyta_Florideophyceae_Corallinales_Corallinaceae_Bossiella_Bossiella orbigniana,1
PTM1850,Rhodophyta,Florideophyceae,Corallinales,Corallinaceae,Bossiella,Bossiella plumosa,Rhodophyta_Florideophyceae_Corallinales_Corallinaceae_Bossiella_Bossiella plumosa,1
PTM1924,Rhodophyta,Florideophyceae,Corallinales,Corallinaceae,Calliarthron,,Rhodophyta_Florideophyceae_Corallinales_Corallinaceae_Calliarthron_,1
PTM1738,Rhodophyta,Florideophyceae,Corallinales,Corallinaceae,Chamberlainium,Chamberlainium tumidum,Rhodophyta_Florideophyceae_Corallinales_Corallinaceae_Chamberlainium_Chamberlainium tumidum,1
SCL16909,Rhodophyta,Florideophyceae,Corallinales,Corallinaceae,Corallina,Corallina officinalis var. chilensis,Rhodophyta_Florideophyceae_Corallinales_Corallinaceae_Corallina_Corallina officinalis var. chilensis,1
PTM-1588,Rhodophyta,Florideophyceae,Corallinales,Corallinaceae,Corallina,Corallina sp. 1,Rhodophyta_Florideophyceae_Corallinales_Corallinaceae_Corallina_Corallina sp. 1,1
SCL16870,Rhodophyta,Florideophyceae,Corallinales,Corallinaceae,Johansenia,Johansenia macmillanii,Rhodophyta_Florideophyceae_Corallinales_Corallinaceae_Johansenia_Johansenia macmillanii,1
PTM-1586,Rhodophyta,Florideophyceae,Corallinales,Corallinaceae,Lithophyllum,Lithophyllum dispar,Rhodophyta_Florideophyceae_Corallinales_Corallinaceae_Lithophyllum_Lithophyllum dispar,1
PTM1742,Rhodophyta,Florideophyceae,Corallinales,Corallinaceae,Lithophyllum,Lithophyllum impressum,Rhodophyta_Florideophyceae_Corallinales_Corallinaceae_Lithophyllum_Lithophyllum impressum,1
SCL17420,Rhodophyta,Florideophyceae,Corallinales,Corallinaceae,Pneophyllum,Pneophyllum zostericola,Rhodophyta_Florideophyceae_Corallinales_Corallinaceae_Pneophyllum_Pneophyllum zostericola,1
MAL_190,Rhodophyta,Florideophyceae,Corallinales,Corallinaceae,Spongites,,Rhodophyta_Florideophyceae_Corallinales_Corallinaceae_Spongites_,1
PTM-1587,Rhodophyta,Florideophyceae,Gelidiales,Pterocladiaceae,Pterocladiella,Pterocladiella sp.,Rhodophyta_Florideophyceae_Gelidiales_Pterocladiaceae_Pterocladiella_Pterocladiella sp.,1
SCL17567,Rhodophyta,Florideophyceae,Gigartinales,,,,Rhodophyta_Florideophyceae_Gigartinales___,1
SCL9700,Rhodophyta,Florideophyceae,Gigartinales,Cystocloniaceae,Fimbrifolium,Fimbrifolium dichotomum,Rhodophyta_Florideophyceae_Gigartinales_Cystocloniaceae_Fimbrifolium_Fimbrifolium dichotomum,1
SCL16448,Rhodophyta,Florideophyceae,Gigartinales,Dumontiaceae,Dilsea,Dilsea natashae,Rhodophyta_Florideophyceae_Gigartinales_Dumontiaceae_Dilsea_Dilsea natashae,1
SCL17473,Rhodophyta,Florideophyceae,Gigartinales,Dumontiaceae,Dilsea,Dilsea pygmaea,Rhodophyta_Florideophyceae_Gigartinales_Dumontiaceae_Dilsea_Dilsea pygmaea,1
SCL16279,Rhodophyta,Florideophyceae,Gigartinales,Dumontiaceae,Dumontia,Dumontia simplex,Rhodophyta_Florideophyceae_Gigartinales_Dumontiaceae_Dumontia_Dumontia simplex,1
SCL17353,Rhodophyta,Florideophyceae,Gigartinales,Dumontiaceae,Farlowia,,Rhodophyta_Florideophyceae_Gigartinales_Dumontiaceae_Farlowia_,1
SCL17242,Rhodophyta,Florideophyceae,Gigartinales,Dumontiaceae,Farlowia,Farlowia compressa,Rhodophyta_Florideophyceae_Gigartinales_Dumontiaceae_Farlowia_Farlowia compressa,1
BHAK-09534,Rhodophyta,Florideophyceae,Gigartinales,Dumontiaceae,Orculifilum,Orculifilum denticulatum,Rhodophyta_Florideophyceae_Gigartinales_Dumontiaceae_Orculifilum_Orculifilum denticulatum,1
SCL17134,Rhodophyta,Florideophyceae,Gigartinales,Dumontiaceae,Weeksia,Weeksia coccinea,Rhodophyta_Florideophyceae_Gigartinales_Dumontiaceae_Weeksia_Weeksia coccinea,1
SCL9729,Rhodophyta,Florideophyceae,Gigartinales,Furcellariaceae,Opuntiella,Opuntiella ornata,Rhodophyta_Florideophyceae_Gigartinales_Furcellariaceae_Opuntiella_Opuntiella ornata,1
SCL16982,Rhodophyta,Florideophyceae,Gigartinales,Gigartinaceae,,,Rhodophyta_Florideophyceae_Gigartinales_Gigartinaceae__,1
PTM-1692,Rhodophyta,Florideophyceae,Gigartinales,Kallymeniaceae,Callophyllis,Callophyllis heanophylla,Rhodophyta_Florideophyceae_Gigartinales_Kallymeniaceae_Callophyllis_Callophyllis heanophylla,1
SCL9657,Rhodophyta,Florideophyceae,Gigartinales,Kallymeniaceae,Callophyllis,Callophyllis rhynchocarpa,Rhodophyta_Florideophyceae_Gigartinales_Kallymeniaceae_Callophyllis_Callophyllis rhynchocarpa,1
PTM-1685,Rhodophyta,Florideophyceae,Gigartinales,Kallymeniaceae,Callophyllis,Callophyllis sp.,Rhodophyta_Florideophyceae_Gigartinales_Kallymeniaceae_Callophyllis_Callophyllis sp.,1
SCL16973,Rhodophyta,Florideophyceae,Gigartinales,Kallymeniaceae,Erythrophyllum,Erythrophyllum delesserioides,Rhodophyta_Florideophyceae_Gigartinales_Kallymeniaceae_Erythrophyllum_Erythrophyllum delesserioides,1
ALAJ02524,Rhodophyta,Florideophyceae,Gigartinales,Kallymeniaceae,Hommersandia,Hommersandia maximicarpa,Rhodophyta_Florideophyceae_Gigartinales_Kallymeniaceae_Hommersandia_Hommersandia maximicarpa,1
SCL17402,Rhodophyta,Florideophyceae,Gigartinales,Kallymeniaceae,Pugetia,Pugetia fragilissima,Rhodophyta_Florideophyceae_Gigartinales_Kallymeniaceae_Pugetia_Pugetia fragilissima,1
SCL17012,Rhodophyta,Florideophyceae,Gigartinales,Phyllophoraceae,Besa,Besa leptophylla,Rhodophyta_Florideophyceae_Gigartinales_Phyllophoraceae_Besa_Besa leptophylla,1
SCL16922,Rhodophyta,Florideophyceae,Gigartinales,Phyllophoraceae,Fredericqia,Fredericqia decewii,Rhodophyta_Florideophyceae_Gigartinales_Phyllophoraceae_Fredericqia_Fredericqia decewii,1
PTM1773,Rhodophyta,Florideophyceae,Gigartinales,Phyllophoraceae,Ozophora,,Rhodophyta_Florideophyceae_Gigartinales_Phyllophoraceae_Ozophora_,1
SCL17118,Rhodophyta,Florideophyceae,Gigartinales,Phyllophoraceae,Stenogramme,,Rhodophyta_Florideophyceae_Gigartinales_Phyllophoraceae_Stenogramme_,1
PTM-1614,Rhodophyta,Florideophyceae,Gracilariales,Gracilariaceae,Gracilaria,Gracilaria sp.,Rhodophyta_Florideophyceae_Gracilariales_Gracilariaceae_Gracilaria_Gracilaria sp.,1
PTM1920,Rhodophyta,Florideophyceae,Gracilariales,Gracilariaceae,Gracilariopsis,,Rhodophyta_Florideophyceae_Gracilariales_Gracilariaceae_Gracilariopsis_,1
SCL16921,Rhodophyta,Florideophyceae,Gracilariales,Gracilariaceae,Gracilariopsis,Gracilariopsis andersonii,Rhodophyta_Florideophyceae_Gracilariales_Gracilariaceae_Gracilariopsis_Gracilariopsis andersonii,1
PTM1954,Rhodophyta,Florideophyceae,Halymeniales,Halymeniaceae,Grateloupia,,Rhodophyta_Florideophyceae_Halymeniales_Halymeniaceae_Grateloupia_,1
PTM-1680,Rhodophyta,Florideophyceae,Halymeniales,Halymeniaceae,Halymenia,Halymenia gardneri,Rhodophyta_Florideophyceae_Halymeniales_Halymeniaceae_Halymenia_Halymenia gardneri,1
SCL15346,Rhodophyta,Florideophyceae,Halymeniales,Halymeniaceae,Prionitis,Prionitis filiformis,Rhodophyta_Florideophyceae_Halymeniales_Halymeniaceae_Prionitis_Prionitis filiformis,1
SCL17482,Rhodophyta,Florideophyceae,Halymeniales,Halymeniaceae,Prionitis,Prionitis lanceolata,Rhodophyta_Florideophyceae_Halymeniales_Halymeniaceae_Prionitis_Prionitis lanceolata,1
SCL16956,Rhodophyta,Florideophyceae,Nemaliales,Liagoraceae,Nemalion,Nemalion helminthoides,Rhodophyta_Florideophyceae_Nemaliales_Liagoraceae_Nemalion_Nemalion helminthoides,1
MAL_148,Rhodophyta,Florideophyceae,Palmariales,Palmariaceae,Palmaria,,Rhodophyta_Florideophyceae_Palmariales_Palmariaceae_Palmaria_,1
SCL16988,Rhodophyta,Florideophyceae,Palmariales,Palmariaceae,Palmaria,Palmaria mollis,Rhodophyta_Florideophyceae_Palmariales_Palmariaceae_Palmaria_Palmaria mollis,1
SCL17178,Rhodophyta,Florideophyceae,Plocamiales,Plocamiaceae,Plocamiocolax,Plocamiocolax pulvinata,Rhodophyta_Florideophyceae_Plocamiales_Plocamiaceae_Plocamiocolax_Plocamiocolax pulvinata,1
SCL13655,Rhodophyta,Florideophyceae,Rhodymeniales,Faucheaceae,Gloiocladia,,Rhodophyta_Florideophyceae_Rhodymeniales_Faucheaceae_Gloiocladia_,1
SCL15894,Rhodophyta,Florideophyceae,Rhodymeniales,Faucheaceae,Leptofauchea,Leptofauchea pacifica,Rhodophyta_Florideophyceae_Rhodymeniales_Faucheaceae_Leptofauchea_Leptofauchea pacifica,1
SCL17337,Rhodophyta,Florideophyceae,Rhodymeniales,Lomentariaceae,Lomentaria,Lomentaria hakodatensis,Rhodophyta_Florideophyceae_Rhodymeniales_Lomentariaceae_Lomentaria_Lomentaria hakodatensis,1
PTM1821,Rhodophyta,Florideophyceae,Rhodymeniales,Rhodymeniaceae,Botryocladia,Botryocladia pseudodichotoma,Rhodophyta_Florideophyceae_Rhodymeniales_Rhodymeniaceae_Botryocladia_Botryocladia pseudodichotoma,1
SCL15290,Rhodophyta,Florideophyceae,Rhodymeniales,Rhodymeniaceae,Rhodymenia,,Rhodophyta_Florideophyceae_Rhodymeniales_Rhodymeniaceae_Rhodymenia_,1
SCL16976,Chlorophyta,Ulvophyceae,Bryopsidales,Derbesiaceae,Derbesia,Derbesia marina,Chlorophyta_Ulvophyceae_Bryopsidales_Derbesiaceae_Derbesia_Derbesia marina,2
SCL16946,Chlorophyta,Ulvophyceae,Cladophorales,Cladophoraceae,Cladophora,Cladophora columbiana,Chlorophyta_Ulvophyceae_Cladophorales_Cladophoraceae_Cladophora_Cladophora columbiana,2
SCL17024,Chlorophyta,Ulvophyceae,Cladophorales,Cladophoraceae,Cladophora,Cladophora sericea,Chlorophyta_Ulvophyceae_Cladophorales_Cladophoraceae_Cladophora_Cladophora sericea,2
SCL17328,Chlorophyta,Ulvophyceae,Ulotrichales,Gomontiaceae,Collinsiella,Collinsiella tuberculata,Chlorophyta_Ulvophyceae_Ulotrichales_Gomontiaceae_Collinsiella_Collinsiella tuberculata,2
SCL16799B,Chlorophyta,Ulvophyceae,Ulotrichales,Ulotrichaceae,Acrosiphonia,,Chlorophyta_Ulvophyceae_Ulotrichales_Ulotrichaceae_Acrosiphonia_,2
MAL_457,Chlorophyta,Ulvophyceae,Ulvales,Kornmanniaceae,Blidingia,,Chlorophyta_Ulvophyceae_Ulvales_Kornmanniaceae_Blidingia_,2
PTM-1682,Chlorophyta,Ulvophyceae,Ulvales,Ulvaceae,Ulva,Ulva californica,Chlorophyta_Ulvophyceae_Ulvales_Ulvaceae_Ulva_Ulva californica,2
SCL17317,Chlorophyta,Ulvophyceae,Ulvales,Ulvaceae,Ulva,Ulva linza,Chlorophyta_Ulvophyceae_Ulvales_Ulvaceae_Ulva_Ulva linza,2
SCL17060,Ochrophyta,Phaeophyceae,Dictyotales,Dictyotaceae,Dictyota,Dictyota binghamiae,Ochrophyta_Phaeophyceae_Dictyotales_Dictyotaceae_Dictyota_Dictyota binghamiae,2
SCL17124,Ochrophyta,Phaeophyceae,Ectocarpales,Acinetosporaceae,Hincksia,Hincksia granulosa,Ochrophyta_Phaeophyceae_Ectocarpales_Acinetosporaceae_Hincksia_Hincksia granulosa,2
SCL16923,Ochrophyta,Phaeophyceae,Ectocarpales,Acinetosporaceae,Hincksia,Hincksia sandriana,Ochrophyta_Phaeophyceae_Ectocarpales_Acinetosporaceae_Hincksia_Hincksia sandriana,2
SCL17230,Ochrophyta,Phaeophyceae,Ectocarpales,Chordariaceae,Acrothrix,Acrothrix gracilis,Ochrophyta_Phaeophyceae_Ectocarpales_Chordariaceae_Acrothrix_Acrothrix gracilis,2
SCL16522,Ochrophyta,Phaeophyceae,Ectocarpales,Chordariaceae,Chordaria,Chordaria flagelliformis,Ochrophyta_Phaeophyceae_Ectocarpales_Chordariaceae_Chordaria_Chordaria flagelliformis,2
SCL17112,Ochrophyta,Phaeophyceae,Ectocarpales,Chordariaceae,Haplogloia,Haplogloia andersonii,Ochrophyta_Phaeophyceae_Ectocarpales_Chordariaceae_Haplogloia_Haplogloia andersonii,2
SCL13542,Ochrophyta,Phaeophyceae,Ectocarpales,Coilodesmaceae,Coilodesme,Coilodesme bulligera,Ochrophyta_Phaeophyceae_Ectocarpales_Coilodesmaceae_Coilodesme_Coilodesme bulligera,2
SCL16582,Ochrophyta,Phaeophyceae,Ectocarpales,Dictyosiphonaceae,Dictyosiphon,,Ochrophyta_Phaeophyceae_Ectocarpales_Dictyosiphonaceae_Dictyosiphon_,2
SCL16566,Ochrophyta,Phaeophyceae,Ectocarpales,Ectocarpaceae,Ectocarpus,Ectocarpus commensalis,Ochrophyta_Phaeophyceae_Ectocarpales_Ectocarpaceae_Ectocarpus_Ectocarpus commensalis,2
SCL15374,Ochrophyta,Phaeophyceae,Ectocarpales,Ectocarpaceae,Ectocarpus,Ectocarpus siliculosus,Ochrophyta_Phaeophyceae_Ectocarpales_Ectocarpaceae_Ectocarpus_Ectocarpus siliculosus,2
SCL16992,Ochrophyta,Phaeophyceae,Ectocarpales,Scytosiphonaceae,,,Ochrophyta_Phaeophyceae_Ectocarpales_Scytosiphonaceae__,2
PTM 1550,Ochrophyta,Phaeophyceae,Ectocarpales,Scytosiphonaceae,Colpomenia,Colpomenia bullosa,Ochrophyta_Phaeophyceae_Ectocarpales_Scytosiphonaceae_Colpomenia_Colpomenia bullosa,2
PTM-1653,Ochrophyta,Phaeophyceae,Fucales,Sargassaceae,Stephanocystis,Stephanocystis geminata,Ochrophyta_Phaeophyceae_Fucales_Sargassaceae_Stephanocystis_Stephanocystis geminata,2
MAL_593,Ochrophyta,Phaeophyceae,Laminariales,Agaraceae,Costaria,,Ochrophyta_Phaeophyceae_Laminariales_Agaraceae_Costaria_,2
MAL_494,Ochrophyta,Phaeophyceae,Laminariales,Alariaceae,Alaria,Alaria marginata,Ochrophyta_Phaeophyceae_Laminariales_Alariaceae_Alaria_Alaria marginata,2
SCL15310,Ochrophyta,Phaeophyceae,Laminariales,Laminariaceae,Macrocystis,Macrocystis pyrifera,Ochrophyta_Phaeophyceae_Laminariales_Laminariaceae_Macrocystis_Macrocystis pyrifera,2
SCL15262,Rhodophyta,Bangiophyceae,Bangiales,Bangiaceae,Pyropia,Pyropia abbottiae,Rhodophyta_Bangiophyceae_Bangiales_Bangiaceae_Pyropia_Pyropia abbottiae,2
SCL15263,Rhodophyta,Bangiophyceae,Bangiales,Bangiaceae,Pyropia,Pyropia fallax,Rhodophyta_Bangiophyceae_Bangiales_Bangiaceae_Pyropia_Pyropia fallax,2
SCL15332,Rhodophyta,Bangiophyceae,Bangiales,Bangiaceae,Pyropia,Pyropia nereocystis,Rhodophyta_Bangiophyceae_Bangiales_Bangiaceae_Pyropia_Pyropia nereocystis,2
SCL9772.2,Rhodophyta,Florideophyceae,Ahnfeltiales,Ahnfeltiaceae,Ahnfeltia,,Rhodophyta_Florideophyceae_Ahnfeltiales_Ahnfeltiaceae_Ahnfeltia_,2
SCL16346,Rhodophyta,Florideophyceae,Bonnemaisoniales,Bonnemaisoniaceae,Bonnemaisonia,Bonnemaisonia californica,Rhodophyta_Florideophyceae_Bonnemaisoniales_Bonnemaisoniaceae_Bonnemaisonia_Bonnemaisonia californica,2
MAL_222,Rhodophyta,Florideophyceae,Ceramiales,Ceramiaceae,Antithamnionella,Antithamnionella floccosa,Rhodophyta_Florideophyceae_Ceramiales_Ceramiaceae_Antithamnionella_Antithamnionella floccosa,2
PTM-1644,Rhodophyta,Florideophyceae,Ceramiales,Ceramiaceae,Ceramium,Ceramium gardneri,Rhodophyta_Florideophyceae_Ceramiales_Ceramiaceae_Ceramium_Ceramium gardneri,2
PTM-1607,Rhodophyta,Florideophyceae,Ceramiales,Ceramiaceae,Microcladia,Microcladia coulteri,Rhodophyta_Florideophyceae_Ceramiales_Ceramiaceae_Microcladia_Microcladia coulteri,2
SCL17113,Rhodophyta,Florideophyceae,Ceramiales,Ceramiaceae,Pterothamnion,Pterothamnion villosum,Rhodophyta_Florideophyceae_Ceramiales_Ceramiaceae_Pterothamnion_Pterothamnion villosum,2
SCL16022,Rhodophyta,Florideophyceae,Ceramiales,Ceramiaceae,Scagelia,Scagelia americana,Rhodophyta_Florideophyceae_Ceramiales_Ceramiaceae_Scagelia_Scagelia americana,2
SCL17256B,Rhodophyta,Florideophyceae,Ceramiales,Delesseriaceae,Cumathamnion,Cumathamnion decipiens,Rhodophyta_Florideophyceae_Ceramiales_Delesseriaceae_Cumathamnion_Cumathamnion decipiens,2
PTM-1695,Rhodophyta,Florideophyceae,Ceramiales,Delesseriaceae,Heterosiphonia,Heterosiphonia densiuscula,Rhodophyta_Florideophyceae_Ceramiales_Delesseriaceae_Heterosiphonia_Heterosiphonia densiuscula,2
SCL16979,Rhodophyta,Florideophyceae,Ceramiales,Delesseriaceae,Membranoptera,Membranoptera platyphylla,Rhodophyta_Florideophyceae_Ceramiales_Delesseriaceae_Membranoptera_Membranoptera platyphylla,2
SCL16169,Rhodophyta,Florideophyceae,Ceramiales,Delesseriaceae,Membranoptera,Membranoptera spinulosa,Rhodophyta_Florideophyceae_Ceramiales_Delesseriaceae_Membranoptera_Membranoptera spinulosa,2
SCL17051,Rhodophyta,Florideophyceae,Ceramiales,Delesseriaceae,Platysiphonia,Platysiphonia decumbens,Rhodophyta_Florideophyceae_Ceramiales_Delesseriaceae_Platysiphonia_Platysiphonia decumbens,2
PTM-1652,Rhodophyta,Florideophyceae,Ceramiales,Delesseriaceae,Rhodoptilum,Rhodoptilum plumosum,Rhodophyta_Florideophyceae_Ceramiales_Delesseriaceae_Rhodoptilum_Rhodoptilum plumosum,2
SCL17147,Rhodophyta,Florideophyceae,Ceramiales,Rhodomelaceae,Herposiphonia,Herposiphonia plumula,Rhodophyta_Florideophyceae_Ceramiales_Rhodomelaceae_Herposiphonia_Herposiphonia plumula,2
SCL17405,Rhodophyta,Florideophyceae,Ceramiales,Rhodomelaceae,Neorhodomela,,Rhodophyta_Florideophyceae_Ceramiales_Rhodomelaceae_Neorhodomela_,2
SCL10662,Rhodophyta,Florideophyceae,Ceramiales,Rhodomelaceae,Odonthalia,Odonthalia lyallii,Rhodophyta_Florideophyceae_Ceramiales_Rhodomelaceae_Odonthalia_Odonthalia lyallii,2
SCL13561,Rhodophyta,Florideophyceae,Ceramiales,Rhodomelaceae,Odonthalia,Odonthalia setacea,Rhodophyta_Florideophyceae_Ceramiales_Rhodomelaceae_Odonthalia_Odonthalia setacea,2
SCL17356,Rhodophyta,Florideophyceae,Ceramiales,Rhodomelaceae,Polysiphonia,Polysiphonia brodiei,Rhodophyta_Florideophyceae_Ceramiales_Rhodomelaceae_Polysiphonia_Polysiphonia brodiei,2
PTM1935,Rhodophyta,Florideophyceae,Ceramiales,Rhodomelaceae,Polysiphonia,Polysiphonia stricta,Rhodophyta_Florideophyceae_Ceramiales_Rhodomelaceae_Polysiphonia_Polysiphonia stricta,2
SCL16426.2,Rhodophyta,Florideophyceae,Ceramiales,Rhodomelaceae,Rhodomela,Rhodomela tenuissima,Rhodophyta_Florideophyceae_Ceramiales_Rhodomelaceae_Rhodomela_Rhodomela tenuissima,2
SCL15964,Rhodophyta,Florideophyceae,Ceramiales,Rhodomelaceae,Savoiea,Savoiea bipinnata,Rhodophyta_Florideophyceae_Ceramiales_Rhodomelaceae_Savoiea_Savoiea bipinnata,2
SCL17412,Rhodophyta,Florideophyceae,Ceramiales,Rhodomelaceae,Symphyocladia,Symphyocladia dendroidea,Rhodophyta_Florideophyceae_Ceramiales_Rhodomelaceae_Symphyocladia_Symphyocladia dendroidea,2
SCL17109.2,Rhodophyta,Florideophyceae,Ceramiales,Wrangeliaceae,Griffithsia,Griffithsia pacifica,Rhodophyta_Florideophyceae_Ceramiales_Wrangeliaceae_Griffithsia_Griffithsia pacifica,2
PTM-1688,Rhodophyta,Florideophyceae,Corallinales,Corallinaceae,Bossiella,Bossiella reptans,Rhodophyta_Florideophyceae_Corallinales_Corallinaceae_Bossiella_Bossiella reptans,2
PTM-1597,Rhodophyta,Florideophyceae,Corallinales,Corallinaceae,Chiharaea,Chiharaea americana,Rhodophyta_Florideophyceae_Corallinales_Corallinaceae_Chiharaea_Chiharaea americana,2
SCL17195,Rhodophyta,Florideophyceae,Corallinales,Corallinaceae,Corallina,Corallina officinalis,Rhodophyta_Florideophyceae_Corallinales_Corallinaceae_Corallina_Corallina officinalis,2
SCL17040,Rhodophyta,Florideophyceae,Gelidiales,Gelidiaceae,Gelidium,Gelidium purpurascens,Rhodophyta_Florideophyceae_Gelidiales_Gelidiaceae_Gelidium_Gelidium purpurascens,2
SCL12089,Rhodophyta,Florideophyceae,Gigartinales,Dumontiaceae,Dumontia,Dumontia alaskana,Rhodophyta_Florideophyceae_Gigartinales_Dumontiaceae_Dumontia_Dumontia alaskana,2
SCL17001,Rhodophyta,Florideophyceae,Gigartinales,Dumontiaceae,Pikea,Pikea californica,Rhodophyta_Florideophyceae_Gigartinales_Dumontiaceae_Pikea_Pikea californica,2
SCL17410,Rhodophyta,Florideophyceae,Gigartinales,Furcellariaceae,Opuntiella,,Rhodophyta_Florideophyceae_Gigartinales_Furcellariaceae_Opuntiella_,2
SCL16975,Rhodophyta,Florideophyceae,Gigartinales,Gigartinaceae,Chondracanthus,Chondracanthus corymbiferus,Rhodophyta_Florideophyceae_Gigartinales_Gigartinaceae_Chondracanthus_Chondracanthus corymbiferus,2
SCL16963,Rhodophyta,Florideophyceae,Gigartinales,Gigartinaceae,Mazzaella,Mazzaella californica,Rhodophyta_Florideophyceae_Gigartinales_Gigartinaceae_Mazzaella_Mazzaella californica,2
SCL17020,Rhodophyta,Florideophyceae,Gigartinales,Gigartinaceae,Mazzaella,Mazzaella dewreedei,Rhodophyta_Florideophyceae_Gigartinales_Gigartinaceae_Mazzaella_Mazzaella dewreedei,2
SCL17319,Rhodophyta,Florideophyceae,Gigartinales,Gigartinaceae,Mazzaella,Mazzaella oregona,Rhodophyta_Florideophyceae_Gigartinales_Gigartinaceae_Mazzaella_Mazzaella oregona,2
MAL_201,Rhodophyta,Florideophyceae,Gigartinales,Gigartinaceae,Mazzaella,Mazzaella splendens,Rhodophyta_Florideophyceae_Gigartinales_Gigartinaceae_Mazzaella_Mazzaella splendens,2
SCL17071,Rhodophyta,Florideophyceae,Gigartinales,Gloiosiphoniaceae,Gloiosiphonia,Gloiosiphonia verticillaris,Rhodophyta_Florideophyceae_Gigartinales_Gloiosiphoniaceae_Gloiosiphonia_Gloiosiphonia verticillaris,2
SCL13521,Rhodophyta,Florideophyceae,Gigartinales,Kallymeniaceae,Cirrulicarpus,Cirrulicarpus ruprechtianus,Rhodophyta_Florideophyceae_Gigartinales_Kallymeniaceae_Cirrulicarpus_Cirrulicarpus ruprechtianus,2
SCL16840,Rhodophyta,Florideophyceae,Gigartinales,Kallymeniaceae,Salishia,,Rhodophyta_Florideophyceae_Gigartinales_Kallymeniaceae_Salishia_,2
SCL16977,Rhodophyta,Florideophyceae,Gigartinales,Kallymeniaceae,Salishia,Salishia sanguinea,Rhodophyta_Florideophyceae_Gigartinales_Kallymeniaceae_Salishia_Salishia sanguinea,2
SCL16925,Rhodophyta,Florideophyceae,Gigartinales,Phyllophoraceae,Mastocarpus,Mastocarpus agardhii,Rhodophyta_Florideophyceae_Gigartinales_Phyllophoraceae_Mastocarpus_Mastocarpus agardhii,2
PTM-1651,Rhodophyta,Florideophyceae,Gigartinales,Solieriaceae,Sarcodiotheca,Sarcodiotheca furcata,Rhodophyta_Florideophyceae_Gigartinales_Solieriaceae_Sarcodiotheca_Sarcodiotheca furcata,2
SCL17372,Rhodophyta,Florideophyceae,Gracilariales,Gracilariaceae,Gracilaria,Gracilaria pacifica,Rhodophyta_Florideophyceae_Gracilariales_Gracilariaceae_Gracilaria_Gracilaria pacifica,2
PTM-1681,Rhodophyta,Florideophyceae,Gracilariales,Gracilariaceae,Gracilariophila,Gracilariophila oryzoides,Rhodophyta_Florideophyceae_Gracilariales_Gracilariaceae_Gracilariophila_Gracilariophila oryzoides,2
SCL17357,Rhodophyta,Florideophyceae,Halymeniales,Halymeniaceae,Grateloupia,Grateloupia californica,Rhodophyta_Florideophyceae_Halymeniales_Halymeniaceae_Grateloupia_Grateloupia californica,2
MAL_279,Rhodophyta,Florideophyceae,Palmariales,Palmariaceae,Palmaria,Palmaria hecatensis,Rhodophyta_Florideophyceae_Palmariales_Palmariaceae_Palmaria_Palmaria hecatensis,2
PTM-1649,Rhodophyta,Florideophyceae,Peyssonneliales,Peyssonneliaceae,Peyssonnelia,Peyssonnelia sp.,Rhodophyta_Florideophyceae_Peyssonneliales_Peyssonneliaceae_Peyssonnelia_Peyssonnelia sp.,2
MAL_176,Rhodophyta,Florideophyceae,Rhodymeniales,Champiaceae,Neogastroclonium,Neogastroclonium subarticulatum,Rhodophyta_Florideophyceae_Rhodymeniales_Champiaceae_Neogastroclonium_Neogastroclonium subarticulatum,2
SCL17110,Rhodophyta,Florideophyceae,Rhodymeniales,Faucheaceae,Gloiocladia,Gloiocladia fryeana,Rhodophyta_Florideophyceae_Rhodymeniales_Faucheaceae_Gloiocladia_Gloiocladia fryeana,2
PTM-1609,Rhodophyta,Florideophyceae,Rhodymeniales,Rhodymeniaceae,Rhodymenia,Rhodymenia sp.,Rhodophyta_Florideophyceae_Rhodymeniales_Rhodymeniaceae_Rhodymenia_Rhodymenia sp.,2
MAL_566,Chlorophyta,,,,,,Chlorophyta_____,3
SCL15613B,Chlorophyta,Trebouxiophyceae,Prasiolales,Prasiolaceae,Prasiola,Prasiola delicata,Chlorophyta_Trebouxiophyceae_Prasiolales_Prasiolaceae_Prasiola_Prasiola delicata,3
SCL17167,Chlorophyta,Ulvophyceae,Bryopsidales,Codiaceae,Codium,Codium setchellii,Chlorophyta_Ulvophyceae_Bryopsidales_Codiaceae_Codium_Codium setchellii,3
SCL9755,Chlorophyta,Ulvophyceae,Cladophorales,Cladophoraceae,Chaetomorpha,Chaetomorpha melagonium,Chlorophyta_Ulvophyceae_Cladophorales_Cladophoraceae_Chaetomorpha_Chaetomorpha melagonium,3
MAL_528,Chlorophyta,Ulvophyceae,Ulotrichales,Ulotrichaceae,Acrosiphonia,Acrosiphonia arcta,Chlorophyta_Ulvophyceae_Ulotrichales_Ulotrichaceae_Acrosiphonia_Acrosiphonia arcta,3
SCL16778,Chlorophyta,Ulvophyceae,Ulvales,Ulvaceae,Ulva,Ulva intestinalis,Chlorophyta_Ulvophyceae_Ulvales_Ulvaceae_Ulva_Ulva intestinalis,3
SCL17363,Chlorophyta,Ulvophyceae,Ulvales,Ulvaceae,Ulva,Ulva prolifera,Chlorophyta_Ulvophyceae_Ulvales_Ulvaceae_Ulva_Ulva prolifera,3
PTM-1580,Ochrophyta,Phaeophyceae,Desmarestiales,Desmarestiaceae,Desmarestia,Desmarestia latissima,Ochrophyta_Phaeophyceae_Desmarestiales_Desmarestiaceae_Desmarestia_Desmarestia latissima,3
PTM1727,Ochrophyta,Phaeophyceae,Ectocarpales,Acinetosporaceae,Pylaiella,Pylaiella littoralis,Ochrophyta_Phaeophyceae_Ectocarpales_Acinetosporaceae_Pylaiella_Pylaiella littoralis,3
SCL17043,Ochrophyta,Phaeophyceae,Ectocarpales,Dictyosiphonaceae,Dictyosiphon,Dictyosiphon sinicola,Ochrophyta_Phaeophyceae_Ectocarpales_Dictyosiphonaceae_Dictyosiphon_Dictyosiphon sinicola,3
SCL16944,Ochrophyta,Phaeophyceae,Ectocarpales,Elachistaceae,Elachista,Elachista fucicola,Ochrophyta_Phaeophyceae_Ectocarpales_Elachistaceae_Elachista_Elachista fucicola,3
PTM1760,Ochrophyta,Phaeophyceae,Ectocarpales,Punctariaceae,Soranthera,Soranthera ulvoidea,Ochrophyta_Phaeophyceae_Ectocarpales_Punctariaceae_Soranthera_Soranthera ulvoidea,3
SCL17052,Ochrophyta,Phaeophyceae,Ectocarpales,Scytosiphonaceae,Colpomenia,Colpomenia peregrina,Ochrophyta_Phaeophyceae_Ectocarpales_Scytosiphonaceae_Colpomenia_Colpomenia peregrina,3
SCL17026,Ochrophyta,Phaeophyceae,Ectocarpales,Scytosiphonaceae,Melanosiphon,Melanosiphon intestinalis,Ochrophyta_Phaeophyceae_Ectocarpales_Scytosiphonaceae_Melanosiphon_Melanosiphon intestinalis,3
MAL_527,Ochrophyta,Phaeophyceae,Laminariales,Alariaceae,Alaria,,Ochrophyta_Phaeophyceae_Laminariales_Alariaceae_Alaria_,3
SCL17232,Ochrophyta,Phaeophyceae,Laminariales,Laminariaceae,Laminaria,Laminaria yezoensis,Ochrophyta_Phaeophyceae_Laminariales_Laminariaceae_Laminaria_Laminaria yezoensis,3
SCL15324,Ochrophyta,Phaeophyceae,Laminariales,Laminariaceae,Nereocystis,Nereocystis luetkeana,Ochrophyta_Phaeophyceae_Laminariales_Laminariaceae_Nereocystis_Nereocystis luetkeana,3
SCL17039,Ochrophyta,Phaeophyceae,Laminariales,Laminariaceae,Saccharina,Saccharina latissima,Ochrophyta_Phaeophyceae_Laminariales_Laminariaceae_Saccharina_Saccharina latissima,3
MAL_300,Ochrophyta,Phaeophyceae,Ralfsiales,Ralfsiaceae,Analipus,Analipus japonicus,Ochrophyta_Phaeophyceae_Ralfsiales_Ralfsiaceae_Analipus_Analipus japonicus,3
SCL15270,Rhodophyta,Bangiophyceae,Bangiales,Bangiaceae,Bangia,,Rhodophyta_Bangiophyceae_Bangiales_Bangiaceae_Bangia_,3
MAL_475,Rhodophyta,Bangiophyceae,Bangiales,Bangiaceae,Pyropia,Pyropia torta,Rhodophyta_Bangiophyceae_Bangiales_Bangiaceae_Pyropia_Pyropia torta,3
SCL17169,Rhodophyta,Bangiophyceae,Bangiales,Bangiaceae,Wildemania,Wildemania occidentalis,Rhodophyta_Bangiophyceae_Bangiales_Bangiaceae_Wildemania_Wildemania occidentalis,3
SCL16937,Rhodophyta,Compsopogonophyceae,Erythropeltidales,Erythrotrichiaceae,Smithora,Smithora naiadum,Rhodophyta_Compsopogonophyceae_Erythropeltidales_Erythrotrichiaceae_Smithora_Smithora naiadum,3
SCL14976,Rhodophyta,Florideophyceae,Acrochaetiales,Rhodochortonaceae,Rhodochorton,Rhodochorton purpureum,Rhodophyta_Florideophyceae_Acrochaetiales_Rhodochortonaceae_Rhodochorton_Rhodochorton purpureum,3
SCL16958,Rhodophyta,Florideophyceae,Ceramiales,Ceramiaceae,Microcladia,Microcladia borealis,Rhodophyta_Florideophyceae_Ceramiales_Ceramiaceae_Microcladia_Microcladia borealis,3
SCL17010,Rhodophyta,Florideophyceae,Ceramiales,Ceramiaceae,Scagelia,Scagelia occidentale,Rhodophyta_Florideophyceae_Ceramiales_Ceramiaceae_Scagelia_Scagelia occidentale,3
SCL17130,Rhodophyta,Florideophyceae,Ceramiales,Delesseriaceae,Haraldiophyllum,Haraldiophyllum mirable,Rhodophyta_Florideophyceae_Ceramiales_Delesseriaceae_Haraldiophyllum_Haraldiophyllum mirable,3
SCL16773,Rhodophyta,Florideophyceae,Ceramiales,Delesseriaceae,Phycodrys,Phycodrys fimbriata,Rhodophyta_Florideophyceae_Ceramiales_Delesseriaceae_Phycodrys_Phycodrys fimbriata,3
SCL16794,Rhodophyta,Florideophyceae,Ceramiales,Delesseriaceae,Tokidadendron,Tokidadendron bullatum,Rhodophyta_Florideophyceae_Ceramiales_Delesseriaceae_Tokidadendron_Tokidadendron bullatum,3
PTM1963,Rhodophyta,Florideophyceae,Ceramiales,Rhodomelaceae,Leptosiphonia,Leptosiphonia brodiei,Rhodophyta_Florideophyceae_Ceramiales_Rhodomelaceae_Leptosiphonia_Leptosiphonia brodiei,3
SCL17009,Rhodophyta,Florideophyceae,Ceramiales,Rhodomelaceae,Polysiphonia,Polysiphonia hendryi,Rhodophyta_Florideophyceae_Ceramiales_Rhodomelaceae_Polysiphonia_Polysiphonia hendryi,3
SCL15991,Rhodophyta,Florideophyceae,Ceramiales,Rhodomelaceae,Savoiea,Savoiea hamata,Rhodophyta_Florideophyceae_Ceramiales_Rhodomelaceae_Savoiea_Savoiea hamata,3
SCL17096,Rhodophyta,Florideophyceae,Ceramiales,Wrangeliaceae,Pleonosporium,Pleonosporium vancouverianum,Rhodophyta_Florideophyceae_Ceramiales_Wrangeliaceae_Pleonosporium_Pleonosporium vancouverianum,3
SCL17384,Rhodophyta,Florideophyceae,Ceramiales,Wrangeliaceae,Ptilota,Ptilota serrata,Rhodophyta_Florideophyceae_Ceramiales_Wrangeliaceae_Ptilota_Ptilota serrata,3
PTM-1591,Rhodophyta,Florideophyceae,Corallinales,Corallinaceae,Bossiella,Bossiella hakaiensis,Rhodophyta_Florideophyceae_Corallinales_Corallinaceae_Bossiella_Bossiella hakaiensis,3
PTM-1646,Rhodophyta,Florideophyceae,Corallinales,Corallinaceae,Bossiella,Bossiella schmittii,Rhodophyta_Florideophyceae_Corallinales_Corallinaceae_Bossiella_Bossiella schmittii,3
PTM1729,Rhodophyta,Florideophyceae,Corallinales,Corallinaceae,Bossiella,Bossiella sp. 2chiloensis,Rhodophyta_Florideophyceae_Corallinales_Corallinaceae_Bossiella_Bossiella sp. 2chiloensis,3
MAL_373,Rhodophyta,Florideophyceae,Corallinales,Corallinaceae,Corallina,,Rhodophyta_Florideophyceae_Corallinales_Corallinaceae_Corallina_,3
PTM-1598,Rhodophyta,Florideophyceae,Corallinales,Corallinaceae,Crusticorallina,Crusticorallina adhaerens,Rhodophyta_Florideophyceae_Corallinales_Corallinaceae_Crusticorallina_Crusticorallina adhaerens,3
SCL16942,Rhodophyta,Florideophyceae,Gelidiales,Pterocladiaceae,Pterocladiella,Pterocladiella caloglossoides,Rhodophyta_Florideophyceae_Gelidiales_Pterocladiaceae_Pterocladiella_Pterocladiella caloglossoides,3
SCL17004,Rhodophyta,Florideophyceae,Gigartinales,Kallymeniaceae,Callophyllis,Callophyllis crenulata,Rhodophyta_Florideophyceae_Gigartinales_Kallymeniaceae_Callophyllis_Callophyllis crenulata,3
SCL17172,Rhodophyta,Florideophyceae,Gigartinales,Kallymeniaceae,Callophyllis,Callophyllis flabellulata,Rhodophyta_Florideophyceae_Gigartinales_Kallymeniaceae_Callophyllis_Callophyllis flabellulata,3
SCL17073,Rhodophyta,Florideophyceae,Gigartinales,Kallymeniaceae,Callophyllis,Callophyllis pinnata,Rhodophyta_Florideophyceae_Gigartinales_Kallymeniaceae_Callophyllis_Callophyllis pinnata,3
SCL17098,Rhodophyta,Florideophyceae,Gigartinales,Kallymeniaceae,Pugetia,,Rhodophyta_Florideophyceae_Gigartinales_Kallymeniaceae_Pugetia_,3
PTM-1699,Rhodophyta,Florideophyceae,Gigartinales,Phyllophoraceae,Mastocarpus,Mastocarpus latissimus,Rhodophyta_Florideophyceae_Gigartinales_Phyllophoraceae_Mastocarpus_Mastocarpus latissimus,3
SCL16943,Rhodophyta,Florideophyceae,Gigartinales,Phyllophoraceae,Mastocarpus,Mastocarpus pachenicus,Rhodophyta_Florideophyceae_Gigartinales_Phyllophoraceae_Mastocarpus_Mastocarpus pachenicus,3
SCL17031,Rhodophyta,Florideophyceae,Halymeniales,Halymeniaceae,Prionitis,,Rhodophyta_Florideophyceae_Halymeniales_Halymeniaceae_Prionitis_,3
PTM-1589,Rhodophyta,Florideophyceae,Hapalidiales,Hapalidiaceae,Neopolyporolithon,Neopolyporolithon reclinatum,Rhodophyta_Florideophyceae_Hapalidiales_Hapalidiaceae_Neopolyporolithon_Neopolyporolithon reclinatum,3
PTM-1582,Rhodophyta,Florideophyceae,Nemaliales,Scinaiaceae,Scinaia,Scinaia confusa,Rhodophyta_Florideophyceae_Nemaliales_Scinaiaceae_Scinaia_Scinaia confusa,3
SCL13489,Rhodophyta,Florideophyceae,Nemastomatales,Schizymeniaceae,Schizymenia,,Rhodophyta_Florideophyceae_Nemastomatales_Schizymeniaceae_Schizymenia_,3
SCL17141,Rhodophyta,Florideophyceae,Palmariales,Palmariaceae,Halosaccion,Halosaccion glandiforme,Rhodophyta_Florideophyceae_Palmariales_Palmariaceae_Halosaccion_Halosaccion glandiforme,3
SCL16964,Rhodophyta,Florideophyceae,Plocamiales,Plocamiaceae,Plocamium,Plocamium pacificum,Rhodophyta_Florideophyceae_Plocamiales_Plocamiaceae_Plocamium_Plocamium pacificum,3
MAL_271,Rhodophyta,Florideophyceae,Plocamiales,Plocamiaceae,Plocamium,Plocamium violaceum,Rhodophyta_Florideophyceae_Plocamiales_Plocamiaceae_Plocamium_Plocamium violaceum,3
SCL17329,Chlorophyta,Trebouxiophyceae,Prasiolales,Prasiolaceae,Prasiola,,Chlorophyta_Trebouxiophyceae_Prasiolales_Prasiolaceae_Prasiola_,4
SCL13545,Chlorophyta,Ulvophyceae,Ulotrichales,Monostromataceae,Monostroma,Monostroma grevillei,Chlorophyta_Ulvophyceae_Ulotrichales_Monostromataceae_Monostroma_Monostroma grevillei,4
SCL17235,Ochrophyta,Phaeophyceae,Desmarestiales,Desmarestiaceae,Desmarestia,Desmarestia herbacea,Ochrophyta_Phaeophyceae_Desmarestiales_Desmarestiaceae_Desmarestia_Desmarestia herbacea,4
PTM-1579,Ochrophyta,Phaeophyceae,Desmarestiales,Desmarestiaceae,Desmarestia,Desmarestia ligulata,Ochrophyta_Phaeophyceae_Desmarestiales_Desmarestiaceae_Desmarestia_Desmarestia ligulata,4
SCL17055,Ochrophyta,Phaeophyceae,Desmarestiales,Desmarestiaceae,Desmarestia,Desmarestia viridis,Ochrophyta_Phaeophyceae_Desmarestiales_Desmarestiaceae_Desmarestia_Desmarestia viridis,4
SCL16936,Ochrophyta,Phaeophyceae,Ectocarpales,Chordariaceae,Saundersella,Saundersella simplex,Ochrophyta_Phaeophyceae_Ectocarpales_Chordariaceae_Saundersella_Saundersella simplex,4
SCL17119,Ochrophyta,Phaeophyceae,Ectocarpales,Ectocarpaceae,Ectocarpus,,Ochrophyta_Phaeophyceae_Ectocarpales_Ectocarpaceae_Ectocarpus_,4
PTM 1574,Ochrophyta,Phaeophyceae,Ectocarpales,Scytosiphonaceae,Petalonia,,Ochrophyta_Phaeophyceae_Ectocarpales_Scytosiphonaceae_Petalonia_,4
PTM 1715,Ochrophyta,Phaeophyceae,Ectocarpales,Scytosiphonaceae,Scytosiphon,,Ochrophyta_Phaeophyceae_Ectocarpales_Scytosiphonaceae_Scytosiphon_,4
MAL_119,Ochrophyta,Phaeophyceae,Fucales,Fucaceae,Fucus,Fucus distichus,Ochrophyta_Phaeophyceae_Fucales_Fucaceae_Fucus_Fucus distichus,4
SCL17045,Ochrophyta,Phaeophyceae,Laminariales,Agaraceae,Dictyoneurum,Dictyoneurum reticulatum,Ochrophyta_Phaeophyceae_Laminariales_Agaraceae_Dictyoneurum_Dictyoneurum reticulatum,4
SCL16924,Ochrophyta,Phaeophyceae,Laminariales,Arthrothamnaceae,,,Ochrophyta_Phaeophyceae_Laminariales_Arthrothamnaceae__,4
PTM-1690,Ochrophyta,Phaeophyceae,Laminariales,Laminariaceae,Saccharina,Saccharina groenlandica,Ochrophyta_Phaeophyceae_Laminariales_Laminariaceae_Saccharina_Saccharina groenlandica,4
MAL_534,Ochrophyta,Phaeophyceae,Laminariales,Lessoniaceae,Egregia,,Ochrophyta_Phaeophyceae_Laminariales_Lessoniaceae_Egregia_,4
MAL_52,Ochrophyta,Phaeophyceae,Ralfsiales,Ralfsiaceae,Analipus,,Ochrophyta_Phaeophyceae_Ralfsiales_Ralfsiaceae_Analipus_,4
SCL17028,Ochrophyta,Phaeophyceae,Sphacelariales,Phaeostrophiaceae,Phaeostrophion,Phaeostrophion irregulare,Ochrophyta_Phaeophyceae_Sphacelariales_Phaeostrophiaceae_Phaeostrophion_Phaeostrophion irregulare,4
SCL17358,Rhodophyta,Bangiophyceae,Bangiales,Bangiaceae,Wildemania,Wildemania cuneiformis,Rhodophyta_Bangiophyceae_Bangiales_Bangiaceae_Wildemania_Wildemania cuneiformis,4
SCL16957,Rhodophyta,Florideophyceae,Ceramiales,Ceramiaceae,Antithamnionella,Antithamnionella pacifica,Rhodophyta_Florideophyceae_Ceramiales_Ceramiaceae_Antithamnionella_Antithamnionella pacifica,4
PTM1888,Rhodophyta,Florideophyceae,Ceramiales,Ceramiaceae,Ceramium,,Rhodophyta_Florideophyceae_Ceramiales_Ceramiaceae_Ceramium_,4
SCL17005,Rhodophyta,Florideophyceae,Ceramiales,Delesseriaceae,Cryptopleura,Cryptopleura ruprechtiana,Rhodophyta_Florideophyceae_Ceramiales_Delesseriaceae_Cryptopleura_Cryptopleura ruprechtiana,4
MAL_140,Rhodophyta,Florideophyceae,Ceramiales,Delesseriaceae,Polyneura,Polyneura latissima,Rhodophyta_Florideophyceae_Ceramiales_Delesseriaceae_Polyneura_Polyneura latissima,4
SCL17025,Rhodophyta,Florideophyceae,Ceramiales,Rhodomelaceae,Neorhodomela,Neorhodomela oregona,Rhodophyta_Florideophyceae_Ceramiales_Rhodomelaceae_Neorhodomela_Neorhodomela oregona,4
SCL15962,Rhodophyta,Florideophyceae,Ceramiales,Rhodomelaceae,Odonthalia,Odonthalia kamtschatica,Rhodophyta_Florideophyceae_Ceramiales_Rhodomelaceae_Odonthalia_Odonthalia kamtschatica,4
SCL16993,Rhodophyta,Florideophyceae,Ceramiales,Rhodomelaceae,Polyostea,,Rhodophyta_Florideophyceae_Ceramiales_Rhodomelaceae_Polyostea_,4
PTM1972,Rhodophyta,Florideophyceae,Ceramiales,Rhodomelaceae,Savoiea,Savoiea robusta,Rhodophyta_Florideophyceae_Ceramiales_Rhodomelaceae_Savoiea_Savoiea robusta,4
SCL17022,Rhodophyta,Florideophyceae,Corallinales,Corallinaceae,,,Rhodophyta_Florideophyceae_Corallinales_Corallinaceae__,4
PTM-1648,Rhodophyta,Florideophyceae,Corallinales,Corallinaceae,Coralline,Coralline crust,Rhodophyta_Florideophyceae_Corallinales_Corallinaceae_Coralline_Coralline crust,4
SCL17332,Rhodophyta,Florideophyceae,Gelidiales,Gelidiaceae,Gelidium,Gelidium coulteri,Rhodophyta_Florideophyceae_Gelidiales_Gelidiaceae_Gelidium_Gelidium coulteri,4
PTM1938,Rhodophyta,Florideophyceae,Gigartinales,Gigartinaceae,Chondracanthus,Chondracanthus exasperatus,Rhodophyta_Florideophyceae_Gigartinales_Gigartinaceae_Chondracanthus_Chondracanthus exasperatus,4
SCL17095,Rhodophyta,Florideophyceae,Gigartinales,Kallymeniaceae,Euthora,Euthora cristata,Rhodophyta_Florideophyceae_Gigartinales_Kallymeniaceae_Euthora_Euthora cristata,4
SCL16926,Rhodophyta,Florideophyceae,Gigartinales,Kallymeniaceae,Salishia,Salishia firma,Rhodophyta_Florideophyceae_Gigartinales_Kallymeniaceae_Salishia_Salishia firma,4
SCL17000,Rhodophyta,Florideophyceae,Gigartinales,Solieriaceae,Sarcodiotheca,Sarcodiotheca gaudichaudii,Rhodophyta_Florideophyceae_Gigartinales_Solieriaceae_Sarcodiotheca_Sarcodiotheca gaudichaudii,4
PTM-1596,Rhodophyta,Florideophyceae,Hapalidiales,Hapalidiaceae,Lithothamnion,Lithothamnion phymatodeum,Rhodophyta_Florideophyceae_Hapalidiales_Hapalidiaceae_Lithothamnion_Lithothamnion phymatodeum,4
SCL17203,Rhodophyta,Florideophyceae,Peyssonneliales,Peyssonneliaceae,Peyssonnelia,,Rhodophyta_Florideophyceae_Peyssonneliales_Peyssonneliaceae_Peyssonnelia_,4
SCL17067,Rhodophyta,Florideophyceae,Rhodymeniales,Fryeellaceae,Fryeella,Fryeella gardneri,Rhodophyta_Florideophyceae_Rhodymeniales_Fryeellaceae_Fryeella_Fryeella gardneri,4
PTM-1581,Ochrophyta,Phaeophyceae,Desmarestiales,Desmarestiaceae,Desmarestia,Desmarestia aculeata,Ochrophyta_Phaeophyceae_Desmarestiales_Desmarestiaceae_Desmarestia_Desmarestia aculeata,5
SCL17063,Ochrophyta,Phaeophyceae,Ectocarpales,Scytosiphonaceae,Petalonia,Petalonia fascia,Ochrophyta_Phaeophyceae_Ectocarpales_Scytosiphonaceae_Petalonia_Petalonia fascia,5
SCL17093,Ochrophyta,Phaeophyceae,Laminariales,Agaraceae,Costaria,Costaria costata,Ochrophyta_Phaeophyceae_Laminariales_Agaraceae_Costaria_Costaria costata,5
SCL17016,Ochrophyta,Phaeophyceae,Sphacelariales,Sphacelariaceae,Sphacelaria,Sphacelaria rigidula,Ochrophyta_Phaeophyceae_Sphacelariales_Sphacelariaceae_Sphacelaria_Sphacelaria rigidula,5
PTM-606,Rhodophyta,Florideophyceae,Ceramiales,Ceramiaceae,Pterothamnion,,Rhodophyta_Florideophyceae_Ceramiales_Ceramiaceae_Pterothamnion_,5
PTM1964,Rhodophyta,Florideophyceae,Ceramiales,Rhodomelaceae,Neorhodomela,Neorhodomela aculeata,Rhodophyta_Florideophyceae_Ceramiales_Rhodomelaceae_Neorhodomela_Neorhodomela aculeata,5
SCL17006,Rhodophyta,Florideophyceae,Ceramiales,Rhodomelaceae,Polysiphonia,Polysiphonia paniculata,Rhodophyta_Florideophyceae_Ceramiales_Rhodomelaceae_Polysiphonia_Polysiphonia paniculata,5
PTM-1593,Rhodophyta,Florideophyceae,Corallinales,Corallinaceae,Bossiella,Bossiella californica,Rhodophyta_Florideophyceae_Corallinales_Corallinaceae_Bossiella_Bossiella californica,5
MAL_328,Rhodophyta,Florideophyceae,Corallinales,Corallinaceae,Bossiella,Bossiella frondescens,Rhodophyta_Florideophyceae_Corallinales_Corallinaceae_Bossiella_Bossiella frondescens,5
SCL16020,Rhodophyta,Florideophyceae,Gigartinales,Dumontiaceae,Constantinea,Constantinea rosa-marina,Rhodophyta_Florideophyceae_Gigartinales_Dumontiaceae_Constantinea_Constantinea rosa-marina,5
SCL16959,Rhodophyta,Florideophyceae,Gigartinales,Dumontiaceae,Dilsea,,Rhodophyta_Florideophyceae_Gigartinales_Dumontiaceae_Dilsea_,5
MAL_524,Rhodophyta,Florideophyceae,Gigartinales,Endocladiaceae,Endocladia,Endocladia muricata,Rhodophyta_Florideophyceae_Gigartinales_Endocladiaceae_Endocladia_Endocladia muricata,5
SCL15961,Rhodophyta,Florideophyceae,Gigartinales,Furcellariaceae,Turnerella,Turnerella mertensiana,Rhodophyta_Florideophyceae_Gigartinales_Furcellariaceae_Turnerella_Turnerella mertensiana,5
SCL17229,Rhodophyta,Florideophyceae,Gigartinales,Gigartinaceae,Mazzaella,,Rhodophyta_Florideophyceae_Gigartinales_Gigartinaceae_Mazzaella_,5
SCL17100,Rhodophyta,Florideophyceae,Gigartinales,Kallymeniaceae,,,Rhodophyta_Florideophyceae_Gigartinales_Kallymeniaceae__,5
SCL17094,Chlorophyta,Ulvophyceae,Bryopsidales,Codiaceae,Codium,Codium fragile,Chlorophyta_Ulvophyceae_Bryopsidales_Codiaceae_Codium_Codium fragile,6
MAL_499,Ochrophyta,Phaeophyceae,Ectocarpales,Scytosiphonaceae,Colpomenia,,Ochrophyta_Phaeophyceae_Ectocarpales_Scytosiphonaceae_Colpomenia_,6
SCL16927,Ochrophyta,Phaeophyceae,Ectocarpales,Scytosiphonaceae,Scytosiphon,Scytosiphon lomentaria,Ochrophyta_Phaeophyceae_Ectocarpales_Scytosiphonaceae_Scytosiphon_Scytosiphon lomentaria,6
SCL17042,Ochrophyta,Phaeophyceae,Fucales,Sargassaceae,Sargassum,Sargassum muticum,Ochrophyta_Phaeophyceae_Fucales_Sargassaceae_Sargassum_Sargassum muticum,6
SCL17049,Ochrophyta,Phaeophyceae,Ralfsiales,Ralfsiaceae,Ralfsia,Ralfsia fungiformis,Ochrophyta_Phaeophyceae_Ralfsiales_Ralfsiaceae_Ralfsia_Ralfsia fungiformis,6
MAL_203,Rhodophyta,Bangiophyceae,Bangiales,Bangiaceae,Pyropia,,Rhodophyta_Bangiophyceae_Bangiales_Bangiaceae_Pyropia_,6
PTM-1613,Rhodophyta,Florideophyceae,Ahnfeltiales,Ahnfeltiaceae,Ahnfeltia,Ahnfeltia fastigiata,Rhodophyta_Florideophyceae_Ahnfeltiales_Ahnfeltiaceae_Ahnfeltia_Ahnfeltia fastigiata,6
SCL17013,Rhodophyta,Florideophyceae,Ceramiales,Delesseriaceae,,,Rhodophyta_Florideophyceae_Ceramiales_Delesseriaceae__,6
PTM-1585,Rhodophyta,Florideophyceae,Ceramiales,Rhodomelaceae,Odonthalia,Odonthalia floccosa f. comosa,Rhodophyta_Florideophyceae_Ceramiales_Rhodomelaceae_Odonthalia_Odonthalia floccosa f. comosa,6
SCL17057.2,Rhodophyta,Florideophyceae,Ceramiales,Rhodomelaceae,Osmundea,Osmundea spectabilis,Rhodophyta_Florideophyceae_Ceramiales_Rhodomelaceae_Osmundea_Osmundea spectabilis,6
MAL_144,Rhodophyta,Florideophyceae,Ceramiales,Wrangeliaceae,Ptilota,Ptilota filicina,Rhodophyta_Florideophyceae_Ceramiales_Wrangeliaceae_Ptilota_Ptilota filicina,6
PTM-1600,Rhodophyta,Florideophyceae,Corallinales,Corallinaceae,Calliarthron,Calliarthron tuberculosum,Rhodophyta_Florideophyceae_Corallinales_Corallinaceae_Calliarthron_Calliarthron tuberculosum,6
MAL_551,Rhodophyta,Florideophyceae,Corallinales,Corallinaceae,Pseudolithophyllum,Pseudolithophyllum neofarlowii,Rhodophyta_Florideophyceae_Corallinales_Corallinaceae_Pseudolithophyllum_Pseudolithophyllum neofarlowii,6
SCL16965,Rhodophyta,Florideophyceae,Gigartinales,Dumontiaceae,Constantinea,Constantinea simplex,Rhodophyta_Florideophyceae_Gigartinales_Dumontiaceae_Constantinea_Constantinea simplex,6
SCL17041,Rhodophyta,Florideophyceae,Gigartinales,Dumontiaceae,Constantinea,Constantinea subulifera,Rhodophyta_Florideophyceae_Gigartinales_Dumontiaceae_Constantinea_Constantinea subulifera,6
PTM-1684,Rhodophyta,Florideophyceae,Gigartinales,Dumontiaceae,Neodilsea,Neodilsea borealis,Rhodophyta_Florideophyceae_Gigartinales_Dumontiaceae_Neodilsea_Neodilsea borealis,6
SCL16928,Ochrophyta,Phaeophyceae,Ectocarpales,Leathesiaceae,Leathesia,Leathesia marina,Ochrophyta_Phaeophyceae_Ectocarpales_Leathesiaceae_Leathesia_Leathesia marina,7
SCL17125,Rhodophyta,Florideophyceae,Ceramiales,Ceramiaceae,Ceramium,Ceramium pacificum,Rhodophyta_Florideophyceae_Ceramiales_Ceramiaceae_Ceramium_Ceramium pacificum,7
PTM1928,Rhodophyta,Florideophyceae,Gelidiales,Gelidiaceae,Gelidium,,Rhodophyta_Florideophyceae_Gelidiales_Gelidiaceae_Gelidium_,7
SCL16931,Rhodophyta,Florideophyceae,Gigartinales,Dumontiaceae,Farlowia,Farlowia mollis,Rhodophyta_Florideophyceae_Gigartinales_Dumontiaceae_Farlowia_Farlowia mollis,7
MAL_137,Rhodophyta,Florideophyceae,Gigartinales,Endocladiaceae,Gloiopeltis,Gloiopeltis furcata,Rhodophyta_Florideophyceae_Gigartinales_Endocladiaceae_Gloiopeltis_Gloiopeltis furcata,7
MAL_186,Rhodophyta,Florideophyceae,Gigartinales,Phyllophoraceae,Mastocarpus,Mastocarpus intermedius,Rhodophyta_Florideophyceae_Gigartinales_Phyllophoraceae_Mastocarpus_Mastocarpus intermedius,7
PTM-1634,Rhodophyta,Florideophyceae,Hildenbrandiales,Hildenbrandiaceae,Hildenbrandia,Hildenbrandia occidentalis,Rhodophyta_Florideophyceae_Hildenbrandiales_Hildenbrandiaceae_Hildenbrandia_Hildenbrandia occidentalis,7
PTM-1618,Rhodophyta,Florideophyceae,Hildenbrandiales,Hildenbrandiaceae,Hildenbrandia,Hildenbrandia sp.,Rhodophyta_Florideophyceae_Hildenbrandiales_Hildenbrandiaceae_Hildenbrandia_Hildenbrandia sp.,7
SCL17003,Rhodophyta,Florideophyceae,Rhodymeniales,Rhodymeniaceae,Sparlingia,Sparlingia pertusa,Rhodophyta_Florideophyceae_Rhodymeniales_Rhodymeniaceae_Sparlingia_Sparlingia pertusa,7
SCL17196,Ochrophyta,Phaeophyceae,Laminariales,Laminariaceae,Saccharina,,Ochrophyta_Phaeophyceae_Laminariales_Laminariaceae_Saccharina_,8
MAL_143,Rhodophyta,Bangiophyceae,Bangiales,Bangiaceae,Pyropia,Pyropia perforata,Rhodophyta_Bangiophyceae_Bangiales_Bangiaceae_Pyropia_Pyropia perforata,8
MAL_110,Rhodophyta,Florideophyceae,Ceramiales,Rhodomelaceae,Neorhodomela,Neorhodomela larix,Rhodophyta_Florideophyceae_Ceramiales_Rhodomelaceae_Neorhodomela_Neorhodomela larix,8
PTM-1643,Rhodophyta,Florideophyceae,Ceramiales,Rhodomelaceae,Polysiphonia,Polysiphonia pacifica,Rhodophyta_Florideophyceae_Ceramiales_Rhodomelaceae_Polysiphonia_Polysiphonia pacifica,8
PTM-1592,Rhodophyta,Florideophyceae,Corallinales,Corallinaceae,Bossiella,Bossiella sp.,Rhodophyta_Florideophyceae_Corallinales_Corallinaceae_Bossiella_Bossiella sp.,8
SCL17047,Rhodophyta,Florideophyceae,Gigartinales,Furcellariaceae,Opuntiella,Opuntiella californica,Rhodophyta_Florideophyceae_Gigartinales_Furcellariaceae_Opuntiella_Opuntiella californica,8
SCL17044,Ochrophyta,Phaeophyceae,Ectocarpales,Punctariaceae,Punctaria,,Ochrophyta_Phaeophyceae_Ectocarpales_Punctariaceae_Punctaria_,9
PTM-1617,Rhodophyta,Florideophyceae,,,,,Rhodophyta_Florideophyceae____,9
MAL_163,Rhodophyta,Florideophyceae,Ceramiales,Rhodomelaceae,Odonthalia,Odonthalia floccosa,Rhodophyta_Florideophyceae_Ceramiales_Rhodomelaceae_Odonthalia_Odonthalia floccosa,9
PTM-1663,Rhodophyta,Florideophyceae,Corallinales,,,,Rhodophyta_Florideophyceae_Corallinales___,9
MAL_199,Rhodophyta,Florideophyceae,Gigartinales,Dumontiaceae,Cryptosiphonia,Cryptosiphonia woodii,Rhodophyta_Florideophyceae_Gigartinales_Dumontiaceae_Cryptosiphonia_Cryptosiphonia woodii,9
MAL_157,Rhodophyta,Florideophyceae,Gigartinales,Phyllophoraceae,Mastocarpus,Mastocarpus californianus,Rhodophyta_Florideophyceae_Gigartinales_Phyllophoraceae_Mastocarpus_Mastocarpus californianus,9
MAL_424,Chlorophyta,Ulvophyceae,Ulotrichales,Ulotrichaceae,Acrosiphonia,Acrosiphonia coalita,Chlorophyta_Ulvophyceae_Ulotrichales_Ulotrichaceae_Acrosiphonia_Acrosiphonia coalita,10
SCL17037.2,Rhodophyta,Florideophyceae,Ceramiales,Rhodomelaceae,Polysiphonia,,Rhodophyta_Florideophyceae_Ceramiales_Rhodomelaceae_Polysiphonia_,10
SCL16987,Rhodophyta,Florideophyceae,Gigartinales,Dumontiaceae,Dilsea,Dilsea californica,Rhodophyta_Florideophyceae_Gigartinales_Dumontiaceae_Dilsea_Dilsea californica,10
SCL17002,Rhodophyta,Florideophyceae,Gigartinales,Kallymeniaceae,Kallymeniopsis,,Rhodophyta_Florideophyceae_Gigartinales_Kallymeniaceae_Kallymeniopsis_,10
MAL_194,Rhodophyta,Florideophyceae,Halymeniales,Halymeniaceae,Prionitis,Prionitis sternbergii,Rhodophyta_Florideophyceae_Halymeniales_Halymeniaceae_Prionitis_Prionitis sternbergii,10
SCL17184,Ochrophyta,Phaeophyceae,Laminariales,Laminariaceae,Laminaria,,Ochrophyta_Phaeophyceae_Laminariales_Laminariaceae_Laminaria_,11
SCL17189.2,Rhodophyta,Florideophyceae,Corallinales,Corallinaceae,Bossiella,,Rhodophyta_Florideophyceae_Corallinales_Corallinaceae_Bossiella_,11
SCL16962,Rhodophyta,Florideophyceae,Nemastomatales,Schizymeniaceae,Schizymenia,Schizymenia pacifica,Rhodophyta_Florideophyceae_Nemastomatales_Schizymeniaceae_Schizymenia_Schizymenia pacifica,11
SCL16933.2,Rhodophyta,Florideophyceae,Ceramiales,Delesseriaceae,Hymenena,,Rhodophyta_Florideophyceae_Ceramiales_Delesseriaceae_Hymenena_,12
MAL_235,Rhodophyta,Florideophyceae,Corallinales,Corallinaceae,Corallina,Corallina vancouveriensis,Rhodophyta_Florideophyceae_Corallinales_Corallinaceae_Corallina_Corallina vancouveriensis,13
SCL17108.2,Rhodophyta,Florideophyceae,Rhodymeniales,Faucheaceae,Gloiocladia,Gloiocladia laciniata,Rhodophyta_Florideophyceae_Rhodymeniales_Faucheaceae_Gloiocladia_Gloiocladia laciniata,13
SCL17065,Chlorophyta,Ulvophyceae,Ulvales,Ulvaceae,Ulva,,Chlorophyta_Ulvophyceae_Ulvales_Ulvaceae_Ulva_,15
PTM-1633,Rhodophyta,Florideophyceae,Hildenbrandiales,Hildenbrandiaceae,Hildenbrandia,,Rhodophyta_Florideophyceae_Hildenbrandiales_Hildenbrandiaceae_Hildenbrandia_,16
SCL16955,Ochrophyta,Phaeophyceae,Ralfsiales,Ralfsiaceae,Ralfsia,,Ochrophyta_Phaeophyceae_Ralfsiales_Ralfsiaceae_Ralfsia_,18
PTM-1615,Rhodophyta,Florideophyceae,Gigartinales,Phyllophoraceae,Mastocarpus,Mastocarpus sp.,Rhodophyta_Florideophyceae_Gigartinales_Phyllophoraceae_Mastocarpus_Mastocarpus sp.,20
SCL16934,Rhodophyta,Florideophyceae,Gigartinales,Kallymeniaceae,Callophyllis,,Rhodophyta_Florideophyceae_Gigartinales_Kallymeniaceae_Callophyllis_,22
MAL_118,Rhodophyta,Florideophyceae,Gigartinales,Phyllophoraceae,Mastocarpus,Mastocarpus alaskensis,Rhodophyta_Florideophyceae_Gigartinales_Phyllophoraceae_Mastocarpus_Mastocarpus alaskensis,22
SCL17080,Rhodophyta,Florideophyceae,Gigartinales,Phyllophoraceae,Mastocarpus,,Rhodophyta_Florideophyceae_Gigartinales_Phyllophoraceae_Mastocarpus_,36
PTM1816.2,Rhodophyta,,,,,,Rhodophyta_____,81
SCL15668,Ochrophyta,Phaeophyceae,Fucales,Fucaceae,Fucus,,Ochrophyta_Phaeophyceae_Fucales_Fucaceae_Fucus_,119