query,phylum,family,ottid_species,aphia_id,scientificname,authority,status,unacceptreason,rank,valid_aphia_id,valid_name,valid_authority,parent_name_usage_id,kingdom,class,order,genus,is_marine,is_brackish,is_freshwater,is_terrestrial,is_extinct,match_type
Stomopneustesolaris,Echinodermata,NA,NA,NA,NA,NA,NA,NA,NA,NA,NA,NA,NA,NA,NA,NA,NA,NA,NA,NA,NA,NA,NA
Ichthyocotylurusegatus,Platyhelminthes,NA,NA,NA,NA,NA,NA,NA,NA,NA,NA,NA,NA,NA,NA,NA,NA,NA,NA,NA,NA,NA,NA
Austrobilharziaglandis,Platyhelminthes,NA,NA,NA,NA,NA,NA,NA,NA,NA,NA,NA,NA,NA,NA,NA,NA,NA,NA,NA,NA,NA,NA
Lytechinusegatus,Echinodermata,NA,NA,NA,NA,NA,NA,NA,NA,NA,NA,NA,NA,NA,NA,NA,NA,NA,NA,NA,NA,NA,NA
Anoplocephaloidesabilis,Platyhelminthes,NA,NA,NA,NA,NA,NA,NA,NA,NA,NA,NA,NA,NA,NA,NA,NA,NA,NA,NA,NA,NA,NA
Avian schistosomatid,Platyhelminthes,NA,NA,NA,NA,NA,NA,NA,NA,NA,NA,NA,NA,NA,NA,NA,NA,NA,NA,NA,NA,NA,NA
Odinellatrix,Echinodermata,NA,NA,NA,NA,NA,NA,NA,NA,NA,NA,NA,NA,NA,NA,NA,NA,NA,NA,NA,NA,NA,NA
Tosiaossia,Echinodermata,NA,NA,NA,NA,NA,NA,NA,NA,NA,NA,NA,NA,NA,NA,NA,NA,NA,NA,NA,NA,NA,NA
Dugesiatogaea,Platyhelminthes,NA,NA,NA,NA,NA,NA,NA,NA,NA,NA,NA,NA,NA,NA,NA,NA,NA,NA,NA,NA,NA,NA
Contracaecum rudolphiiullini,Nematoda,NA,NA,NA,NA,NA,NA,NA,NA,NA,NA,NA,NA,NA,NA,NA,NA,NA,NA,NA,NA,NA,NA
Sciadicleithrumabilum,Platyhelminthes,NA,NA,NA,NA,NA,NA,NA,NA,NA,NA,NA,NA,NA,NA,NA,NA,NA,NA,NA,NA,NA,NA
unidentifiedmatode,Nematoda,NA,NA,NA,NA,NA,NA,NA,NA,NA,NA,NA,NA,NA,NA,NA,NA,NA,NA,NA,NA,NA,NA
Abatusmrodi,Echinodermata,NA,NA,NA,NA,NA,NA,NA,NA,NA,NA,NA,NA,NA,NA,NA,NA,NA,NA,NA,NA,NA,NA
Comatellagra,Echinodermata,NA,NA,NA,NA,NA,NA,NA,NA,NA,NA,NA,NA,NA,NA,NA,NA,NA,NA,NA,NA,NA,NA
Bipaliumbile,Platyhelminthes,NA,NA,NA,NA,NA,NA,NA,NA,NA,NA,NA,NA,NA,NA,NA,NA,NA,NA,NA,NA,NA,NA
Onchocercidaeansonella ozzardi,Nematoda,NA,NA,NA,NA,NA,NA,NA,NA,NA,NA,NA,NA,NA,NA,NA,NA,NA,NA,NA,NA,NA,NA
Lamellodiscus diplodimendum,Platyhelminthes,NA,NA,NA,NA,NA,NA,NA,NA,NA,NA,NA,NA,NA,NA,NA,NA,NA,NA,NA,NA,NA,NA
Tetrapygusger,Echinodermata,NA,NA,NA,NA,NA,NA,NA,NA,NA,NA,NA,NA,NA,NA,NA,NA,NA,NA,NA,NA,NA,NA
Salenocidarisspina,Echinodermata,NA,NA,NA,NA,NA,NA,NA,NA,NA,NA,NA,NA,NA,NA,NA,NA,NA,NA,NA,NA,NA,NA
Paragyrodactylusegatus,Platyhelminthes,NA,NA,NA,NA,NA,NA,NA,NA,NA,NA,NA,NA,NA,NA,NA,NA,NA,NA,NA,NA,NA,NA
Cameroniasari,Nematoda,NA,NA,NA,NA,NA,NA,NA,NA,NA,NA,NA,NA,NA,NA,NA,NA,NA,NA,NA,NA,NA,NA
Neobakernemaabile,Nematoda,NA,NA,NA,NA,NA,NA,NA,NA,NA,NA,NA,NA,NA,NA,NA,NA,NA,NA,NA,NA,NA,NA
Ophiura integra,Echinodermata,Ophiuridae,7071687,123200,Ophiuridae,"Müller & Troschel, 1840",accepted,NA,Family,123200,Ophiuridae,"Müller & Troschel, 1840",242195,Animalia,Ophiuroidea,Ophiurida,NA,1,0,0,0,NA,exact
Echinococcus multilocularis,Platyhelminthes,Taeniidae,481593,836271,Taeniidae,"Ludwig, 1886",accepted,NA,Family,836271,Taeniidae,"Ludwig, 1886",104913,Animalia,Cestoda,Cyclophyllidea,NA,1,NA,NA,NA,NA,exact
Echinococcus granulosus,Platyhelminthes,Taeniidae,481594,836271,Taeniidae,"Ludwig, 1886",accepted,NA,Family,836271,Taeniidae,"Ludwig, 1886",104913,Animalia,Cestoda,Cyclophyllidea,NA,1,NA,NA,NA,NA,exact
Taenia saginata,Platyhelminthes,Taeniidae,1021818,836271,Taeniidae,"Ludwig, 1886",accepted,NA,Family,836271,Taeniidae,"Ludwig, 1886",104913,Animalia,Cestoda,Cyclophyllidea,NA,1,NA,NA,NA,NA,exact
Taenia hydatigena,Platyhelminthes,Taeniidae,1004844,836271,Taeniidae,"Ludwig, 1886",accepted,NA,Family,836271,Taeniidae,"Ludwig, 1886",104913,Animalia,Cestoda,Cyclophyllidea,NA,1,NA,NA,NA,NA,exact
Taenia crassiceps,Platyhelminthes,Taeniidae,635252,836271,Taeniidae,"Ludwig, 1886",accepted,NA,Family,836271,Taeniidae,"Ludwig, 1886",104913,Animalia,Cestoda,Cyclophyllidea,NA,1,NA,NA,NA,NA,exact
Rodentolepis nana,Platyhelminthes,Hymenolepididae,348019,104930,Hymenolepididae,"Ariola, 1899",accepted,NA,Family,104930,Hymenolepididae,"Ariola, 1899",104913,Animalia,Cestoda,Cyclophyllidea,NA,1,1,1,1,NA,exact
Cercopithifilaria bulboidea,Nematoda,Onchocercidae,694979,22876,Onchocercidae,"Leiper, 1911",accepted,NA,Family,22876,Onchocercidae,"Leiper, 1911",22875,Animalia,Chromadorea,Rhabditida,NA,1,NA,NA,1,NA,exact
Cercopithifilaria crassa,Nematoda,Onchocercidae,1064859,22876,Onchocercidae,"Leiper, 1911",accepted,NA,Family,22876,Onchocercidae,"Leiper, 1911",22875,Animalia,Chromadorea,Rhabditida,NA,1,NA,NA,1,NA,exact
Cercopithifilaria longa,Nematoda,Onchocercidae,1064858,22876,Onchocercidae,"Leiper, 1911",accepted,NA,Family,22876,Onchocercidae,"Leiper, 1911",22875,Animalia,Chromadorea,Rhabditida,NA,1,NA,NA,1,NA,exact
Cercopithifilaria minuta,Nematoda,Onchocercidae,1064857,22876,Onchocercidae,"Leiper, 1911",accepted,NA,Family,22876,Onchocercidae,"Leiper, 1911",22875,Animalia,Chromadorea,Rhabditida,NA,1,NA,NA,1,NA,exact
Cercopithifilaria multicauda,Nematoda,Onchocercidae,1064856,22876,Onchocercidae,"Leiper, 1911",accepted,NA,Family,22876,Onchocercidae,"Leiper, 1911",22875,Animalia,Chromadorea,Rhabditida,NA,1,NA,NA,1,NA,exact
Cercopithifilaria shohoi,Nematoda,Onchocercidae,1005060,22876,Onchocercidae,"Leiper, 1911",accepted,NA,Family,22876,Onchocercidae,"Leiper, 1911",22875,Animalia,Chromadorea,Rhabditida,NA,1,NA,NA,1,NA,exact
Cercopithifilaria tumidicervicata,Nematoda,Onchocercidae,1064860,22876,Onchocercidae,"Leiper, 1911",accepted,NA,Family,22876,Onchocercidae,"Leiper, 1911",22875,Animalia,Chromadorea,Rhabditida,NA,1,NA,NA,1,NA,exact
Fasciola gigantica,Platyhelminthes,Fasciolidae,351673,108421,Fasciolidae,"Railliet, 1895",accepted,NA,Family,108421,Fasciolidae,"Railliet, 1895",108404,Animalia,Trematoda,Plagiorchiida,NA,0,1,1,1,NA,exact
Echinococcus canadensis,Platyhelminthes,Taeniidae,787335,836271,Taeniidae,"Ludwig, 1886",accepted,NA,Family,836271,Taeniidae,"Ludwig, 1886",104913,Animalia,Cestoda,Cyclophyllidea,NA,1,NA,NA,NA,NA,exact
Echinococcus oligarthrus,Platyhelminthes,Taeniidae,445207,836271,Taeniidae,"Ludwig, 1886",accepted,NA,Family,836271,Taeniidae,"Ludwig, 1886",104913,Animalia,Cestoda,Cyclophyllidea,NA,1,NA,NA,NA,NA,exact
Echinococcus vogeli,Platyhelminthes,Taeniidae,445206,836271,Taeniidae,"Ludwig, 1886",accepted,NA,Family,836271,Taeniidae,"Ludwig, 1886",104913,Animalia,Cestoda,Cyclophyllidea,NA,1,NA,NA,NA,NA,exact
Hydatigera taeniaeformis,Platyhelminthes,Taeniidae,635249,836271,Taeniidae,"Ludwig, 1886",accepted,NA,Family,836271,Taeniidae,"Ludwig, 1886",104913,Animalia,Cestoda,Cyclophyllidea,NA,1,NA,NA,NA,NA,exact
Echinococcus ortleppi,Platyhelminthes,Taeniidae,648119,836271,Taeniidae,"Ludwig, 1886",accepted,NA,Family,836271,Taeniidae,"Ludwig, 1886",104913,Animalia,Cestoda,Cyclophyllidea,NA,1,NA,NA,NA,NA,exact
Paragonimus vietnamensis,Platyhelminthes,Troglotrematidae,335271,468969,Troglotrematidae,"Odhner, 1914",accepted,NA,Family,468969,Troglotrematidae,"Odhner, 1914",1578386,Animalia,Trematoda,Plagiorchiida,NA,1,NA,1,1,NA,exact
Paragonimus westermani,Platyhelminthes,Troglotrematidae,1040289,468969,Troglotrematidae,"Odhner, 1914",accepted,NA,Family,468969,Troglotrematidae,"Odhner, 1914",1578386,Animalia,Trematoda,Plagiorchiida,NA,1,NA,1,1,NA,exact
Paragonimus harinasutai,Platyhelminthes,Troglotrematidae,853771,468969,Troglotrematidae,"Odhner, 1914",accepted,NA,Family,468969,Troglotrematidae,"Odhner, 1914",1578386,Animalia,Trematoda,Plagiorchiida,NA,1,NA,1,1,NA,exact
Paragonimus bangkokensis,Platyhelminthes,Troglotrematidae,753101,468969,Troglotrematidae,"Odhner, 1914",accepted,NA,Family,468969,Troglotrematidae,"Odhner, 1914",1578386,Animalia,Trematoda,Plagiorchiida,NA,1,NA,1,1,NA,exact
Paragonimus siamensis,Platyhelminthes,Troglotrematidae,329193,468969,Troglotrematidae,"Odhner, 1914",accepted,NA,Family,468969,Troglotrematidae,"Odhner, 1914",1578386,Animalia,Trematoda,Plagiorchiida,NA,1,NA,1,1,NA,exact
Paragonimus proliferus,Platyhelminthes,Troglotrematidae,425215,468969,Troglotrematidae,"Odhner, 1914",accepted,NA,Family,468969,Troglotrematidae,"Odhner, 1914",1578386,Animalia,Trematoda,Plagiorchiida,NA,1,NA,1,1,NA,exact
Ektaphelenchus obtusus,Nematoda,Aphelenchoididae,786946,153179,Aphelenchoididae,"Skarbilovich, 1947",accepted,NA,Family,153179,Aphelenchoididae,"Skarbilovich, 1947",227109,Animalia,Chromadorea,Rhabditida,NA,1,1,1,1,NA,exact
Thelazia callipaeda,Nematoda,Thelaziidae,195809,159669,Thelaziidae,"Skrjabin, 1915",accepted,NA,Family,159669,Thelaziidae,"Skrjabin, 1915",834793,Animalia,Chromadorea,Rhabditida,NA,1,NA,NA,NA,NA,exact
Dirofilaria repens,Nematoda,Onchocercidae,232965,22876,Onchocercidae,"Leiper, 1911",accepted,NA,Family,22876,Onchocercidae,"Leiper, 1911",22875,Animalia,Chromadorea,Rhabditida,NA,1,NA,NA,1,NA,exact
Taenia asiatica,Platyhelminthes,Taeniidae,614168,836271,Taeniidae,"Ludwig, 1886",accepted,NA,Family,836271,Taeniidae,"Ludwig, 1886",104913,Animalia,Cestoda,Cyclophyllidea,NA,1,NA,NA,NA,NA,exact
Ascaris suum,Nematoda,Ascarididae,345758,22862,Ascarididae,"Baird, 1853",accepted,NA,Family,22862,Ascarididae,"Baird, 1853",22816,Animalia,Chromadorea,Rhabditida,NA,1,NA,1,1,NA,exact
Paragonimus paishuihoensis,Platyhelminthes,Troglotrematidae,827624,468969,Troglotrematidae,"Odhner, 1914",accepted,NA,Family,468969,Troglotrematidae,"Odhner, 1914",1578386,Animalia,Trematoda,Plagiorchiida,NA,1,NA,1,1,NA,exact
Paragonimus skrjabini,Platyhelminthes,Troglotrematidae,9228,468969,Troglotrematidae,"Odhner, 1914",accepted,NA,Family,468969,Troglotrematidae,"Odhner, 1914",1578386,Animalia,Trematoda,Plagiorchiida,NA,1,NA,1,1,NA,exact
Taenia serialis,Platyhelminthes,Taeniidae,517091,836271,Taeniidae,"Ludwig, 1886",accepted,NA,Family,836271,Taeniidae,"Ludwig, 1886",104913,Animalia,Cestoda,Cyclophyllidea,NA,1,NA,NA,NA,NA,exact
Taenia ovis,Platyhelminthes,Taeniidae,635262,836271,Taeniidae,"Ludwig, 1886",accepted,NA,Family,836271,Taeniidae,"Ludwig, 1886",104913,Animalia,Cestoda,Cyclophyllidea,NA,1,NA,NA,NA,NA,exact
Taenia madoquae,Platyhelminthes,Taeniidae,505657,836271,Taeniidae,"Ludwig, 1886",accepted,NA,Family,836271,Taeniidae,"Ludwig, 1886",104913,Animalia,Cestoda,Cyclophyllidea,NA,1,NA,NA,NA,NA,exact
Taenia laticollis,Platyhelminthes,Taeniidae,52073,836271,Taeniidae,"Ludwig, 1886",accepted,NA,Family,836271,Taeniidae,"Ludwig, 1886",104913,Animalia,Cestoda,Cyclophyllidea,NA,1,NA,NA,NA,NA,exact
Taenia martis,Platyhelminthes,Taeniidae,386449,836271,Taeniidae,"Ludwig, 1886",accepted,NA,Family,836271,Taeniidae,"Ludwig, 1886",104913,Animalia,Cestoda,Cyclophyllidea,NA,1,NA,NA,NA,NA,exact
Taenia twitchelli,Platyhelminthes,Taeniidae,792519,836271,Taeniidae,"Ludwig, 1886",accepted,NA,Family,836271,Taeniidae,"Ludwig, 1886",104913,Animalia,Cestoda,Cyclophyllidea,NA,1,NA,NA,NA,NA,exact
Hydatigera parva,Platyhelminthes,Taeniidae,386447,836271,Taeniidae,"Ludwig, 1886",accepted,NA,Family,836271,Taeniidae,"Ludwig, 1886",104913,Animalia,Cestoda,Cyclophyllidea,NA,1,NA,NA,NA,NA,exact
Hydatigera kamiyai,Platyhelminthes,Taeniidae,5974045,836271,Taeniidae,"Ludwig, 1886",accepted,NA,Family,836271,Taeniidae,"Ludwig, 1886",104913,Animalia,Cestoda,Cyclophyllidea,NA,1,NA,NA,NA,NA,exact
Hydatigera krepkogorski,Platyhelminthes,Taeniidae,4712513,836271,Taeniidae,"Ludwig, 1886",accepted,NA,Family,836271,Taeniidae,"Ludwig, 1886",104913,Animalia,Cestoda,Cyclophyllidea,NA,1,NA,NA,NA,NA,exact
Versteria mustelae,Platyhelminthes,Taeniidae,386446,836271,Taeniidae,"Ludwig, 1886",accepted,NA,Family,836271,Taeniidae,"Ludwig, 1886",104913,Animalia,Cestoda,Cyclophyllidea,NA,1,NA,NA,NA,NA,exact
Echinococcus felidis,Platyhelminthes,Taeniidae,786284,836271,Taeniidae,"Ludwig, 1886",accepted,NA,Family,836271,Taeniidae,"Ludwig, 1886",104913,Animalia,Cestoda,Cyclophyllidea,NA,1,NA,NA,NA,NA,exact
Asteroporpa australiensis,Echinodermata,Gorgonocephalidae,268467,123203,Gorgonocephalidae,"Ljungman, 1867",accepted,NA,Family,123203,Gorgonocephalidae,"Ljungman, 1867",242196,Animalia,Ophiuroidea,Euryalida,NA,1,0,0,0,0,exact
Asteroporpa muricatopatella,Echinodermata,Gorgonocephalidae,978339,123203,Gorgonocephalidae,"Ljungman, 1867",accepted,NA,Family,123203,Gorgonocephalidae,"Ljungman, 1867",242196,Animalia,Ophiuroidea,Euryalida,NA,1,0,0,0,0,exact
Asteroporpa reticulata,Echinodermata,Gorgonocephalidae,268472,123203,Gorgonocephalidae,"Ljungman, 1867",accepted,NA,Family,123203,Gorgonocephalidae,"Ljungman, 1867",242196,Animalia,Ophiuroidea,Euryalida,NA,1,0,0,0,0,exact
Echinococcus equinus,Platyhelminthes,Taeniidae,787330,836271,Taeniidae,"Ludwig, 1886",accepted,NA,Family,836271,Taeniidae,"Ludwig, 1886",104913,Animalia,Cestoda,Cyclophyllidea,NA,1,NA,NA,NA,NA,exact
Necator americanus,Nematoda,Ancylostomatidae,856981,834871,Ancylostomatidae,"Looss, 1905",accepted,NA,Family,834871,Ancylostomatidae,"Looss, 1905",834868,Animalia,Chromadorea,Rhabditida,NA,1,NA,NA,1,NA,exact
Taenia regis,Platyhelminthes,Taeniidae,505656,836271,Taeniidae,"Ludwig, 1886",accepted,NA,Family,836271,Taeniidae,"Ludwig, 1886",104913,Animalia,Cestoda,Cyclophyllidea,NA,1,NA,NA,NA,NA,exact
Taenia crocutae,Platyhelminthes,Taeniidae,5693922,836271,Taeniidae,"Ludwig, 1886",accepted,NA,Family,836271,Taeniidae,"Ludwig, 1886",104913,Animalia,Cestoda,Cyclophyllidea,NA,1,NA,NA,NA,NA,exact
Paragonimus sadoensis,Platyhelminthes,Troglotrematidae,681779,468969,Troglotrematidae,"Odhner, 1914",accepted,NA,Family,468969,Troglotrematidae,"Odhner, 1914",1578386,Animalia,Trematoda,Plagiorchiida,NA,1,NA,1,1,NA,exact
Metagonimus takahashii,Platyhelminthes,Heterophyidae,88122,108441,Heterophyidae,"Leiper, 1909",accepted,NA,Family,108441,Heterophyidae,"Leiper, 1909",108410,Animalia,Trematoda,Plagiorchiida,NA,1,1,1,1,NA,exact
Plagiorchis muris,Platyhelminthes,Plagiorchiidae,726462,108448,Plagiorchiidae,"Lühe, 1901",accepted,NA,Family,108448,Plagiorchiidae,"Lühe, 1901",108411,Animalia,Trematoda,Plagiorchiida,NA,1,1,1,1,NA,exact
Sparganum (genus in Opisthokonta,Platyhelminthes,Diphyllobothriidae,NULL,104937,Diphyllobothriidae,"Lühe, 1910",accepted,NA,Family,104937,Diphyllobothriidae,"Lühe, 1910",515793,Animalia,Cestoda,Diphyllobothriidea,NA,1,1,1,1,NA,exact
Hymenolepis diminuta,Platyhelminthes,Hymenolepididae,445201,104930,Hymenolepididae,"Ariola, 1899",accepted,NA,Family,104930,Hymenolepididae,"Ariola, 1899",104913,Animalia,Cestoda,Cyclophyllidea,NA,1,1,1,1,NA,exact
Schistosoma mansoni,Platyhelminthes,Schistosomatidae,191483,108478,Schistosomatidae,"Stiles & Hassall, 1898",accepted,NA,Family,108478,Schistosomatidae,"Stiles & Hassall, 1898",108419,Animalia,Trematoda,Diplostomida,NA,1,1,1,1,NA,exact
Pygidiopsis summa,Platyhelminthes,Heterophyidae,201372,108441,Heterophyidae,"Leiper, 1909",accepted,NA,Family,108441,Heterophyidae,"Leiper, 1909",108410,Animalia,Trematoda,Plagiorchiida,NA,1,1,1,1,NA,exact
Echinaster paucispinus,Echinodermata,Echinasteridae,3656052,123132,Echinasteridae,"Verrill, 1867",accepted,NA,Family,123132,Echinasteridae,"Verrill, 1867",123089,Animalia,Asteroidea,Spinulosida,NA,1,0,0,0,0,exact
Echinaster sentus,Echinodermata,Echinasteridae,337936,123132,Echinasteridae,"Verrill, 1867",accepted,NA,Family,123132,Echinasteridae,"Verrill, 1867",123089,Animalia,Asteroidea,Spinulosida,NA,1,0,0,0,0,exact
Ancylostoma ceylanicum,Nematoda,Ancylostomatidae,459448,834871,Ancylostomatidae,"Looss, 1905",accepted,NA,Family,834871,Ancylostomatidae,"Looss, 1905",834868,Animalia,Chromadorea,Rhabditida,NA,1,NA,NA,1,NA,exact
Brugia malayi,Nematoda,Onchocercidae,295367,22876,Onchocercidae,"Leiper, 1911",accepted,NA,Family,22876,Onchocercidae,"Leiper, 1911",22875,Animalia,Chromadorea,Rhabditida,NA,1,NA,NA,1,NA,exact
Heliaster helianthoides,Echinodermata,Heliasteridae,781477,255069,Heliasteridae,"Viguier, 1879",accepted,NA,Family,255069,Heliasteridae,"Viguier, 1879",123086,Animalia,Asteroidea,Forcipulatida,NA,1,0,0,0,0,exact
Schistosoma curassoni,Platyhelminthes,Schistosomatidae,413344,108478,Schistosomatidae,"Stiles & Hassall, 1898",accepted,NA,Family,108478,Schistosomatidae,"Stiles & Hassall, 1898",108419,Animalia,Trematoda,Diplostomida,NA,1,1,1,1,NA,exact
Schistosoma bovis,Platyhelminthes,Schistosomatidae,191482,108478,Schistosomatidae,"Stiles & Hassall, 1898",accepted,NA,Family,108478,Schistosomatidae,"Stiles & Hassall, 1898",108419,Animalia,Trematoda,Diplostomida,NA,1,1,1,1,NA,exact
Brugia pahangi,Nematoda,Onchocercidae,510894,22876,Onchocercidae,"Leiper, 1911",accepted,NA,Family,22876,Onchocercidae,"Leiper, 1911",22875,Animalia,Chromadorea,Rhabditida,NA,1,NA,NA,1,NA,exact
Wuchereria bancrofti,Nematoda,Onchocercidae,245091,22876,Onchocercidae,"Leiper, 1911",accepted,NA,Family,22876,Onchocercidae,"Leiper, 1911",22875,Animalia,Chromadorea,Rhabditida,NA,1,NA,NA,1,NA,exact
Thelazia lacrymalis,Nematoda,Thelaziidae,758218,159669,Thelaziidae,"Skrjabin, 1915",accepted,NA,Family,159669,Thelaziidae,"Skrjabin, 1915",834793,Animalia,Chromadorea,Rhabditida,NA,1,NA,NA,NA,NA,exact
Acanthocheilonema viteae,Nematoda,Onchocercidae,295364,22876,Onchocercidae,"Leiper, 1911",accepted,NA,Family,22876,Onchocercidae,"Leiper, 1911",22875,Animalia,Chromadorea,Rhabditida,NA,1,NA,NA,1,NA,exact
Capillaria gastrica,Nematoda,Capillariidae,722814,834681,Capillariidae,"Railliet, 1915",accepted,NA,Family,834681,Capillariidae,"Railliet, 1915",22845,Animalia,Enoplea,Trichinellida,NA,1,1,1,1,NA,exact
Bunostomum trigonocephalum,Nematoda,Ancylostomatidae,514762,834871,Ancylostomatidae,"Looss, 1905",accepted,NA,Family,834871,Ancylostomatidae,"Looss, 1905",834868,Animalia,Chromadorea,Rhabditida,NA,1,NA,NA,1,NA,exact
Uncinaria stenocephala,Nematoda,Ancylostomatidae,266993,834871,Ancylostomatidae,"Looss, 1905",accepted,NA,Family,834871,Ancylostomatidae,"Looss, 1905",834868,Animalia,Chromadorea,Rhabditida,NA,1,NA,NA,1,NA,exact
Ancylostoma tubaeforme,Nematoda,Ancylostomatidae,459449,834871,Ancylostomatidae,"Looss, 1905",accepted,NA,Family,834871,Ancylostomatidae,"Looss, 1905",834868,Animalia,Chromadorea,Rhabditida,NA,1,NA,NA,1,NA,exact
Ancylostoma duodenale,Nematoda,Ancylostomatidae,332059,834871,Ancylostomatidae,"Looss, 1905",accepted,NA,Family,834871,Ancylostomatidae,"Looss, 1905",834868,Animalia,Chromadorea,Rhabditida,NA,1,NA,NA,1,NA,exact
Schistosoma intercalatum,Platyhelminthes,Schistosomatidae,191479,108478,Schistosomatidae,"Stiles & Hassall, 1898",accepted,NA,Family,108478,Schistosomatidae,"Stiles & Hassall, 1898",108419,Animalia,Trematoda,Diplostomida,NA,1,1,1,1,NA,exact
Schistosoma guineensis,Platyhelminthes,Schistosomatidae,575276,108478,Schistosomatidae,"Stiles & Hassall, 1898",accepted,NA,Family,108478,Schistosomatidae,"Stiles & Hassall, 1898",108419,Animalia,Trematoda,Diplostomida,NA,1,1,1,1,NA,exact
Schistosoma mattheei,Platyhelminthes,Schistosomatidae,232967,108478,Schistosomatidae,"Stiles & Hassall, 1898",accepted,NA,Family,108478,Schistosomatidae,"Stiles & Hassall, 1898",108419,Animalia,Trematoda,Diplostomida,NA,1,1,1,1,NA,exact
Schistosoma haematobium,Platyhelminthes,Schistosomatidae,191481,108478,Schistosomatidae,"Stiles & Hassall, 1898",accepted,NA,Family,108478,Schistosomatidae,"Stiles & Hassall, 1898",108419,Animalia,Trematoda,Diplostomida,NA,1,1,1,1,NA,exact
Litomosa westi,Nematoda,Onchocercidae,987228,22876,Onchocercidae,"Leiper, 1911",accepted,NA,Family,22876,Onchocercidae,"Leiper, 1911",22875,Animalia,Chromadorea,Rhabditida,NA,1,NA,NA,1,NA,exact
Loa loa,Nematoda,Onchocercidae,555803,22876,Onchocercidae,"Leiper, 1911",accepted,NA,Family,22876,Onchocercidae,"Leiper, 1911",22875,Animalia,Chromadorea,Rhabditida,NA,1,NA,NA,1,NA,exact
Acanthocheilonema reconditum,Nematoda,Onchocercidae,758224,22876,Onchocercidae,"Leiper, 1911",accepted,NA,Family,22876,Onchocercidae,"Leiper, 1911",22875,Animalia,Chromadorea,Rhabditida,NA,1,NA,NA,1,NA,exact
Dipetalonema gracile,Nematoda,Onchocercidae,310659,22876,Onchocercidae,"Leiper, 1911",accepted,NA,Family,22876,Onchocercidae,"Leiper, 1911",22875,Animalia,Chromadorea,Rhabditida,NA,1,NA,NA,1,NA,exact
Waltonella,Nematoda,Onchocercidae,NULL,22876,Onchocercidae,"Leiper, 1911",accepted,NA,Family,22876,Onchocercidae,"Leiper, 1911",22875,Animalia,Chromadorea,Rhabditida,NA,1,NA,NA,1,NA,exact
Foleyella furcata,Nematoda,Onchocercidae,366566,22876,Onchocercidae,"Leiper, 1911",accepted,NA,Family,22876,Onchocercidae,"Leiper, 1911",22875,Animalia,Chromadorea,Rhabditida,NA,1,NA,NA,1,NA,exact
Filaria martis,Nematoda,Filariidae,835237,458826,Filariidae,"Chabaud & Anderson, 1959",accepted,NA,Family,458826,Filariidae,"Chabaud & Anderson, 1959",22875,Animalia,Chromadorea,Rhabditida,NA,1,NA,NA,NA,NA,exact
Thelazia gulosa,Nematoda,Thelaziidae,806070,159669,Thelaziidae,"Skrjabin, 1915",accepted,NA,Family,159669,Thelaziidae,"Skrjabin, 1915",834793,Animalia,Chromadorea,Rhabditida,NA,1,NA,NA,NA,NA,exact
Loxodontofilaria caprini,Nematoda,Onchocercidae,1086314,22876,Onchocercidae,"Leiper, 1911",accepted,NA,Family,22876,Onchocercidae,"Leiper, 1911",22875,Animalia,Chromadorea,Rhabditida,NA,1,NA,NA,1,NA,exact
Cercopithifilaria japonica,Nematoda,Onchocercidae,612007,22876,Onchocercidae,"Leiper, 1911",accepted,NA,Family,22876,Onchocercidae,"Leiper, 1911",22875,Animalia,Chromadorea,Rhabditida,NA,1,NA,NA,1,NA,exact
Cercopithifilaria roussilhoni,Nematoda,Onchocercidae,612008,22876,Onchocercidae,"Leiper, 1911",accepted,NA,Family,22876,Onchocercidae,"Leiper, 1911",22875,Animalia,Chromadorea,Rhabditida,NA,1,NA,NA,1,NA,exact
Mansonella perforata,Nematoda,Onchocercidae,612009,22876,Onchocercidae,"Leiper, 1911",accepted,NA,Family,22876,Onchocercidae,"Leiper, 1911",22875,Animalia,Chromadorea,Rhabditida,NA,1,NA,NA,1,NA,exact
Mansonella atelensis,Nematoda,Onchocercidae,530567,22876,Onchocercidae,"Leiper, 1911",accepted,NA,Family,22876,Onchocercidae,"Leiper, 1911",22875,Animalia,Chromadorea,Rhabditida,NA,1,NA,NA,1,NA,exact
Piratuba scaffi,Nematoda,Onchocercidae,693621,22876,Onchocercidae,"Leiper, 1911",accepted,NA,Family,22876,Onchocercidae,"Leiper, 1911",22875,Animalia,Chromadorea,Rhabditida,NA,1,NA,NA,1,NA,exact
Polystoma (genus in Lophotrochozoa,Platyhelminthes,Polystomatidae,NULL,562122,Polystomatidae,"Gamble, 1896",accepted,NA,Family,562122,Polystomatidae,"Gamble, 1896",562121,Animalia,Monogenea,Polystomatidea,NA,1,1,1,1,NA,exact
Hymenolepis microstoma,Platyhelminthes,Hymenolepididae,1004838,104930,Hymenolepididae,"Ariola, 1899",accepted,NA,Family,104930,Hymenolepididae,"Ariola, 1899",104913,Animalia,Cestoda,Cyclophyllidea,NA,1,1,1,1,NA,exact
Brugia timori,Nematoda,Onchocercidae,462290,22876,Onchocercidae,"Leiper, 1911",accepted,NA,Family,22876,Onchocercidae,"Leiper, 1911",22875,Animalia,Chromadorea,Rhabditida,NA,1,NA,NA,1,NA,exact
Parascaris equorum,Nematoda,Ascarididae,345765,22862,Ascarididae,"Baird, 1853",accepted,NA,Family,22862,Ascarididae,"Baird, 1853",22816,Animalia,Chromadorea,Rhabditida,NA,1,NA,1,1,NA,exact
Schistosoma margrebowiei,Platyhelminthes,Schistosomatidae,18834,108478,Schistosomatidae,"Stiles & Hassall, 1898",accepted,NA,Family,108478,Schistosomatidae,"Stiles & Hassall, 1898",108419,Animalia,Trematoda,Diplostomida,NA,1,1,1,1,NA,exact
Sparicotyle chrysophryii,Platyhelminthes,Microcotylidae,499595,119247,Microcotylidae,"Taschenberg, 1879",accepted,NA,Family,119247,Microcotylidae,"Taschenberg, 1879",390779,Animalia,Monogenea,Mazocraeidea,NA,1,1,1,NA,NA,exact
Schistosoma sinensium,Platyhelminthes,Schistosomatidae,786407,108478,Schistosomatidae,"Stiles & Hassall, 1898",accepted,NA,Family,108478,Schistosomatidae,"Stiles & Hassall, 1898",108419,Animalia,Trematoda,Diplostomida,NA,1,1,1,1,NA,exact
Gigantobilharzia huronensis,Platyhelminthes,Schistosomatidae,353880,108478,Schistosomatidae,"Stiles & Hassall, 1898",accepted,NA,Family,108478,Schistosomatidae,"Stiles & Hassall, 1898",108419,Animalia,Trematoda,Diplostomida,NA,1,1,1,1,NA,exact
Trichobilharzia szidati,Platyhelminthes,Schistosomatidae,564251,108478,Schistosomatidae,"Stiles & Hassall, 1898",accepted,NA,Family,108478,Schistosomatidae,"Stiles & Hassall, 1898",108419,Animalia,Trematoda,Diplostomida,NA,1,1,1,1,NA,exact
Heterobilharzia americana,Platyhelminthes,Schistosomatidae,880702,108478,Schistosomatidae,"Stiles & Hassall, 1898",accepted,NA,Family,108478,Schistosomatidae,"Stiles & Hassall, 1898",108419,Animalia,Trematoda,Diplostomida,NA,1,1,1,1,NA,exact
Schistosomatium douthitti,Platyhelminthes,Schistosomatidae,356821,108478,Schistosomatidae,"Stiles & Hassall, 1898",accepted,NA,Family,108478,Schistosomatidae,"Stiles & Hassall, 1898",108419,Animalia,Trematoda,Diplostomida,NA,1,1,1,1,NA,exact
Schistosoma malayensis,Platyhelminthes,Schistosomatidae,91216,108478,Schistosomatidae,"Stiles & Hassall, 1898",accepted,NA,Family,108478,Schistosomatidae,"Stiles & Hassall, 1898",108419,Animalia,Trematoda,Diplostomida,NA,1,1,1,1,NA,exact
Schistosoma mekongi,Platyhelminthes,Schistosomatidae,356812,108478,Schistosomatidae,"Stiles & Hassall, 1898",accepted,NA,Family,108478,Schistosomatidae,"Stiles & Hassall, 1898",108419,Animalia,Trematoda,Diplostomida,NA,1,1,1,1,NA,exact
Schistosoma turkestanicum,Platyhelminthes,Schistosomatidae,101840,108478,Schistosomatidae,"Stiles & Hassall, 1898",accepted,NA,Family,108478,Schistosomatidae,"Stiles & Hassall, 1898",108419,Animalia,Trematoda,Diplostomida,NA,1,1,1,1,NA,exact
Schistosoma incognitum,Platyhelminthes,Schistosomatidae,1061567,108478,Schistosomatidae,"Stiles & Hassall, 1898",accepted,NA,Family,108478,Schistosomatidae,"Stiles & Hassall, 1898",108419,Animalia,Trematoda,Diplostomida,NA,1,1,1,1,NA,exact
Schistosoma rodhaini,Platyhelminthes,Schistosomatidae,413688,108478,Schistosomatidae,"Stiles & Hassall, 1898",accepted,NA,Family,108478,Schistosomatidae,"Stiles & Hassall, 1898",108419,Animalia,Trematoda,Diplostomida,NA,1,1,1,1,NA,exact
Schistosoma spindale,Platyhelminthes,Schistosomatidae,191499,108478,Schistosomatidae,"Stiles & Hassall, 1898",accepted,NA,Family,108478,Schistosomatidae,"Stiles & Hassall, 1898",108419,Animalia,Trematoda,Diplostomida,NA,1,1,1,1,NA,exact
Schistosoma indicum,Platyhelminthes,Schistosomatidae,619489,108478,Schistosomatidae,"Stiles & Hassall, 1898",accepted,NA,Family,108478,Schistosomatidae,"Stiles & Hassall, 1898",108419,Animalia,Trematoda,Diplostomida,NA,1,1,1,1,NA,exact
Schistosoma nasale,Platyhelminthes,Schistosomatidae,619488,108478,Schistosomatidae,"Stiles & Hassall, 1898",accepted,NA,Family,108478,Schistosomatidae,"Stiles & Hassall, 1898",108419,Animalia,Trematoda,Diplostomida,NA,1,1,1,1,NA,exact
Schistosoma leiperi,Platyhelminthes,Schistosomatidae,619487,108478,Schistosomatidae,"Stiles & Hassall, 1898",accepted,NA,Family,108478,Schistosomatidae,"Stiles & Hassall, 1898",108419,Animalia,Trematoda,Diplostomida,NA,1,1,1,1,NA,exact
Holothuria nobilis,Echinodermata,Holothuriidae,658420,123183,Holothuriidae,"Ludwig, 1894",unaccepted,NA,Family,731943,Holothuriidae,"Burmeister, 1837",1036233,Animalia,Holothuroidea,Holothuriida,NA,1,NA,NA,NA,NA,exact
Holothuria nobilis,Echinodermata,Holothuriidae,658420,731943,Holothuriidae,"Burmeister, 1837",accepted,NA,Family,731943,Holothuriidae,"Burmeister, 1837",1036233,Animalia,Holothuroidea,Holothuriida,NA,1,NA,NA,NA,0,exact
Holothuria whitmaei,Echinodermata,Holothuriidae,394223,123183,Holothuriidae,"Ludwig, 1894",unaccepted,NA,Family,731943,Holothuriidae,"Burmeister, 1837",1036233,Animalia,Holothuroidea,Holothuriida,NA,1,NA,NA,NA,NA,exact
Holothuria whitmaei,Echinodermata,Holothuriidae,394223,731943,Holothuriidae,"Burmeister, 1837",accepted,NA,Family,731943,Holothuriidae,"Burmeister, 1837",1036233,Animalia,Holothuroidea,Holothuriida,NA,1,NA,NA,NA,0,exact
Schistosoma hippopotami,Platyhelminthes,Schistosomatidae,803761,108478,Schistosomatidae,"Stiles & Hassall, 1898",accepted,NA,Family,108478,Schistosomatidae,"Stiles & Hassall, 1898",108419,Animalia,Trematoda,Diplostomida,NA,1,1,1,1,NA,exact
Gyrodactylus mariannae,Platyhelminthes,Gyrodactylidae,502059,119229,Gyrodactylidae,"Cobbold, 1864",accepted,NA,Family,119229,Gyrodactylidae,"Cobbold, 1864",517898,Animalia,Monogenea,Gyrodactylidea,NA,1,1,1,1,NA,exact
Raillietina australis,Platyhelminthes,Davaineidae,720909,104927,Davaineidae,"Braun, 1900",accepted,NA,Family,104927,Davaineidae,"Braun, 1900",104913,Animalia,Cestoda,Cyclophyllidea,NA,1,1,1,NA,NA,exact
Raillietina beveridgei,Platyhelminthes,Davaineidae,133689,104927,Davaineidae,"Braun, 1900",accepted,NA,Family,104927,Davaineidae,"Braun, 1900",104913,Animalia,Cestoda,Cyclophyllidea,NA,1,1,1,NA,NA,exact
Raillietina chiltoni,Platyhelminthes,Davaineidae,498532,104927,Davaineidae,"Braun, 1900",accepted,NA,Family,104927,Davaineidae,"Braun, 1900",104913,Animalia,Cestoda,Cyclophyllidea,NA,1,1,1,NA,NA,exact
Raillietina dromaius,Platyhelminthes,Davaineidae,133701,104927,Davaineidae,"Braun, 1900",accepted,NA,Family,104927,Davaineidae,"Braun, 1900",104913,Animalia,Cestoda,Cyclophyllidea,NA,1,1,1,NA,NA,exact
Raillietina mitchelli,Platyhelminthes,Davaineidae,133699,104927,Davaineidae,"Braun, 1900",accepted,NA,Family,104927,Davaineidae,"Braun, 1900",104913,Animalia,Cestoda,Cyclophyllidea,NA,1,1,1,NA,NA,exact
Raillietina cesticillus,Platyhelminthes,Davaineidae,387164,104927,Davaineidae,"Braun, 1900",accepted,NA,Family,104927,Davaineidae,"Braun, 1900",104913,Animalia,Cestoda,Cyclophyllidea,NA,1,1,1,NA,NA,exact
Holothuria atra,Echinodermata,Holothuriidae,920160,123183,Holothuriidae,"Ludwig, 1894",unaccepted,NA,Family,731943,Holothuriidae,"Burmeister, 1837",1036233,Animalia,Holothuroidea,Holothuriida,NA,1,NA,NA,NA,NA,exact
Holothuria atra,Echinodermata,Holothuriidae,920160,731943,Holothuriidae,"Burmeister, 1837",accepted,NA,Family,731943,Holothuriidae,"Burmeister, 1837",1036233,Animalia,Holothuroidea,Holothuriida,NA,1,NA,NA,NA,0,exact
Macrobilharzia macrobilharzia,Platyhelminthes,Schistosomatidae,314915,108478,Schistosomatidae,"Stiles & Hassall, 1898",accepted,NA,Family,108478,Schistosomatidae,"Stiles & Hassall, 1898",108419,Animalia,Trematoda,Diplostomida,NA,1,1,1,1,NA,exact
Bivitellobilharzia,Platyhelminthes,Schistosomatidae,NULL,108478,Schistosomatidae,"Stiles & Hassall, 1898",accepted,NA,Family,108478,Schistosomatidae,"Stiles & Hassall, 1898",108419,Animalia,Trematoda,Diplostomida,NA,1,1,1,1,NA,exact
Taenia multiceps,Platyhelminthes,Taeniidae,517092,836271,Taeniidae,"Ludwig, 1886",accepted,NA,Family,836271,Taeniidae,"Ludwig, 1886",104913,Animalia,Cestoda,Cyclophyllidea,NA,1,NA,NA,NA,NA,exact
Arostrilepis horrida,Platyhelminthes,Hymenolepididae,857657,104930,Hymenolepididae,"Ariola, 1899",accepted,NA,Family,104930,Hymenolepididae,"Ariola, 1899",104913,Animalia,Cestoda,Cyclophyllidea,NA,1,1,1,1,NA,exact
Procerodes plebeja,Platyhelminthes,Procerodidae,146785,142117,Procerodidae,"Diesing, 1862",accepted,NA,Family,142117,Procerodidae,"Diesing, 1862",479202,Animalia,NA,Tricladida,NA,1,1,NA,NA,NA,exact
Procerodes plebeja,Platyhelminthes,Procerodidae,146785,142117,Procerodidae,"Diesing, 1862",accepted,NA,Family,142117,Procerodidae,"Diesing, 1862",479202,Animalia,NA,Tricladida,NA,1,1,NA,NA,NA,exact
Fasciolopsis buski,Platyhelminthes,Fasciolidae,664924,108421,Fasciolidae,"Railliet, 1895",accepted,NA,Family,108421,Fasciolidae,"Railliet, 1895",108404,Animalia,Trematoda,Plagiorchiida,NA,0,1,1,1,NA,exact
Gastrodiscoides hominis,Platyhelminthes,Paramphistomidae,889815,238054,Paramphistomidae,"Fischoeder, 1901",accepted,NA,Family,238054,Paramphistomidae,"Fischoeder, 1901",108406,Animalia,Trematoda,Plagiorchiida,NA,1,NA,NA,NA,0,exact
Paragonimus macrorchis,Platyhelminthes,Troglotrematidae,369287,468969,Troglotrematidae,"Odhner, 1914",accepted,NA,Family,468969,Troglotrematidae,"Odhner, 1914",1578386,Animalia,Trematoda,Plagiorchiida,NA,1,NA,1,1,NA,exact
Romanomermis nielseni,Nematoda,Mermithidae,961983,391379,Mermithidae,"Braun, 1883",accepted,NA,Family,391379,Mermithidae,"Braun, 1883",458805,Animalia,Enoplea,Mermithida,NA,1,NA,1,1,NA,exact
Fascioloides magna,Platyhelminthes,Fasciolidae,844171,108421,Fasciolidae,"Railliet, 1895",accepted,NA,Family,108421,Fasciolidae,"Railliet, 1895",108404,Animalia,Trematoda,Plagiorchiida,NA,0,1,1,1,NA,exact
Schistosoma japonicum,Platyhelminthes,Schistosomatidae,191484,108478,Schistosomatidae,"Stiles & Hassall, 1898",accepted,NA,Family,108478,Schistosomatidae,"Stiles & Hassall, 1898",108419,Animalia,Trematoda,Diplostomida,NA,1,1,1,1,NA,exact
Opisthorchis viverrini,Platyhelminthes,Opisthorchiidae,974593,108442,Opisthorchiidae,"Looss, 1899",accepted,NA,Family,108442,Opisthorchiidae,"Looss, 1899",108410,Animalia,Trematoda,Plagiorchiida,NA,1,1,1,1,NA,exact
Holothuria excellens,Echinodermata,Holothuriidae,643549,123183,Holothuriidae,"Ludwig, 1894",unaccepted,NA,Family,731943,Holothuriidae,"Burmeister, 1837",1036233,Animalia,Holothuroidea,Holothuriida,NA,1,NA,NA,NA,NA,exact
Holothuria excellens,Echinodermata,Holothuriidae,643549,731943,Holothuriidae,"Burmeister, 1837",accepted,NA,Family,731943,Holothuriidae,"Burmeister, 1837",1036233,Animalia,Holothuroidea,Holothuriida,NA,1,NA,NA,NA,0,exact
Holothuria austrinabassa,Echinodermata,Holothuriidae,557890,123183,Holothuriidae,"Ludwig, 1894",unaccepted,NA,Family,731943,Holothuriidae,"Burmeister, 1837",1036233,Animalia,Holothuroidea,Holothuriida,NA,1,NA,NA,NA,NA,exact
Holothuria austrinabassa,Echinodermata,Holothuriidae,557890,731943,Holothuriidae,"Burmeister, 1837",accepted,NA,Family,731943,Holothuriidae,"Burmeister, 1837",1036233,Animalia,Holothuroidea,Holothuriida,NA,1,NA,NA,NA,0,exact
Holothuria forskali,Echinodermata,Holothuriidae,187783,123183,Holothuriidae,"Ludwig, 1894",unaccepted,NA,Family,731943,Holothuriidae,"Burmeister, 1837",1036233,Animalia,Holothuroidea,Holothuriida,NA,1,NA,NA,NA,NA,exact
Holothuria forskali,Echinodermata,Holothuriidae,187783,731943,Holothuriidae,"Burmeister, 1837",accepted,NA,Family,731943,Holothuriidae,"Burmeister, 1837",1036233,Animalia,Holothuroidea,Holothuriida,NA,1,NA,NA,NA,0,exact
Holothuria floridana,Echinodermata,Holothuriidae,557882,123183,Holothuriidae,"Ludwig, 1894",unaccepted,NA,Family,731943,Holothuriidae,"Burmeister, 1837",1036233,Animalia,Holothuroidea,Holothuriida,NA,1,NA,NA,NA,NA,exact
Holothuria floridana,Echinodermata,Holothuriidae,557882,731943,Holothuriidae,"Burmeister, 1837",accepted,NA,Family,731943,Holothuriidae,"Burmeister, 1837",1036233,Animalia,Holothuroidea,Holothuriida,NA,1,NA,NA,NA,0,exact
Holothuria nigralutea,Echinodermata,Holothuriidae,557885,123183,Holothuriidae,"Ludwig, 1894",unaccepted,NA,Family,731943,Holothuriidae,"Burmeister, 1837",1036233,Animalia,Holothuroidea,Holothuriida,NA,1,NA,NA,NA,NA,exact
Holothuria nigralutea,Echinodermata,Holothuriidae,557885,731943,Holothuriidae,"Burmeister, 1837",accepted,NA,Family,731943,Holothuriidae,"Burmeister, 1837",1036233,Animalia,Holothuroidea,Holothuriida,NA,1,NA,NA,NA,0,exact
Holothuria edulis,Echinodermata,Holothuriidae,431586,123183,Holothuriidae,"Ludwig, 1894",unaccepted,NA,Family,731943,Holothuriidae,"Burmeister, 1837",1036233,Animalia,Holothuroidea,Holothuriida,NA,1,NA,NA,NA,NA,exact
Holothuria edulis,Echinodermata,Holothuriidae,431586,731943,Holothuriidae,"Burmeister, 1837",accepted,NA,Family,731943,Holothuriidae,"Burmeister, 1837",1036233,Animalia,Holothuroidea,Holothuriida,NA,1,NA,NA,NA,0,exact
Digramma interrupta,Platyhelminthes,Diphyllobothriidae,566490,104937,Diphyllobothriidae,"Lühe, 1910",accepted,NA,Family,104937,Diphyllobothriidae,"Lühe, 1910",515793,Animalia,Cestoda,Diphyllobothriidea,NA,1,1,1,1,NA,exact
Aphelenchoides heidelbergi,Nematoda,Aphelenchoididae,333006,153179,Aphelenchoididae,"Skarbilovich, 1947",accepted,NA,Family,153179,Aphelenchoididae,"Skarbilovich, 1947",227109,Animalia,Chromadorea,Rhabditida,NA,1,1,1,1,NA,exact
Laimaphelenchus preissii,Nematoda,Aphelenchoididae,187751,153179,Aphelenchoididae,"Skarbilovich, 1947",accepted,NA,Family,153179,Aphelenchoididae,"Skarbilovich, 1947",227109,Animalia,Chromadorea,Rhabditida,NA,1,1,1,1,NA,exact
Gyrodactylus albolacustris x Gyrodactylus botnicus,Platyhelminthes,Gyrodactylidae,5133100,119229,Gyrodactylidae,"Cobbold, 1864",accepted,NA,Family,119229,Gyrodactylidae,"Cobbold, 1864",517898,Animalia,Monogenea,Gyrodactylidea,NA,1,1,1,1,NA,exact
Fuhrmannetta malakartis,Platyhelminthes,Davaineidae,832292,104927,Davaineidae,"Braun, 1900",accepted,NA,Family,104927,Davaineidae,"Braun, 1900",104913,Animalia,Cestoda,Cyclophyllidea,NA,1,1,1,NA,NA,exact
Raillietina tunetensis,Platyhelminthes,Davaineidae,613194,104927,Davaineidae,"Braun, 1900",accepted,NA,Family,104927,Davaineidae,"Braun, 1900",104913,Animalia,Cestoda,Cyclophyllidea,NA,1,1,1,NA,NA,exact
Rostellascaris,Nematoda,Ascarididae,NULL,22862,Ascarididae,"Baird, 1853",accepted,NA,Family,22862,Ascarididae,"Baird, 1853",22816,Animalia,Chromadorea,Rhabditida,NA,1,NA,1,1,NA,exact
Holothuria cinerascens,Echinodermata,Holothuriidae,629315,123183,Holothuriidae,"Ludwig, 1894",unaccepted,NA,Family,731943,Holothuriidae,"Burmeister, 1837",1036233,Animalia,Holothuroidea,Holothuriida,NA,1,NA,NA,NA,NA,exact
Holothuria cinerascens,Echinodermata,Holothuriidae,629315,731943,Holothuriidae,"Burmeister, 1837",accepted,NA,Family,731943,Holothuriidae,"Burmeister, 1837",1036233,Animalia,Holothuroidea,Holothuriida,NA,1,NA,NA,NA,0,exact
Stichopus hermanni,Echinodermata,Stichopodidae,269098,123184,Stichopodidae,"Haeckel, 1896",accepted,NA,Family,123184,Stichopodidae,"Haeckel, 1896",1036229,Animalia,Holothuroidea,Synallactida,NA,1,NA,NA,NA,NA,exact
Goniocidaris tubaria,Echinodermata,Cidaridae,350759,123158,Cidaridae,"Gray, 1825",accepted,NA,Family,123158,Cidaridae,"Gray, 1825",852318,Animalia,Echinoidea,Cidaroida,NA,1,0,0,0,0,exact
Trichobilharzia stagnicolae,Platyhelminthes,Schistosomatidae,1092101,108478,Schistosomatidae,"Stiles & Hassall, 1898",accepted,NA,Family,108478,Schistosomatidae,"Stiles & Hassall, 1898",108419,Animalia,Trematoda,Diplostomida,NA,1,1,1,1,NA,exact
Trichobilharzia querquedulae,Platyhelminthes,Schistosomatidae,565546,108478,Schistosomatidae,"Stiles & Hassall, 1898",accepted,NA,Family,108478,Schistosomatidae,"Stiles & Hassall, 1898",108419,Animalia,Trematoda,Diplostomida,NA,1,1,1,1,NA,exact
Astropecten oerstedii,Echinodermata,Astropectinidae,964774,123127,Astropectinidae,"Gray, 1840",accepted,NA,Family,123127,Astropectinidae,"Gray, 1840",123088,Animalia,Asteroidea,Paxillosida,NA,1,0,0,0,0,exact
Holothuria leucospilota,Echinodermata,Holothuriidae,400706,123183,Holothuriidae,"Ludwig, 1894",unaccepted,NA,Family,731943,Holothuriidae,"Burmeister, 1837",1036233,Animalia,Holothuroidea,Holothuriida,NA,1,NA,NA,NA,NA,exact
Holothuria leucospilota,Echinodermata,Holothuriidae,400706,731943,Holothuriidae,"Burmeister, 1837",accepted,NA,Family,731943,Holothuriidae,"Burmeister, 1837",1036233,Animalia,Holothuroidea,Holothuriida,NA,1,NA,NA,NA,0,exact
Alaria mustelae,Platyhelminthes,Diplostomidae,758305,108459,Diplostomidae,"Poirier, 1886",accepted,NA,Family,108459,Diplostomidae,"Poirier, 1886",108416,Animalia,Trematoda,Diplostomida,NA,1,1,1,1,NA,exact
Schistosoma haematobium x Schistosoma bovis,Platyhelminthes,Schistosomatidae,5132518,108478,Schistosomatidae,"Stiles & Hassall, 1898",accepted,NA,Family,108478,Schistosomatidae,"Stiles & Hassall, 1898",108419,Animalia,Trematoda,Diplostomida,NA,1,1,1,1,NA,exact
Didymocystis bifasciatus,Platyhelminthes,Didymozoidae,579829,108470,Didymozoidae,"Monticelli, 1888",accepted,NA,Family,108470,Didymozoidae,"Monticelli, 1888",108418,Animalia,Trematoda,Plagiorchiida,NA,1,1,1,NA,NA,exact
Koellikeria globosa,Platyhelminthes,Didymozoidae,579837,108470,Didymozoidae,"Monticelli, 1888",accepted,NA,Family,108470,Didymozoidae,"Monticelli, 1888",108418,Animalia,Trematoda,Plagiorchiida,NA,1,1,1,NA,NA,exact
Raphidascaris trichiuri,Nematoda,Raphidascarididae,80688,731849,Raphidascarididae,"Hartwich, 1954",accepted,NA,Family,731849,Raphidascarididae,"Hartwich, 1954",22816,Animalia,Chromadorea,Rhabditida,NA,1,1,1,1,NA,exact
Contracaecum muraenesoxi,Nematoda,Anisakidae,752386,19961,Anisakidae,"Railliet & Henry, 1912",accepted,NA,Family,19961,Anisakidae,"Railliet & Henry, 1912",22816,Animalia,Chromadorea,Rhabditida,NA,1,1,1,1,NA,exact
Holothuria scabra,Echinodermata,Holothuriidae,293311,123183,Holothuriidae,"Ludwig, 1894",unaccepted,NA,Family,731943,Holothuriidae,"Burmeister, 1837",1036233,Animalia,Holothuroidea,Holothuriida,NA,1,NA,NA,NA,NA,exact
Holothuria scabra,Echinodermata,Holothuriidae,293311,731943,Holothuriidae,"Burmeister, 1837",accepted,NA,Family,731943,Holothuriidae,"Burmeister, 1837",1036233,Animalia,Holothuroidea,Holothuriida,NA,1,NA,NA,NA,0,exact
Litomosa chiropterorum,Nematoda,Onchocercidae,326183,22876,Onchocercidae,"Leiper, 1911",accepted,NA,Family,22876,Onchocercidae,"Leiper, 1911",22875,Animalia,Chromadorea,Rhabditida,NA,1,NA,NA,1,NA,exact
Panagrolaimus paetzoldi,Nematoda,Panagrolaimidae,173698,153394,Panagrolaimidae,"Thorne, 1937",accepted,NA,Family,153394,Panagrolaimidae,"Thorne, 1937",458817,Animalia,Chromadorea,Rhabditida,NA,1,1,1,1,NA,exact
Foleyella candezei,Nematoda,Onchocercidae,182972,22876,Onchocercidae,"Leiper, 1911",accepted,NA,Family,22876,Onchocercidae,"Leiper, 1911",22875,Animalia,Chromadorea,Rhabditida,NA,1,NA,NA,1,NA,exact
Holothuria dakarensis,Echinodermata,Holothuriidae,316615,123183,Holothuriidae,"Ludwig, 1894",unaccepted,NA,Family,731943,Holothuriidae,"Burmeister, 1837",1036233,Animalia,Holothuroidea,Holothuriida,NA,1,NA,NA,NA,NA,exact
Holothuria dakarensis,Echinodermata,Holothuriidae,316615,731943,Holothuriidae,"Burmeister, 1837",accepted,NA,Family,731943,Holothuriidae,"Burmeister, 1837",1036233,Animalia,Holothuroidea,Holothuriida,NA,1,NA,NA,NA,0,exact
Metastrongylus pudendotectus,Nematoda,Metastrongylidae,223959,834873,Metastrongylidae,"Molin, 1861",accepted,NA,Family,834873,Metastrongylidae,"Molin, 1861",834868,Animalia,Chromadorea,Rhabditida,NA,1,NA,1,1,NA,exact
Metastrongylus salmi,Nematoda,Metastrongylidae,223960,834873,Metastrongylidae,"Molin, 1861",accepted,NA,Family,834873,Metastrongylidae,"Molin, 1861",834868,Animalia,Chromadorea,Rhabditida,NA,1,NA,1,1,NA,exact
Clarkcomanthus comanthipinnus,Echinodermata,Comatulidae,325739,828512,Comatulidae,"Fleming, 1828",accepted,NA,Family,828512,Comatulidae,"Fleming, 1828",828511,Animalia,Crinoidea,Comatulida,NA,1,0,0,0,NA,exact
Schistosoma kisumuensis,Platyhelminthes,Schistosomatidae,964944,108478,Schistosomatidae,"Stiles & Hassall, 1898",accepted,NA,Family,108478,Schistosomatidae,"Stiles & Hassall, 1898",108419,Animalia,Trematoda,Diplostomida,NA,1,1,1,1,NA,exact
Endoxocrinus parrae,Echinodermata,Isocrinidae,269242,123154,Isocrinidae,"Gislén, 1924",accepted,NA,Family,123154,Isocrinidae,"Gislén, 1924",246656,Animalia,Crinoidea,Isocrinida,NA,1,0,0,0,NA,exact
Aphelenchoides ritzemabosi,Nematoda,Aphelenchoididae,843447,153179,Aphelenchoididae,"Skarbilovich, 1947",accepted,NA,Family,153179,Aphelenchoididae,"Skarbilovich, 1947",227109,Animalia,Chromadorea,Rhabditida,NA,1,1,1,1,NA,exact
Taenia pisiformis,Platyhelminthes,Taeniidae,1004841,836271,Taeniidae,"Ludwig, 1886",accepted,NA,Family,836271,Taeniidae,"Ludwig, 1886",104913,Animalia,Cestoda,Cyclophyllidea,NA,1,NA,NA,NA,NA,exact
Nearchaster aciculosus,Echinodermata,Benthopectinidae,300728,123126,Benthopectinidae,"Verrill, 1899",accepted,NA,Family,123126,Benthopectinidae,"Verrill, 1899",123087,Animalia,Asteroidea,Notomyotida,NA,1,0,0,0,0,exact
Asteroporpa indicus,Echinodermata,Gorgonocephalidae,3655692,123203,Gorgonocephalidae,"Ljungman, 1867",accepted,NA,Family,123203,Gorgonocephalidae,"Ljungman, 1867",242196,Animalia,Ophiuroidea,Euryalida,NA,1,0,0,0,0,exact
Ophiura stellata,Echinodermata,Ophiuridae,3654660,123200,Ophiuridae,"Müller & Troschel, 1840",accepted,NA,Family,123200,Ophiuridae,"Müller & Troschel, 1840",242195,Animalia,Ophiuroidea,Ophiurida,NA,1,0,0,0,NA,exact
Paragonimus heterotremus,Platyhelminthes,Troglotrematidae,721958,468969,Troglotrematidae,"Odhner, 1914",accepted,NA,Family,468969,Troglotrematidae,"Odhner, 1914",1578386,Animalia,Trematoda,Plagiorchiida,NA,1,NA,1,1,NA,exact
Paragonimus microrchis,Platyhelminthes,Troglotrematidae,574461,468969,Troglotrematidae,"Odhner, 1914",accepted,NA,Family,468969,Troglotrematidae,"Odhner, 1914",1578386,Animalia,Trematoda,Plagiorchiida,NA,1,NA,1,1,NA,exact
Ophiura platyacantha,Echinodermata,Ophiuridae,3654669,123200,Ophiuridae,"Müller & Troschel, 1840",accepted,NA,Family,123200,Ophiuridae,"Müller & Troschel, 1840",242195,Animalia,Ophiuroidea,Ophiurida,NA,1,0,0,0,NA,exact
Ditylenchus gigas,Nematoda,Anguinidae,757133,458828,Anguinidae,"Nicoll, 1935",accepted,NA,Family,458828,Anguinidae,"Nicoll, 1935",731853,Animalia,Chromadorea,Rhabditida,NA,1,1,1,1,NA,exact
Baylisascaris ailuri,Nematoda,Ascarididae,1016749,22862,Ascarididae,"Baird, 1853",accepted,NA,Family,22862,Ascarididae,"Baird, 1853",22816,Animalia,Chromadorea,Rhabditida,NA,1,NA,1,1,NA,exact
Baylisascaris schroederi,Nematoda,Ascarididae,1016861,22862,Ascarididae,"Baird, 1853",accepted,NA,Family,22862,Ascarididae,"Baird, 1853",22816,Animalia,Chromadorea,Rhabditida,NA,1,NA,1,1,NA,exact
Paragonimus kellicotti,Platyhelminthes,Troglotrematidae,721952,468969,Troglotrematidae,"Odhner, 1914",accepted,NA,Family,468969,Troglotrematidae,"Odhner, 1914",1578386,Animalia,Trematoda,Plagiorchiida,NA,1,NA,1,1,NA,exact
Mansonella ozzardi,Nematoda,Onchocercidae,1020921,22876,Onchocercidae,"Leiper, 1911",accepted,NA,Family,22876,Onchocercidae,"Leiper, 1911",22875,Animalia,Chromadorea,Rhabditida,NA,1,NA,NA,1,NA,exact
Baylisascaris procyonis,Nematoda,Ascarididae,345755,22862,Ascarididae,"Baird, 1853",accepted,NA,Family,22862,Ascarididae,"Baird, 1853",22816,Animalia,Chromadorea,Rhabditida,NA,1,NA,1,1,NA,exact
Devibursaphelenchus eproctatus,Nematoda,Aphelenchoididae,278077,153179,Aphelenchoididae,"Skarbilovich, 1947",accepted,NA,Family,153179,Aphelenchoididae,"Skarbilovich, 1947",227109,Animalia,Chromadorea,Rhabditida,NA,1,1,1,1,NA,exact
Rodentolepis fraterna,Platyhelminthes,Hymenolepididae,147120,104930,Hymenolepididae,"Ariola, 1899",accepted,NA,Family,104930,Hymenolepididae,"Ariola, 1899",104913,Animalia,Cestoda,Cyclophyllidea,NA,1,1,1,1,NA,exact
Hurleytrematoides coronatum,Platyhelminthes,Monorchiidae,875719,108453,Monorchiidae,"Odhner, 1911",accepted,NA,Family,108453,Monorchiidae,"Odhner, 1911",468942,Animalia,Trematoda,Plagiorchiida,NA,1,1,1,NA,NA,exact
Hunterella nodulosa,Platyhelminthes,Caryophyllaeidae,14979,104925,Caryophyllaeidae,"Leuckart, 1878",accepted,NA,Family,104925,Caryophyllaeidae,"Leuckart, 1878",104912,Animalia,Cestoda,Caryophyllidea,NA,1,1,1,NA,NA,exact
Urogonimus macrostomus,Platyhelminthes,Leucochloridiidae,209086,108464,Leucochloridiidae,"Poche, 1907",accepted,NA,Family,108464,Leucochloridiidae,"Poche, 1907",468885,Animalia,Trematoda,Diplostomida,NA,1,NA,1,1,NA,exact
Acanthocheilonema delicata,Nematoda,Onchocercidae,386133,22876,Onchocercidae,"Leiper, 1911",accepted,NA,Family,22876,Onchocercidae,"Leiper, 1911",22875,Animalia,Chromadorea,Rhabditida,NA,1,NA,NA,1,NA,exact
Ogmocotyle sikae,Platyhelminthes,Notocotylidae,219556,108427,Notocotylidae,"Lühe, 1909",accepted,NA,Family,108427,Notocotylidae,"Lühe, 1909",468953,Animalia,Trematoda,Plagiorchiida,NA,1,1,1,1,NA,exact
Chandlerella quiscali,Nematoda,Onchocercidae,157404,22876,Onchocercidae,"Leiper, 1911",accepted,NA,Family,22876,Onchocercidae,"Leiper, 1911",22875,Animalia,Chromadorea,Rhabditida,NA,1,NA,NA,1,NA,exact
Madathamugadia hiepei,Nematoda,Onchocercidae,450162,22876,Onchocercidae,"Leiper, 1911",accepted,NA,Family,22876,Onchocercidae,"Leiper, 1911",22875,Animalia,Chromadorea,Rhabditida,NA,1,NA,NA,1,NA,exact
Rumenfilaria andersoni,Nematoda,Onchocercidae,512111,22876,Onchocercidae,"Leiper, 1911",accepted,NA,Family,22876,Onchocercidae,"Leiper, 1911",22875,Animalia,Chromadorea,Rhabditida,NA,1,NA,NA,1,NA,exact
Brachisternaster chesheri,Echinodermata,Schizasteridae,200585,123176,Schizasteridae,"Lambert, 1905",accepted,NA,Family,123176,Schizasteridae,"Lambert, 1905",510547,Animalia,Echinoidea,Spatangoida,NA,1,0,0,0,0,exact
Calicophoron shillongensis,Platyhelminthes,Paramphistomidae,5501732,238054,Paramphistomidae,"Fischoeder, 1901",accepted,NA,Family,238054,Paramphistomidae,"Fischoeder, 1901",108406,Animalia,Trematoda,Plagiorchiida,NA,1,NA,NA,NA,0,exact
Orthocoelium streptocoelium,Platyhelminthes,Paramphistomidae,291471,238054,Paramphistomidae,"Fischoeder, 1901",accepted,NA,Family,238054,Paramphistomidae,"Fischoeder, 1901",108406,Animalia,Trematoda,Plagiorchiida,NA,1,NA,NA,NA,0,exact
Leiperocotyle meghalayensis,Platyhelminthes,Paramphistomidae,5501736,238054,Paramphistomidae,"Fischoeder, 1901",accepted,NA,Family,238054,Paramphistomidae,"Fischoeder, 1901",108406,Animalia,Trematoda,Plagiorchiida,NA,1,NA,NA,NA,0,exact
Cotylophoron cotylophorum,Platyhelminthes,Paramphistomidae,352102,238054,Paramphistomidae,"Fischoeder, 1901",accepted,NA,Family,238054,Paramphistomidae,"Fischoeder, 1901",108406,Animalia,Trematoda,Plagiorchiida,NA,1,NA,NA,NA,0,exact
Orthocoelium orthocoelium,Platyhelminthes,Paramphistomidae,5501735,238054,Paramphistomidae,"Fischoeder, 1901",accepted,NA,Family,238054,Paramphistomidae,"Fischoeder, 1901",108406,Animalia,Trematoda,Plagiorchiida,NA,1,NA,NA,NA,0,exact
Explanatum explanatum,Platyhelminthes,Paramphistomidae,966415,238054,Paramphistomidae,"Fischoeder, 1901",accepted,NA,Family,238054,Paramphistomidae,"Fischoeder, 1901",108406,Animalia,Trematoda,Plagiorchiida,NA,1,NA,NA,NA,0,exact
Calicophoron calicophorum,Platyhelminthes,Paramphistomidae,818957,238054,Paramphistomidae,"Fischoeder, 1901",accepted,NA,Family,238054,Paramphistomidae,"Fischoeder, 1901",108406,Animalia,Trematoda,Plagiorchiida,NA,1,NA,NA,NA,0,exact
Paramphistomum epiclitum,Platyhelminthes,Paramphistomidae,353033,238054,Paramphistomidae,"Fischoeder, 1901",accepted,NA,Family,238054,Paramphistomidae,"Fischoeder, 1901",108406,Animalia,Trematoda,Plagiorchiida,NA,1,NA,NA,NA,0,exact
Gigantobilharzia melanoidis,Platyhelminthes,Schistosomatidae,5493218,108478,Schistosomatidae,"Stiles & Hassall, 1898",accepted,NA,Family,108478,Schistosomatidae,"Stiles & Hassall, 1898",108419,Animalia,Trematoda,Diplostomida,NA,1,1,1,1,NA,exact
Paragonimus mexicanus,Platyhelminthes,Troglotrematidae,329192,468969,Troglotrematidae,"Odhner, 1914",accepted,NA,Family,468969,Troglotrematidae,"Odhner, 1914",1578386,Animalia,Trematoda,Plagiorchiida,NA,1,NA,1,1,NA,exact
Cercopithifilaria rugosicauda,Nematoda,Onchocercidae,4167293,22876,Onchocercidae,"Leiper, 1911",accepted,NA,Family,22876,Onchocercidae,"Leiper, 1911",22875,Animalia,Chromadorea,Rhabditida,NA,1,NA,NA,1,NA,exact
Comatula pectinata,Echinodermata,Comatulidae,3647529,828512,Comatulidae,"Fleming, 1828",accepted,NA,Family,828512,Comatulidae,"Fleming, 1828",828511,Animalia,Crinoidea,Comatulida,NA,1,0,0,0,NA,exact
Endoxocrinus alternicirrus,Echinodermata,Isocrinidae,850195,123154,Isocrinidae,"Gislén, 1924",accepted,NA,Family,123154,Isocrinidae,"Gislén, 1924",246656,Animalia,Crinoidea,Isocrinida,NA,1,0,0,0,NA,exact
Dicrocoelium chinensis,Platyhelminthes,Dicrocoeliidae,727490,108469,Dicrocoeliidae,"Looss, 1899",accepted,NA,Family,108469,Dicrocoeliidae,"Looss, 1899",468959,Animalia,Trematoda,Plagiorchiida,NA,1,1,1,1,NA,exact
Dicrocoelium dendriticum,Platyhelminthes,Dicrocoeliidae,509051,108469,Dicrocoeliidae,"Looss, 1899",accepted,NA,Family,108469,Dicrocoeliidae,"Looss, 1899",468959,Animalia,Trematoda,Plagiorchiida,NA,1,1,1,1,NA,exact
Paramphistomum cervi,Platyhelminthes,Paramphistomidae,8416,238054,Paramphistomidae,"Fischoeder, 1901",accepted,NA,Family,238054,Paramphistomidae,"Fischoeder, 1901",108406,Animalia,Trematoda,Plagiorchiida,NA,1,NA,NA,NA,0,exact
Pygidiopsis macrostomum,Platyhelminthes,Heterophyidae,5706477,108441,Heterophyidae,"Leiper, 1909",accepted,NA,Family,108441,Heterophyidae,"Leiper, 1909",108410,Animalia,Trematoda,Plagiorchiida,NA,1,1,1,1,NA,exact
Crenosoma striatum,Nematoda,Crenosomatidae,867752,458827,Crenosomatidae,"Schulz, 1951",accepted,NA,Family,458827,Crenosomatidae,"Schulz, 1951",834868,Animalia,Chromadorea,Rhabditida,NA,1,NA,NA,NA,NA,exact
Capillaria aerophila,Nematoda,Capillariidae,409022,834681,Capillariidae,"Railliet, 1915",accepted,NA,Family,834681,Capillariidae,"Railliet, 1915",22845,Animalia,Enoplea,Trichinellida,NA,1,1,1,1,NA,exact
Spirometra decipiens,Platyhelminthes,Diphyllobothriidae,913065,104937,Diphyllobothriidae,"Lühe, 1910",accepted,NA,Family,104937,Diphyllobothriidae,"Lühe, 1910",515793,Animalia,Cestoda,Diphyllobothriidea,NA,1,1,1,1,NA,exact
Coronacanthus magnihamatus,Platyhelminthes,Hymenolepididae,5137618,104930,Hymenolepididae,"Ariola, 1899",accepted,NA,Family,104930,Hymenolepididae,"Ariola, 1899",104913,Animalia,Cestoda,Cyclophyllidea,NA,1,1,1,1,NA,exact
Coronacanthus vassilevi,Platyhelminthes,Hymenolepididae,5137617,104930,Hymenolepididae,"Ariola, 1899",accepted,NA,Family,104930,Hymenolepididae,"Ariola, 1899",104913,Animalia,Cestoda,Cyclophyllidea,NA,1,1,1,1,NA,exact
Coronacanthus integrus,Platyhelminthes,Hymenolepididae,5137622,104930,Hymenolepididae,"Ariola, 1899",accepted,NA,Family,104930,Hymenolepididae,"Ariola, 1899",104913,Animalia,Cestoda,Cyclophyllidea,NA,1,1,1,1,NA,exact
Coronacanthus omissus,Platyhelminthes,Hymenolepididae,5693903,104930,Hymenolepididae,"Ariola, 1899",accepted,NA,Family,104930,Hymenolepididae,"Ariola, 1899",104913,Animalia,Cestoda,Cyclophyllidea,NA,1,1,1,1,NA,exact
Troglotrema acutum,Platyhelminthes,Troglotrematidae,3672534,468969,Troglotrematidae,"Odhner, 1914",accepted,NA,Family,468969,Troglotrematidae,"Odhner, 1914",1578386,Animalia,Trematoda,Plagiorchiida,NA,1,NA,1,1,NA,exact
Comatula rotalaria,Echinodermata,Comatulidae,3647555,828512,Comatulidae,"Fleming, 1828",accepted,NA,Family,828512,Comatulidae,"Fleming, 1828",828511,Animalia,Crinoidea,Comatulida,NA,1,0,0,0,NA,exact
Comatula solaris,Echinodermata,Comatulidae,3647544,828512,Comatulidae,"Fleming, 1828",accepted,NA,Family,828512,Comatulidae,"Fleming, 1828",828511,Animalia,Crinoidea,Comatulida,NA,1,0,0,0,NA,exact
Parascaris univalens,Nematoda,Ascarididae,345764,22862,Ascarididae,"Baird, 1853",accepted,NA,Family,22862,Ascarididae,"Baird, 1853",22816,Animalia,Chromadorea,Rhabditida,NA,1,NA,1,1,NA,exact
Clinostomum philippinense,Platyhelminthes,Clinostomidae,5707096,468902,Clinostomidae,"Lühe, 1901",accepted,NA,Family,468902,Clinostomidae,"Lühe, 1901",108419,Animalia,Trematoda,Diplostomida,NA,1,1,1,1,NA,exact
Laevocnus laevigatus,Echinodermata,Cucumariidae,3652921,123187,Cucumariidae,"Ludwig, 1894",accepted,NA,Family,123187,Cucumariidae,"Ludwig, 1894",123111,Animalia,Holothuroidea,Dendrochirotida,NA,1,NA,NA,NA,NA,exact
Laevocnus perrieri,Echinodermata,Cucumariidae,5708310,123187,Cucumariidae,"Ludwig, 1894",accepted,NA,Family,123187,Cucumariidae,"Ludwig, 1894",123111,Animalia,Holothuroidea,Dendrochirotida,NA,1,NA,NA,NA,NA,exact
Caenorhabditis nigoni,Nematoda,Rhabditidae,5701061,2213,Rhabditidae,"Örley, 1880",accepted,NA,Family,2213,Rhabditidae,"Örley, 1880",2160,Animalia,Chromadorea,Rhabditida,NA,1,1,1,1,NA,exact
Troglostrongylus brevior,Nematoda,Crenosomatidae,860915,458827,Crenosomatidae,"Schulz, 1951",accepted,NA,Family,458827,Crenosomatidae,"Schulz, 1951",834868,Animalia,Chromadorea,Rhabditida,NA,1,NA,NA,NA,NA,exact
Cercopithifilaria bainae,Nematoda,Onchocercidae,331879,22876,Onchocercidae,"Leiper, 1911",accepted,NA,Family,22876,Onchocercidae,"Leiper, 1911",22875,Animalia,Chromadorea,Rhabditida,NA,1,NA,NA,1,NA,exact
Holothuria erinacea,Echinodermata,Holothuriidae,629308,123183,Holothuriidae,"Ludwig, 1894",unaccepted,NA,Family,731943,Holothuriidae,"Burmeister, 1837",1036233,Animalia,Holothuroidea,Holothuriida,NA,1,NA,NA,NA,NA,exact
Holothuria erinacea,Echinodermata,Holothuriidae,629308,731943,Holothuriidae,"Burmeister, 1837",accepted,NA,Family,731943,Holothuriidae,"Burmeister, 1837",1036233,Animalia,Holothuroidea,Holothuriida,NA,1,NA,NA,NA,0,exact
Holothuria moebii,Echinodermata,Holothuriidae,107767,123183,Holothuriidae,"Ludwig, 1894",unaccepted,NA,Family,731943,Holothuriidae,"Burmeister, 1837",1036233,Animalia,Holothuroidea,Holothuriida,NA,1,NA,NA,NA,NA,exact
Holothuria moebii,Echinodermata,Holothuriidae,107767,731943,Holothuriidae,"Burmeister, 1837",accepted,NA,Family,731943,Holothuriidae,"Burmeister, 1837",1036233,Animalia,Holothuroidea,Holothuriida,NA,1,NA,NA,NA,0,exact
Phyllophorus cebuensis,Echinodermata,Phyllophoridae,3652613,123188,Phyllophoridae,"Östergren, 1907",accepted,NA,Family,123188,Phyllophoridae,"Östergren, 1907",123111,Animalia,Holothuroidea,Dendrochirotida,NA,1,NA,NA,NA,NA,exact
Nearchaster pedicellaris,Echinodermata,Benthopectinidae,3657480,123126,Benthopectinidae,"Verrill, 1899",accepted,NA,Family,123126,Benthopectinidae,"Verrill, 1899",123087,Animalia,Asteroidea,Notomyotida,NA,1,0,0,0,0,exact
Trichobilharzia anseri,Platyhelminthes,Schistosomatidae,5707146,108478,Schistosomatidae,"Stiles & Hassall, 1898",accepted,NA,Family,108478,Schistosomatidae,"Stiles & Hassall, 1898",108419,Animalia,Trematoda,Diplostomida,NA,1,1,1,1,NA,exact
Physaloptera mirandai,Nematoda,Physalopteridae,4990127,22839,Physalopteridae,"Railliet, 1893",accepted,NA,Family,22839,Physalopteridae,"Railliet, 1893",22838,Animalia,Chromadorea,Rhabditida,NA,1,NA,NA,1,0,exact
Dipetalonema evansi,Nematoda,Onchocercidae,4989137,22876,Onchocercidae,"Leiper, 1911",accepted,NA,Family,22876,Onchocercidae,"Leiper, 1911",22875,Animalia,Chromadorea,Rhabditida,NA,1,NA,NA,1,NA,exact
Pseudanoplocephala crawfordi,Platyhelminthes,Hymenolepididae,5137360,104930,Hymenolepididae,"Ariola, 1899",accepted,NA,Family,104930,Hymenolepididae,"Ariola, 1899",104913,Animalia,Cestoda,Cyclophyllidea,NA,1,1,1,1,NA,exact
Mansonella perstans,Nematoda,Onchocercidae,685524,22876,Onchocercidae,"Leiper, 1911",accepted,NA,Family,22876,Onchocercidae,"Leiper, 1911",22875,Animalia,Chromadorea,Rhabditida,NA,1,NA,NA,1,NA,exact
Procamallanus spiculogubernaculus,Nematoda,Camallanidae,4991064,22843,Camallanidae,"Railliet & Henry, 1915",accepted,NA,Family,22843,Camallanidae,"Railliet & Henry, 1915",22842,Animalia,Chromadorea,Rhabditida,NA,1,1,1,1,NA,exact
Ascaris ovis,Nematoda,Ascarididae,3588159,22862,Ascarididae,"Baird, 1853",accepted,NA,Family,22862,Ascarididae,"Baird, 1853",22816,Animalia,Chromadorea,Rhabditida,NA,1,NA,1,1,NA,exact
Renicola sternae,Platyhelminthes,Renicolidae,6367671,108451,Renicolidae,"Dollfus, 1939",accepted,NA,Family,108451,Renicolidae,"Dollfus, 1939",108409,Animalia,Trematoda,Plagiorchiida,NA,1,1,1,1,NA,exact
Globodera ellingtonae,Nematoda,Heteroderidae,1043842,1293967,Heteroderidae,"Filipjev & Schuurmans Stekhoven, 1941",accepted,NA,Family,1293967,Heteroderidae,"Filipjev & Schuurmans Stekhoven, 1941",227111,Animalia,Chromadorea,Rhabditida,NA,NA,1,1,1,NA,exact
Ichtyobronema hamulatum,Nematoda,Rhabdochonidae,7074180,22902,Rhabdochonidae,"Skrjabin, 1946",accepted,NA,Family,22902,Rhabdochonidae,"Skrjabin, 1946",834793,Animalia,Chromadorea,Rhabditida,NA,1,1,1,NA,NA,exact
Baylisascaris devosi,Nematoda,Ascarididae,4168102,22862,Ascarididae,"Baird, 1853",accepted,NA,Family,22862,Ascarididae,"Baird, 1853",22816,Animalia,Chromadorea,Rhabditida,NA,1,NA,1,1,NA,exact
Calicophoron phillerouxi,Platyhelminthes,Paramphistomidae,7505295,238054,Paramphistomidae,"Fischoeder, 1901",accepted,NA,Family,238054,Paramphistomidae,"Fischoeder, 1901",108406,Animalia,Trematoda,Plagiorchiida,NA,1,NA,NA,NA,0,exact
Calicophoron raja,Platyhelminthes,Paramphistomidae,7505296,238054,Paramphistomidae,"Fischoeder, 1901",accepted,NA,Family,238054,Paramphistomidae,"Fischoeder, 1901",108406,Animalia,Trematoda,Plagiorchiida,NA,1,NA,NA,NA,0,exact
Calicophoron clavula,Platyhelminthes,Paramphistomidae,7505294,238054,Paramphistomidae,"Fischoeder, 1901",accepted,NA,Family,238054,Paramphistomidae,"Fischoeder, 1901",108406,Animalia,Trematoda,Plagiorchiida,NA,1,NA,NA,NA,0,exact
Paragonimus ohirai,Platyhelminthes,Troglotrematidae,581956,468969,Troglotrematidae,"Odhner, 1914",accepted,NA,Family,468969,Troglotrematidae,"Odhner, 1914",1578386,Animalia,Trematoda,Plagiorchiida,NA,1,NA,1,1,NA,exact
Mansonella mariae,Nematoda,Onchocercidae,570886,22876,Onchocercidae,"Leiper, 1911",accepted,NA,Family,22876,Onchocercidae,"Leiper, 1911",22875,Animalia,Chromadorea,Rhabditida,NA,1,NA,NA,1,NA,exact
Australapatemon burti,Platyhelminthes,Strigeidae,5262721,108460,Strigeidae,"Railliet, 1919",accepted,NA,Family,108460,Strigeidae,"Railliet, 1919",108416,Animalia,Trematoda,Diplostomida,NA,1,1,1,1,NA,exact
Australapatemon mclaughlini,Platyhelminthes,Strigeidae,7506035,108460,Strigeidae,"Railliet, 1919",accepted,NA,Family,108460,Strigeidae,"Railliet, 1919",108416,Animalia,Trematoda,Diplostomida,NA,1,1,1,1,NA,exact
Synhimantus laticeps,Nematoda,Acuariidae,122731,22851,Acuariidae,"Railliet, Henry & Sisoff, 1912",accepted,NA,Family,22851,Acuariidae,"Railliet, Henry & Sisoff, 1912",22850,Animalia,Chromadorea,Rhabditida,NA,1,1,1,1,NA,exact
Perostrongylus falciformis,Nematoda,Filaroididae,3587396,153291,Filaroididae,"Schulz, 1951",accepted,NA,Family,153291,Filaroididae,"Schulz, 1951",834868,Animalia,Chromadorea,Rhabditida,NA,1,NA,NA,1,NA,exact
Diphyllobothrium schistochilos,Platyhelminthes,Diphyllobothriidae,7503116,104937,Diphyllobothriidae,"Lühe, 1910",accepted,NA,Family,104937,Diphyllobothriidae,"Lühe, 1910",515793,Animalia,Cestoda,Diphyllobothriidea,NA,1,1,1,1,NA,exact
Caenorhabditis doughertyi,Nematoda,Rhabditidae,624496,2213,Rhabditidae,"Örley, 1880",accepted,NA,Family,2213,Rhabditidae,"Örley, 1880",2160,Animalia,Chromadorea,Rhabditida,NA,1,1,1,1,NA,exact
Caenorhabditis virilis,Nematoda,Rhabditidae,624494,2213,Rhabditidae,"Örley, 1880",accepted,NA,Family,2213,Rhabditidae,"Örley, 1880",2160,Animalia,Chromadorea,Rhabditida,NA,1,1,1,1,NA,exact
Caenorhabditis wallacei,Nematoda,Rhabditidae,624497,2213,Rhabditidae,"Örley, 1880",accepted,NA,Family,2213,Rhabditidae,"Örley, 1880",2160,Animalia,Chromadorea,Rhabditida,NA,1,1,1,1,NA,exact
Caenorhabditis nouraguensis,Nematoda,Rhabditidae,454025,2213,Rhabditidae,"Örley, 1880",accepted,NA,Family,2213,Rhabditidae,"Örley, 1880",2160,Animalia,Chromadorea,Rhabditida,NA,1,1,1,1,NA,exact
Caenorhabditis macrosperma,Nematoda,Rhabditidae,624491,2213,Rhabditidae,"Örley, 1880",accepted,NA,Family,2213,Rhabditidae,"Örley, 1880",2160,Animalia,Chromadorea,Rhabditida,NA,1,1,1,1,NA,exact
Caenorhabditis afra,Nematoda,Rhabditidae,102813,2213,Rhabditidae,"Örley, 1880",accepted,NA,Family,2213,Rhabditidae,"Örley, 1880",2160,Animalia,Chromadorea,Rhabditida,NA,1,1,1,1,NA,exact
Caenorhabditis castelli,Nematoda,Rhabditidae,5701050,2213,Rhabditidae,"Örley, 1880",accepted,NA,Family,2213,Rhabditidae,"Örley, 1880",2160,Animalia,Chromadorea,Rhabditida,NA,1,1,1,1,NA,exact
Dirofilaria ursi,Nematoda,Onchocercidae,1054674,22876,Onchocercidae,"Leiper, 1911",accepted,NA,Family,22876,Onchocercidae,"Leiper, 1911",22875,Animalia,Chromadorea,Rhabditida,NA,1,NA,NA,1,NA,exact
Brachylaima ezohelicis,Platyhelminthes,Brachylaimidae,7504914,108461,Brachylaimidae,"Joyeux & Foley, 1930",accepted,NA,Family,108461,Brachylaimidae,"Joyeux & Foley, 1930",468885,Animalia,Trematoda,Diplostomida,NA,1,NA,NA,1,NA,exact
Aulonocephalus pennula,Nematoda,Subuluridae,4991464,834815,Subuluridae,"Yorke & Maplestone, 1926",accepted,NA,Family,834815,Subuluridae,"Yorke & Maplestone, 1926",834814,Animalia,Chromadorea,Rhabditida,NA,1,NA,NA,NA,NA,exact
Brachylaima asakawai,Platyhelminthes,Brachylaimidae,7504913,108461,Brachylaimidae,"Joyeux & Foley, 1930",accepted,NA,Family,108461,Brachylaimidae,"Joyeux & Foley, 1930",468885,Animalia,Trematoda,Diplostomida,NA,1,NA,NA,1,NA,exact
Pterygodermatites jagerskioldi,Nematoda,Rictulariidae,4991381,834792,Rictulariidae,"Railliet, 1916",accepted,NA,Family,834792,Rictulariidae,"Railliet, 1916",834791,Animalia,Chromadorea,Rhabditida,NA,1,NA,NA,NA,NA,exact
Angiostoma margaretae,Nematoda,Angiostomatidae,327341,391885,Angiostomatidae,"Blanchard, 1895",accepted,NA,Family,391885,Angiostomatidae,"Blanchard, 1895",2160,Animalia,Chromadorea,Rhabditida,NA,1,NA,1,1,0,exact
Parachristianella mendozai,Platyhelminthes,Eutetrarhynchidae,7503255,104950,Eutetrarhynchidae,"Guiart, 1927",accepted,NA,Family,104950,Eutetrarhynchidae,"Guiart, 1927",508463,Animalia,Cestoda,Trypanorhyncha,NA,1,1,1,NA,NA,exact
Parachristianella kuchtai,Platyhelminthes,Eutetrarhynchidae,7503254,104950,Eutetrarhynchidae,"Guiart, 1927",accepted,NA,Family,104950,Eutetrarhynchidae,"Guiart, 1927",508463,Animalia,Cestoda,Trypanorhyncha,NA,1,1,1,NA,NA,exact
Parachristianella campbelli,Platyhelminthes,Eutetrarhynchidae,7503253,104950,Eutetrarhynchidae,"Guiart, 1927",accepted,NA,Family,104950,Eutetrarhynchidae,"Guiart, 1927",508463,Animalia,Cestoda,Trypanorhyncha,NA,1,1,1,NA,NA,exact
Parachristianella soldanovae,Platyhelminthes,Eutetrarhynchidae,7503256,104950,Eutetrarhynchidae,"Guiart, 1927",accepted,NA,Family,104950,Eutetrarhynchidae,"Guiart, 1927",508463,Animalia,Cestoda,Trypanorhyncha,NA,1,1,1,NA,NA,exact
Characitecium costaricensis,Platyhelminthes,Dactylogyridae,7503446,119226,Dactylogyridae,"Bychowsky, 1933",accepted,NA,Family,119226,Dactylogyridae,"Bychowsky, 1933",517897,Animalia,Monogenea,Dactylogyridea,NA,1,1,1,NA,NA,exact
Afrina sporoboliae,Nematoda,Anguinidae,7075166,458828,Anguinidae,"Nicoll, 1935",accepted,NA,Family,458828,Anguinidae,"Nicoll, 1935",731853,Animalia,Chromadorea,Rhabditida,NA,1,1,1,1,NA,exact
Anguina agrostis,Nematoda,Anguinidae,114647,458828,Anguinidae,"Nicoll, 1935",accepted,NA,Family,458828,Anguinidae,"Nicoll, 1935",731853,Animalia,Chromadorea,Rhabditida,NA,1,1,1,1,NA,exact
Pterygodermatites nycticebi,Nematoda,Rictulariidae,7074150,834792,Rictulariidae,"Railliet, 1916",accepted,NA,Family,834792,Rictulariidae,"Railliet, 1916",834791,Animalia,Chromadorea,Rhabditida,NA,1,NA,NA,NA,NA,exact
Spirocerca vulpis,Nematoda,Thelaziidae,7074197,159669,Thelaziidae,"Skrjabin, 1915",accepted,NA,Family,159669,Thelaziidae,"Skrjabin, 1915",834793,Animalia,Chromadorea,Rhabditida,NA,1,NA,NA,NA,NA,exact
Spirometra ranarum,Platyhelminthes,Diphyllobothriidae,7503124,104937,Diphyllobothriidae,"Lühe, 1910",accepted,NA,Family,104937,Diphyllobothriidae,"Lühe, 1910",515793,Animalia,Cestoda,Diphyllobothriidea,NA,1,1,1,1,NA,exact
Obama tribalis,Platyhelminthes,Geoplanidae,7504627,414975,Geoplanidae,"Stimpson, 1857",accepted,NA,Family,414975,Geoplanidae,"Stimpson, 1857",880146,Animalia,NA,Tricladida,NA,1,NA,1,1,NA,exact
Obama tribalis,Platyhelminthes,Geoplanidae,7504627,414975,Geoplanidae,"Stimpson, 1857",accepted,NA,Family,414975,Geoplanidae,"Stimpson, 1857",880146,Animalia,NA,Tricladida,NA,1,NA,1,1,NA,exact
Alaria americana,Platyhelminthes,Diplostomidae,7505891,108459,Diplostomidae,"Poirier, 1886",accepted,NA,Family,108459,Diplostomidae,"Poirier, 1886",108416,Animalia,Trematoda,Diplostomida,NA,1,1,1,1,NA,exact
Postharmostomum commutatum,Platyhelminthes,Brachylaimidae,7504916,108461,Brachylaimidae,"Joyeux & Foley, 1930",accepted,NA,Family,108461,Brachylaimidae,"Joyeux & Foley, 1930",468885,Animalia,Trematoda,Diplostomida,NA,1,NA,NA,1,NA,exact
Taenia lynciscapreoli,Platyhelminthes,Taeniidae,718132,836271,Taeniidae,"Ludwig, 1886",accepted,NA,Family,836271,Taeniidae,"Ludwig, 1886",104913,Animalia,Cestoda,Cyclophyllidea,NA,1,NA,NA,NA,NA,exact
Vittatidera zeaphila,Nematoda,Heteroderidae,408538,1293967,Heteroderidae,"Filipjev & Schuurmans Stekhoven, 1941",accepted,NA,Family,1293967,Heteroderidae,"Filipjev & Schuurmans Stekhoven, 1941",227111,Animalia,Chromadorea,Rhabditida,NA,NA,1,1,1,NA,exact
Spinitectus mexicanus,Nematoda,Rhabdochonidae,4989751,22902,Rhabdochonidae,"Skrjabin, 1946",accepted,NA,Family,22902,Rhabdochonidae,"Skrjabin, 1946",834793,Animalia,Chromadorea,Rhabditida,NA,1,1,1,NA,NA,exact
Plagiorchis maculosus,Platyhelminthes,Plagiorchiidae,229395,108448,Plagiorchiidae,"Lühe, 1901",accepted,NA,Family,108448,Plagiorchiidae,"Lühe, 1901",108411,Animalia,Trematoda,Plagiorchiida,NA,1,1,1,1,NA,exact
Thaumamermis cosgrovei,Nematoda,Mermithidae,1042825,391379,Mermithidae,"Braun, 1883",accepted,NA,Family,391379,Mermithidae,"Braun, 1883",458805,Animalia,Enoplea,Mermithida,NA,1,NA,1,1,NA,exact
Trypanoxyuris atelis,Nematoda,Oxyuridae,NA,NA,NA,NA,NA,NA,NA,NA,NA,NA,NA,NA,Chromadorea,Rhabditida,Trypanoxyuris,NA,NA,NA,NA,NA,NA
Lemuricola bauchoti,Nematoda,Oxyuridae,NA,NA,NA,NA,NA,NA,NA,NA,NA,NA,NA,NA,Chromadorea,Rhabditida,Lemuricola,NA,NA,NA,NA,NA,NA
Mecistocirrus digitatus,Nematoda,Haemonchidae,NA,NA,NA,NA,NA,NA,NA,NA,NA,NA,NA,NA,Chromadorea,Strongylida,Mecistocirrus,NA,NA,NA,NA,NA,NA
Cooperia oncophora,Nematoda,Cooperiidae,NA,NA,NA,NA,NA,NA,NA,NA,NA,NA,NA,NA,Chromadorea,Strongylida,Cooperia,NA,NA,NA,NA,NA,NA
Ostertagia ostertagi,Nematoda,Haemonchidae,NA,NA,NA,NA,NA,NA,NA,NA,NA,NA,NA,NA,Chromadorea,Strongylida,Ostertagia,NA,NA,NA,NA,NA,NA
Syphacia ohtaorum,Nematoda,Oxyuridae,NA,NA,NA,NA,NA,NA,NA,NA,NA,NA,NA,NA,Chromadorea,Rhabditida,Syphacia,NA,NA,NA,NA,NA,NA
Strongyloides fuelleborni,Nematoda,Strongyloididae,NA,NA,NA,NA,NA,NA,NA,NA,NA,NA,NA,NA,Chromadorea,Rhabditida,Strongyloides,NA,NA,NA,NA,NA,NA
Strongyloides planiceps,Nematoda,Strongyloididae,NA,NA,NA,NA,NA,NA,NA,NA,NA,NA,NA,NA,Chromadorea,Rhabditida,Strongyloides,NA,NA,NA,NA,NA,NA
Strongyloides stercoralis,Nematoda,Strongyloididae,NA,NA,NA,NA,NA,NA,NA,NA,NA,NA,NA,NA,Chromadorea,Rhabditida,Strongyloides,NA,NA,NA,NA,NA,NA
Strongyloides mirzai,Nematoda,Strongyloididae,NA,NA,NA,NA,NA,NA,NA,NA,NA,NA,NA,NA,Chromadorea,Rhabditida,Strongyloides,NA,NA,NA,NA,NA,NA
Angiostrongylus cantonensis,Nematoda,Angiostrongylidae,NA,NA,NA,NA,NA,NA,NA,NA,NA,NA,NA,NA,Chromadorea,Strongylida,Angiostrongylus,NA,NA,NA,NA,NA,NA
Astrobolia,Porifera,NULL,NA,NA,NA,NA,NA,NA,NA,NA,NA,NA,NA,NA,Demospongiae,NULL,NULL,NA,NA,NA,NA,NA,NA
Pristionchus bucculentus,Nematoda,Neodiplogasteridae,NA,NA,NA,NA,NA,NA,NA,NA,NA,NA,NA,NA,Chromadorea,Rhabditida,Pristionchus,NA,NA,NA,NA,NA,NA
Neodiplostomum seoulense,Platyhelminthes,Neodiplostomidae,NA,NA,NA,NA,NA,NA,NA,NA,NA,NA,NA,NA,Trematoda,NULL,Neodiplostomum,NA,NA,NA,NA,NA,NA
Nippostrongylus brasiliensis,Nematoda,Heligmonellidae,NA,NA,NA,NA,NA,NA,NA,NA,NA,NA,NA,NA,Chromadorea,Strongylida,Nippostrongylus,NA,NA,NA,NA,NA,NA
Spathula (genus in Opisthokonta,Platyhelminthes,Dugesiidae,NA,NA,NA,NA,NA,NA,NA,NA,NA,NA,NA,NA,Rhabditophora,Seriata,Spathula,NA,NA,NA,NA,NA,NA
Spathula (genus in Opisthokonta,Platyhelminthes,Dugesiidae,NA,NA,NA,NA,NA,NA,NA,NA,NA,NA,NA,NA,Rhabditophora,Tricladida,Spathula,NA,NA,NA,NA,NA,NA
Toxocara cati,Nematoda,Toxocaridae,NA,NA,NA,NA,NA,NA,NA,NA,NA,NA,NA,NA,Chromadorea,Rhabditida,Toxocara,NA,NA,NA,NA,NA,NA
Cyathostomum catinatum,Nematoda,Strongylidae,NA,NA,NA,NA,NA,NA,NA,NA,NA,NA,NA,NA,Chromadorea,Strongylida,Cyathostomum,NA,NA,NA,NA,NA,NA
Coronocyclus coronatus,Nematoda,Strongylidae,NA,NA,NA,NA,NA,NA,NA,NA,NA,NA,NA,NA,Chromadorea,Strongylida,Coronocyclus,NA,NA,NA,NA,NA,NA
Dictyocaulus viviparus,Nematoda,Dictyocaulidae,NA,NA,NA,NA,NA,NA,NA,NA,NA,NA,NA,NA,Chromadorea,Strongylida,Dictyocaulus,NA,NA,NA,NA,NA,NA
Cylicostephanus goldi,Nematoda,Strongylidae,NA,NA,NA,NA,NA,NA,NA,NA,NA,NA,NA,NA,Chromadorea,Strongylida,Cylicostephanus,NA,NA,NA,NA,NA,NA
Tridentoinfundibulum gobi,Nematoda,Strongylidae,NA,NA,NA,NA,NA,NA,NA,NA,NA,NA,NA,NA,Chromadorea,Strongylida,Tridentoinfundibulum,NA,NA,NA,NA,NA,NA
Cylicocyclus insigne,Nematoda,Strongylidae,NA,NA,NA,NA,NA,NA,NA,NA,NA,NA,NA,NA,Chromadorea,Strongylida,Cylicocyclus,NA,NA,NA,NA,NA,NA
Cylicostephanus longibursatus,Nematoda,Strongylidae,NA,NA,NA,NA,NA,NA,NA,NA,NA,NA,NA,NA,Chromadorea,Strongylida,Cylicostephanus,NA,NA,NA,NA,NA,NA
Cylicostephanus minutus,Nematoda,Strongylidae,NA,NA,NA,NA,NA,NA,NA,NA,NA,NA,NA,NA,Chromadorea,Strongylida,Cylicostephanus,NA,NA,NA,NA,NA,NA
Cylicocyclus nassatus,Nematoda,Strongylidae,NA,NA,NA,NA,NA,NA,NA,NA,NA,NA,NA,NA,Chromadorea,Strongylida,Cylicocyclus,NA,NA,NA,NA,NA,NA
Poteriostomum imparidentatum,Nematoda,Strongylidae,NA,NA,NA,NA,NA,NA,NA,NA,NA,NA,NA,NA,Chromadorea,Strongylida,Poteriostomum,NA,NA,NA,NA,NA,NA
Cyathostomum pateratum,Nematoda,Strongylidae,NA,NA,NA,NA,NA,NA,NA,NA,NA,NA,NA,NA,Chromadorea,Strongylida,Cyathostomum,NA,NA,NA,NA,NA,NA
Strongylus edentatus,Nematoda,Strongylidae,NA,NA,NA,NA,NA,NA,NA,NA,NA,NA,NA,NA,Chromadorea,Strongylida,Strongylus,NA,NA,NA,NA,NA,NA
Strongylus equinus,Nematoda,Strongylidae,NA,NA,NA,NA,NA,NA,NA,NA,NA,NA,NA,NA,Chromadorea,Strongylida,Strongylus,NA,NA,NA,NA,NA,NA
Strongylus vulgaris,Nematoda,Strongylidae,NA,NA,NA,NA,NA,NA,NA,NA,NA,NA,NA,NA,Chromadorea,Strongylida,Strongylus,NA,NA,NA,NA,NA,NA
Triodontophorus serratus,Nematoda,Strongylidae,NA,NA,NA,NA,NA,NA,NA,NA,NA,NA,NA,NA,Chromadorea,Strongylida,Triodontophorus,NA,NA,NA,NA,NA,NA
Cylicocyclus ultrajectinus,Nematoda,Strongylidae,NA,NA,NA,NA,NA,NA,NA,NA,NA,NA,NA,NA,Chromadorea,Strongylida,Cylicocyclus,NA,NA,NA,NA,NA,NA
Parasitylenchus nearcticus,Nematoda,Parasitylenchidae,NA,NA,NA,NA,NA,NA,NA,NA,NA,NA,NA,NA,Chromadorea,Rhabditida,Parasitylenchus,NA,NA,NA,NA,NA,NA
Anatrichosoma haycocki,Nematoda,Anatrichosomatidae,NA,NA,NA,NA,NA,NA,NA,NA,NA,NA,NA,NA,Enoplea,Trichinellida,Anatrichosoma,NA,NA,NA,NA,NA,NA
Oesophagostomum bifurcum,Nematoda,Chabertiidae,NA,NA,NA,NA,NA,NA,NA,NA,NA,NA,NA,NA,Chromadorea,Strongylida,Oesophagostomum,NA,NA,NA,NA,NA,NA
Setaria labiatopapillosa,Nematoda,Setariidae,NA,NA,NA,NA,NA,NA,NA,NA,NA,NA,NA,NA,Chromadorea,Rhabditida,Setaria,NA,NA,NA,NA,NA,NA
Setaria tundra,Nematoda,Setariidae,NA,NA,NA,NA,NA,NA,NA,NA,NA,NA,NA,NA,Chromadorea,Rhabditida,Setaria,NA,NA,NA,NA,NA,NA
Toxocara malaysiensis,Nematoda,Toxocaridae,NA,NA,NA,NA,NA,NA,NA,NA,NA,NA,NA,NA,Chromadorea,Rhabditida,Toxocara,NA,NA,NA,NA,NA,NA
Toxocara vitulorum,Nematoda,Toxocaridae,NA,NA,NA,NA,NA,NA,NA,NA,NA,NA,NA,NA,Chromadorea,Rhabditida,Toxocara,NA,NA,NA,NA,NA,NA
Angiostrongylus costaricensis,Nematoda,Angiostrongylidae,NA,NA,NA,NA,NA,NA,NA,NA,NA,NA,NA,NA,Chromadorea,Strongylida,Angiostrongylus,NA,NA,NA,NA,NA,NA
Dracunculus medinensis,Nematoda,Dracunculidae,NA,NA,NA,NA,NA,NA,NA,NA,NA,NA,NA,NA,Chromadorea,Rhabditida,Dracunculus,NA,NA,NA,NA,NA,NA
Gongylonema pulchrum,Nematoda,Gongylonematidae,NA,NA,NA,NA,NA,NA,NA,NA,NA,NA,NA,NA,Chromadorea,Rhabditida,Gongylonema,NA,NA,NA,NA,NA,NA
Haemonchus placei,Nematoda,Haemonchidae,NA,NA,NA,NA,NA,NA,NA,NA,NA,NA,NA,NA,Chromadorea,Strongylida,Haemonchus,NA,NA,NA,NA,NA,NA
Oesophagostomum dentatum,Nematoda,Chabertiidae,NA,NA,NA,NA,NA,NA,NA,NA,NA,NA,NA,NA,Chromadorea,Strongylida,Oesophagostomum,NA,NA,NA,NA,NA,NA
Teladorsagia circumcincta,Nematoda,Haemonchidae,NA,NA,NA,NA,NA,NA,NA,NA,NA,NA,NA,NA,Chromadorea,Strongylida,Teladorsagia,NA,NA,NA,NA,NA,NA
Bradynema listronoti,Nematoda,Allantonematidae,NA,NA,NA,NA,NA,NA,NA,NA,NA,NA,NA,NA,Chromadorea,Rhabditida,Bradynema,NA,NA,NA,NA,NA,NA
Thripinema fuscum,Nematoda,Allantonematidae,NA,NA,NA,NA,NA,NA,NA,NA,NA,NA,NA,NA,Chromadorea,Rhabditida,Thripinema,NA,NA,NA,NA,NA,NA
Heterorhabditis marelatus,Nematoda,Heterorhabditidae,NA,NA,NA,NA,NA,NA,NA,NA,NA,NA,NA,NA,Chromadorea,Strongylida,Heterorhabditis,NA,NA,NA,NA,NA,NA
Parelaphostrongylus odocoilei,Nematoda,Protostrongylidae,NA,NA,NA,NA,NA,NA,NA,NA,NA,NA,NA,NA,Chromadorea,Strongylida,Parelaphostrongylus,NA,NA,NA,NA,NA,NA
Parelaphostrongylus tenuis,Nematoda,Protostrongylidae,NA,NA,NA,NA,NA,NA,NA,NA,NA,NA,NA,NA,Chromadorea,Strongylida,Parelaphostrongylus,NA,NA,NA,NA,NA,NA
Setaria digitata,Nematoda,Setariidae,NA,NA,NA,NA,NA,NA,NA,NA,NA,NA,NA,NA,Chromadorea,Rhabditida,Setaria,NA,NA,NA,NA,NA,NA
Soboliphyme baturini,Nematoda,Soboliphymatidae,NA,NA,NA,NA,NA,NA,NA,NA,NA,NA,NA,NA,Enoplea,Dioctophymatida,Soboliphyme,NA,NA,NA,NA,NA,NA
Soboliphyme jamesoni,Nematoda,Soboliphymatidae,NA,NA,NA,NA,NA,NA,NA,NA,NA,NA,NA,NA,Enoplea,Dioctophymatida,Soboliphyme,NA,NA,NA,NA,NA,NA
Soboliphyme abei,Nematoda,Soboliphymatidae,NA,NA,NA,NA,NA,NA,NA,NA,NA,NA,NA,NA,Enoplea,Dioctophymatida,Soboliphyme,NA,NA,NA,NA,NA,NA
Parelaphostrongylus andersoni,Nematoda,Protostrongylidae,NA,NA,NA,NA,NA,NA,NA,NA,NA,NA,NA,NA,Chromadorea,Strongylida,Parelaphostrongylus,NA,NA,NA,NA,NA,NA
Haemonchus contortus,Nematoda,Haemonchidae,NA,NA,NA,NA,NA,NA,NA,NA,NA,NA,NA,NA,Chromadorea,Strongylida,Haemonchus,NA,NA,NA,NA,NA,NA
Diplogastrellus metamasius,Nematoda,Diplogasteridae,NA,NA,NA,NA,NA,NA,NA,NA,NA,NA,NA,NA,Chromadorea,Rhabditida,Diplogastrellus,NA,NA,NA,NA,NA,NA
Angiostrongylus vasorum,Nematoda,Angiostrongylidae,NA,NA,NA,NA,NA,NA,NA,NA,NA,NA,NA,NA,Chromadorea,Strongylida,Angiostrongylus,NA,NA,NA,NA,NA,NA
Dracunculus insignis,Nematoda,Dracunculidae,NA,NA,NA,NA,NA,NA,NA,NA,NA,NA,NA,NA,Chromadorea,Rhabditida,Dracunculus,NA,NA,NA,NA,NA,NA
Dracunculus lutrae,Nematoda,Dracunculidae,NA,NA,NA,NA,NA,NA,NA,NA,NA,NA,NA,NA,Chromadorea,Rhabditida,Dracunculus,NA,NA,NA,NA,NA,NA
Heterakis isolonche,Nematoda,Heterakidae,NA,NA,NA,NA,NA,NA,NA,NA,NA,NA,NA,NA,Chromadorea,Rhabditida,Heterakis,NA,NA,NA,NA,NA,NA
Habronema microstoma,Nematoda,Habronematidae,NA,NA,NA,NA,NA,NA,NA,NA,NA,NA,NA,NA,Chromadorea,Rhabditida,Habronema,NA,NA,NA,NA,NA,NA
Habronema muscae,Nematoda,Habronematidae,NA,NA,NA,NA,NA,NA,NA,NA,NA,NA,NA,NA,Chromadorea,Rhabditida,Habronema,NA,NA,NA,NA,NA,NA
Dugesia (genus in Opisthokonta,Platyhelminthes,Dugesiidae,NA,NA,NA,NA,NA,NA,NA,NA,NA,NA,NA,NA,Rhabditophora,Seriata,Dugesia,NA,NA,NA,NA,NA,NA
Dugesia (genus in Opisthokonta,Platyhelminthes,Dugesiidae,NA,NA,NA,NA,NA,NA,NA,NA,NA,NA,NA,NA,Rhabditophora,Tricladida,Dugesia,NA,NA,NA,NA,NA,NA
Oesophagostomum quadrispinulatum,Nematoda,Chabertiidae,NA,NA,NA,NA,NA,NA,NA,NA,NA,NA,NA,NA,Chromadorea,Strongylida,Oesophagostomum,NA,NA,NA,NA,NA,NA
Ascaridia compar,Nematoda,Ascaridiidae,NA,NA,NA,NA,NA,NA,NA,NA,NA,NA,NA,NA,Chromadorea,Rhabditida,Ascaridia,NA,NA,NA,NA,NA,NA
Ascaridia galli,Nematoda,Ascaridiidae,NA,NA,NA,NA,NA,NA,NA,NA,NA,NA,NA,NA,Chromadorea,Rhabditida,Ascaridia,NA,NA,NA,NA,NA,NA
Lemuricola pongoi,Nematoda,Oxyuridae,NA,NA,NA,NA,NA,NA,NA,NA,NA,NA,NA,NA,Chromadorea,Rhabditida,Lemuricola,NA,NA,NA,NA,NA,NA
Enterobius buckleyi,Nematoda,Oxyuridae,NA,NA,NA,NA,NA,NA,NA,NA,NA,NA,NA,NA,Chromadorea,Rhabditida,Enterobius,NA,NA,NA,NA,NA,NA
Pongobius hugoti,Nematoda,Oxyuridae,NA,NA,NA,NA,NA,NA,NA,NA,NA,NA,NA,NA,Chromadorea,Rhabditida,Pongobius,NA,NA,NA,NA,NA,NA
Trichostrongylus vitrinus,Nematoda,Trichostrongylidae,NA,NA,NA,NA,NA,NA,NA,NA,NA,NA,NA,NA,Chromadorea,Strongylida,Trichostrongylus,NA,NA,NA,NA,NA,NA
Syngamus trachea,Nematoda,Syngamidae,NA,NA,NA,NA,NA,NA,NA,NA,NA,NA,NA,NA,Chromadorea,Strongylida,Syngamus,NA,NA,NA,NA,NA,NA
Trichostrongylus axei,Nematoda,Trichostrongylidae,NA,NA,NA,NA,NA,NA,NA,NA,NA,NA,NA,NA,Chromadorea,Strongylida,Trichostrongylus,NA,NA,NA,NA,NA,NA
Polycelis (genus in Lophotrochozoa,Platyhelminthes,Planariidae,NA,NA,NA,NA,NA,NA,NA,NA,NA,NA,NA,NA,Rhabditophora,Seriata,Polycelis,NA,NA,NA,NA,NA,NA
Polycelis (genus in Lophotrochozoa,Platyhelminthes,Planariidae,NA,NA,NA,NA,NA,NA,NA,NA,NA,NA,NA,NA,Rhabditophora,Tricladida,Polycelis,NA,NA,NA,NA,NA,NA
Aelurostrongylus abstrusus,Nematoda,Angiostrongylidae,NA,NA,NA,NA,NA,NA,NA,NA,NA,NA,NA,NA,Chromadorea,Strongylida,Aelurostrongylus,NA,NA,NA,NA,NA,NA
Paraspidodera uncinata,Nematoda,Aspidoderidae,NA,NA,NA,NA,NA,NA,NA,NA,NA,NA,NA,NA,Chromadorea,Rhabditida,Paraspidodera,NA,NA,NA,NA,NA,NA
Setaria cervi,Nematoda,Setariidae,NA,NA,NA,NA,NA,NA,NA,NA,NA,NA,NA,NA,Chromadorea,Rhabditida,Setaria,NA,NA,NA,NA,NA,NA
Khalilia sameera,Nematoda,Strongylidae,NA,NA,NA,NA,NA,NA,NA,NA,NA,NA,NA,NA,Chromadorea,Strongylida,Khalilia,NA,NA,NA,NA,NA,NA
Quilonia africana,Nematoda,Strongylidae,NA,NA,NA,NA,NA,NA,NA,NA,NA,NA,NA,NA,Chromadorea,Strongylida,Quilonia,NA,NA,NA,NA,NA,NA
Murshidia africana,Nematoda,Strongylidae,NA,NA,NA,NA,NA,NA,NA,NA,NA,NA,NA,NA,Chromadorea,Strongylida,Murshidia,NA,NA,NA,NA,NA,NA
Murshidia longicaudata,Nematoda,Strongylidae,NA,NA,NA,NA,NA,NA,NA,NA,NA,NA,NA,NA,Chromadorea,Strongylida,Murshidia,NA,NA,NA,NA,NA,NA
Murshidia linstowi,Nematoda,Strongylidae,NA,NA,NA,NA,NA,NA,NA,NA,NA,NA,NA,NA,Chromadorea,Strongylida,Murshidia,NA,NA,NA,NA,NA,NA
Longidorus helveticus,Nematoda,Longidoridae,NA,NA,NA,NA,NA,NA,NA,NA,NA,NA,NA,NA,Enoplea,Dorylaimida,Longidorus,NA,NA,NA,NA,NA,NA
Serpentirhabdias fuscovenosa,Nematoda,Rhabdiasidae,NA,NA,NA,NA,NA,NA,NA,NA,NA,NA,NA,NA,Chromadorea,Rhabditida,Serpentirhabdias,NA,NA,NA,NA,NA,NA
Velasquezotrema tripurensis,Platyhelminthes,Gastrothylacidae,NA,NA,NA,NA,NA,NA,NA,NA,NA,NA,NA,NA,Trematoda,Plagiorchiida,Velasquezotrema,NA,NA,NA,NA,NA,NA
Carmyerius spatiosus,Platyhelminthes,Gastrothylacidae,NA,NA,NA,NA,NA,NA,NA,NA,NA,NA,NA,NA,Trematoda,Plagiorchiida,Carmyerius,NA,NA,NA,NA,NA,NA
Fischoederius cobboldi,Platyhelminthes,Gastrothylacidae,NA,NA,NA,NA,NA,NA,NA,NA,NA,NA,NA,NA,Trematoda,Plagiorchiida,Fischoederius,NA,NA,NA,NA,NA,NA
Fischoederius elongatus,Platyhelminthes,Gastrothylacidae,NA,NA,NA,NA,NA,NA,NA,NA,NA,NA,NA,NA,Trematoda,Plagiorchiida,Fischoederius,NA,NA,NA,NA,NA,NA
Rotylenchus cazorlaensis,Nematoda,Hoplolaimidae,NA,NA,NA,NA,NA,NA,NA,NA,NA,NA,NA,NA,Chromadorea,Rhabditida,Rotylenchus,NA,NA,NA,NA,NA,NA
Rotylenchus incultus,Nematoda,Hoplolaimidae,NA,NA,NA,NA,NA,NA,NA,NA,NA,NA,NA,NA,Chromadorea,Rhabditida,Rotylenchus,NA,NA,NA,NA,NA,NA
Rotylenchus jaeni,Nematoda,Hoplolaimidae,NA,NA,NA,NA,NA,NA,NA,NA,NA,NA,NA,NA,Chromadorea,Rhabditida,Rotylenchus,NA,NA,NA,NA,NA,NA
Rotylenchus laurentinus,Nematoda,Hoplolaimidae,NA,NA,NA,NA,NA,NA,NA,NA,NA,NA,NA,NA,Chromadorea,Rhabditida,Rotylenchus,NA,NA,NA,NA,NA,NA
Rotylenchus magnus,Nematoda,Hoplolaimidae,NA,NA,NA,NA,NA,NA,NA,NA,NA,NA,NA,NA,Chromadorea,Rhabditida,Rotylenchus,NA,NA,NA,NA,NA,NA
Rotylenchus paravitis,Nematoda,Hoplolaimidae,NA,NA,NA,NA,NA,NA,NA,NA,NA,NA,NA,NA,Chromadorea,Rhabditida,Rotylenchus,NA,NA,NA,NA,NA,NA
Micoletzkya japonica,Nematoda,Diplogasteridae,NA,NA,NA,NA,NA,NA,NA,NA,NA,NA,NA,NA,Chromadorea,Rhabditida,Micoletzkya,NA,NA,NA,NA,NA,NA
Nematodirella cameli,Nematoda,Molineidae,NA,NA,NA,NA,NA,NA,NA,NA,NA,NA,NA,NA,Chromadorea,Strongylida,Nematodirella,NA,NA,NA,NA,NA,NA
Gastrothylax crumenifer,Platyhelminthes,Gastrothylacidae,NA,NA,NA,NA,NA,NA,NA,NA,NA,NA,NA,NA,Trematoda,Plagiorchiida,Gastrothylax,NA,NA,NA,NA,NA,NA
Gastrothylacidae,Platyhelminthes,Gastrothylacidae,NA,NA,NA,NA,NA,NA,NA,NA,NA,NA,NA,NA,Trematoda,Plagiorchiida,NULL,NA,NA,NA,NA,NA,NA
Dictyocaulus eckerti,Nematoda,Dictyocaulidae,NA,NA,NA,NA,NA,NA,NA,NA,NA,NA,NA,NA,Chromadorea,Strongylida,Dictyocaulus,NA,NA,NA,NA,NA,NA
Ascaridia columbae,Nematoda,Ascaridiidae,NA,NA,NA,NA,NA,NA,NA,NA,NA,NA,NA,NA,Chromadorea,Rhabditida,Ascaridia,NA,NA,NA,NA,NA,NA
Olveria bosi,Platyhelminthes,Olveriidae,NA,NA,NA,NA,NA,NA,NA,NA,NA,NA,NA,NA,Trematoda,Plagiorchiida,Olveria,NA,NA,NA,NA,NA,NA
Olveria indica,Platyhelminthes,Olveriidae,NA,NA,NA,NA,NA,NA,NA,NA,NA,NA,NA,NA,Trematoda,Plagiorchiida,Olveria,NA,NA,NA,NA,NA,NA
Homalogaster paloniae,Platyhelminthes,Gastrodiscidae,NA,NA,NA,NA,NA,NA,NA,NA,NA,NA,NA,NA,Trematoda,Plagiorchiida,Homalogaster,NA,NA,NA,NA,NA,NA
Meloidogyne arenaria,Nematoda,Meloidogynidae,NA,NA,NA,NA,NA,NA,NA,NA,NA,NA,NA,NA,Chromadorea,Rhabditida,Meloidogyne,NA,NA,NA,NA,NA,NA
Meloidogyne enterolobii,Nematoda,Meloidogynidae,NA,NA,NA,NA,NA,NA,NA,NA,NA,NA,NA,NA,Chromadorea,Rhabditida,Meloidogyne,NA,NA,NA,NA,NA,NA
Meloidogyne hapla,Nematoda,Meloidogynidae,NA,NA,NA,NA,NA,NA,NA,NA,NA,NA,NA,NA,Chromadorea,Rhabditida,Meloidogyne,NA,NA,NA,NA,NA,NA
Oesophagostomum columbianum,Nematoda,Chabertiidae,NA,NA,NA,NA,NA,NA,NA,NA,NA,NA,NA,NA,Chromadorea,Strongylida,Oesophagostomum,NA,NA,NA,NA,NA,NA
Hypodontus macropi,Nematoda,Chabertiidae,NA,NA,NA,NA,NA,NA,NA,NA,NA,NA,NA,NA,Chromadorea,Strongylida,Hypodontus,NA,NA,NA,NA,NA,NA
Macropicola ocydromi,Nematoda,Chabertiidae,NA,NA,NA,NA,NA,NA,NA,NA,NA,NA,NA,NA,Chromadorea,Strongylida,Macropicola,NA,NA,NA,NA,NA,NA
Protostrongylus rufescens,Nematoda,Protostrongylidae,NA,NA,NA,NA,NA,NA,NA,NA,NA,NA,NA,NA,Chromadorea,Strongylida,Protostrongylus,NA,NA,NA,NA,NA,NA
Nematodirus oiratianus,Nematoda,Molineidae,NA,NA,NA,NA,NA,NA,NA,NA,NA,NA,NA,NA,Chromadorea,Strongylida,Nematodirus,NA,NA,NA,NA,NA,NA
Heligmosomoides glareoli,Nematoda,Heligmosomatidae,NA,NA,NA,NA,NA,NA,NA,NA,NA,NA,NA,NA,Chromadorea,Strongylida,Heligmosomoides,NA,NA,NA,NA,NA,NA
Collyriclum faba,Platyhelminthes,Collyriclidae,NA,NA,NA,NA,NA,NA,NA,NA,NA,NA,NA,NA,Trematoda,Plagiorchiida,Collyriclum,NA,NA,NA,NA,NA,NA
Meloidogyne chitwoodi,Nematoda,Meloidogynidae,NA,NA,NA,NA,NA,NA,NA,NA,NA,NA,NA,NA,Chromadorea,Rhabditida,Meloidogyne,NA,NA,NA,NA,NA,NA
Haemonchus longistipes,Nematoda,Haemonchidae,NA,NA,NA,NA,NA,NA,NA,NA,NA,NA,NA,NA,Chromadorea,Strongylida,Haemonchus,NA,NA,NA,NA,NA,NA
Enterobius shriveri,Nematoda,Oxyuridae,NA,NA,NA,NA,NA,NA,NA,NA,NA,NA,NA,NA,Chromadorea,Rhabditida,Enterobius,NA,NA,NA,NA,NA,NA
Mesocriconema inaratum,Nematoda,Criconematidae,NA,NA,NA,NA,NA,NA,NA,NA,NA,NA,NA,NA,Chromadorea,Rhabditida,Mesocriconema,NA,NA,NA,NA,NA,NA
Hemicycliophora gracilis,Nematoda,Hemicycliophoridae,NA,NA,NA,NA,NA,NA,NA,NA,NA,NA,NA,NA,Chromadorea,Rhabditida,Hemicycliophora,NA,NA,NA,NA,NA,NA
Angiostrongylus chabaudi,Nematoda,Angiostrongylidae,NA,NA,NA,NA,NA,NA,NA,NA,NA,NA,NA,NA,Chromadorea,Strongylida,Angiostrongylus,NA,NA,NA,NA,NA,NA
Isobinema flagellocerca,Nematoda,Travassosinematidae,NA,NA,NA,NA,NA,NA,NA,NA,NA,NA,NA,NA,Chromadorea,Rhabditida,Isobinema,NA,NA,NA,NA,NA,NA
Triodontophorus brevicauda,Nematoda,Strongylidae,NA,NA,NA,NA,NA,NA,NA,NA,NA,NA,NA,NA,Chromadorea,Strongylida,Triodontophorus,NA,NA,NA,NA,NA,NA
Trypanoxyuris minutus,Nematoda,Oxyuridae,NA,NA,NA,NA,NA,NA,NA,NA,NA,NA,NA,NA,Chromadorea,Rhabditida,Trypanoxyuris,NA,NA,NA,NA,NA,NA
Trypanoxyuris atelophora,Nematoda,Oxyuridae,NA,NA,NA,NA,NA,NA,NA,NA,NA,NA,NA,NA,Chromadorea,Rhabditida,Trypanoxyuris,NA,NA,NA,NA,NA,NA
Heterakis gallinarum,Nematoda,Heterakidae,NA,NA,NA,NA,NA,NA,NA,NA,NA,NA,NA,NA,Chromadorea,Rhabditida,Heterakis,NA,NA,NA,NA,NA,NA
Angiostrongylus malaysiensis,Nematoda,Angiostrongylidae,NA,NA,NA,NA,NA,NA,NA,NA,NA,NA,NA,NA,Chromadorea,Strongylida,Angiostrongylus,NA,NA,NA,NA,NA,NA
Meloidogyne haplanaria,Nematoda,Meloidogynidae,NA,NA,NA,NA,NA,NA,NA,NA,NA,NA,NA,NA,Chromadorea,Rhabditida,Meloidogyne,NA,NA,NA,NA,NA,NA
Triodontophorus nipponicus,Nematoda,Strongylidae,NA,NA,NA,NA,NA,NA,NA,NA,NA,NA,NA,NA,Chromadorea,Strongylida,Triodontophorus,NA,NA,NA,NA,NA,NA
Lobocriconema warrenense,Nematoda,Criconematidae,NA,NA,NA,NA,NA,NA,NA,NA,NA,NA,NA,NA,Chromadorea,Rhabditida,Lobocriconema,NA,NA,NA,NA,NA,NA
Anteropora comicus,Platyhelminthes,Anteroporidae,NA,NA,NA,NA,NA,NA,NA,NA,NA,NA,NA,NA,Cestoda,Lecanicephalidea,Anteropora,NA,NA,NA,NA,NA,NA
Trypanoxyuris multilabiatus,Nematoda,Oxyuridae,NA,NA,NA,NA,NA,NA,NA,NA,NA,NA,NA,NA,Chromadorea,Rhabditida,Trypanoxyuris,NA,NA,NA,NA,NA,NA
Heterakis beramporia,Nematoda,Heterakidae,NA,NA,NA,NA,NA,NA,NA,NA,NA,NA,NA,NA,Chromadorea,Rhabditida,Heterakis,NA,NA,NA,NA,NA,NA
Oswaldocruzia chambrieri,Nematoda,Molineidae,NA,NA,NA,NA,NA,NA,NA,NA,NA,NA,NA,NA,Chromadorea,Strongylida,Oswaldocruzia,NA,NA,NA,NA,NA,NA
Carmyerius mancupatus,Platyhelminthes,Gastrothylacidae,NA,NA,NA,NA,NA,NA,NA,NA,NA,NA,NA,NA,Trematoda,Plagiorchiida,Carmyerius,NA,NA,NA,NA,NA,NA
Carmyerius gregarius,Platyhelminthes,Gastrothylacidae,NA,NA,NA,NA,NA,NA,NA,NA,NA,NA,NA,NA,Trematoda,Plagiorchiida,Carmyerius,NA,NA,NA,NA,NA,NA
Carmyerius exoporus,Platyhelminthes,Gastrothylacidae,NA,NA,NA,NA,NA,NA,NA,NA,NA,NA,NA,NA,Trematoda,Plagiorchiida,Carmyerius,NA,NA,NA,NA,NA,NA
Habronema majus,Nematoda,Habronematidae,NA,NA,NA,NA,NA,NA,NA,NA,NA,NA,NA,NA,Chromadorea,Rhabditida,Habronema,NA,NA,NA,NA,NA,NA
Syphacia rifaii,Nematoda,Oxyuridae,NA,NA,NA,NA,NA,NA,NA,NA,NA,NA,NA,NA,Chromadorea,Rhabditida,Syphacia,NA,NA,NA,NA,NA,NA
Parastrongyloides trichosuri,Nematoda,Strongyloididae,NA,NA,NA,NA,NA,NA,NA,NA,NA,NA,NA,NA,Chromadorea,Rhabditida,Parastrongyloides,NA,NA,NA,NA,NA,NA
Strongyloides papillosus,Nematoda,Strongyloididae,NA,NA,NA,NA,NA,NA,NA,NA,NA,NA,NA,NA,Chromadorea,Rhabditida,Strongyloides,NA,NA,NA,NA,NA,NA
Strongyloides ratti,Nematoda,Strongyloididae,NA,NA,NA,NA,NA,NA,NA,NA,NA,NA,NA,NA,Chromadorea,Rhabditida,Strongyloides,NA,NA,NA,NA,NA,NA
Oesophagostomum aculeatum,Nematoda,Chabertiidae,NA,NA,NA,NA,NA,NA,NA,NA,NA,NA,NA,NA,Chromadorea,Strongylida,Oesophagostomum,NA,NA,NA,NA,NA,NA
Diplogasteroides andrassyi,Nematoda,Diplogasteroididae,NA,NA,NA,NA,NA,NA,NA,NA,NA,NA,NA,NA,Chromadorea,Rhabditida,Diplogasteroides,NA,NA,NA,NA,NA,NA
Meteterakis japonica,Nematoda,Heterakidae,NA,NA,NA,NA,NA,NA,NA,NA,NA,NA,NA,NA,Chromadorea,Rhabditida,Meteterakis,NA,NA,NA,NA,NA,NA
Meteterakis amamiensis,Nematoda,Heterakidae,NA,NA,NA,NA,NA,NA,NA,NA,NA,NA,NA,NA,Chromadorea,Rhabditida,Meteterakis,NA,NA,NA,NA,NA,NA
Meteterakis ishikawanae,Nematoda,Heterakidae,NA,NA,NA,NA,NA,NA,NA,NA,NA,NA,NA,NA,Chromadorea,Rhabditida,Meteterakis,NA,NA,NA,NA,NA,NA
Gongylonema neoplasticum,Nematoda,Gongylonematidae,NA,NA,NA,NA,NA,NA,NA,NA,NA,NA,NA,NA,Chromadorea,Rhabditida,Gongylonema,NA,NA,NA,NA,NA,NA
Oesophagostomum muntiacum,Nematoda,Chabertiidae,NA,NA,NA,NA,NA,NA,NA,NA,NA,NA,NA,NA,Chromadorea,Strongylida,Oesophagostomum,NA,NA,NA,NA,NA,NA
Lemuricola nycticebi,Nematoda,Oxyuridae,NA,NA,NA,NA,NA,NA,NA,NA,NA,NA,NA,NA,Chromadorea,Rhabditida,Lemuricola,NA,NA,NA,NA,NA,NA
Crocodillicola pseudostoma,Platyhelminthes,Protrodiplostomatidae,NA,NA,NA,NA,NA,NA,NA,NA,NA,NA,NA,NA,Trematoda,Strigeidida,Crocodillicola,NA,NA,NA,NA,NA,NA
Palombritema heteroancistrium,Platyhelminthes,Ancyrocephalidae,NA,NA,NA,NA,NA,NA,NA,NA,NA,NA,NA,NA,Monogenea,Dactylogyridea,Palombritema,NA,NA,NA,NA,NA,NA
Marshallagia marshalli,Nematoda,Haemonchidae,NA,NA,NA,NA,NA,NA,NA,NA,NA,NA,NA,NA,Chromadorea,Strongylida,Marshallagia,NA,NA,NA,NA,NA,NA
Hemicycliophora obtusa,Nematoda,Hemicycliophoridae,NA,NA,NA,NA,NA,NA,NA,NA,NA,NA,NA,NA,Chromadorea,Rhabditida,Hemicycliophora,NA,NA,NA,NA,NA,NA
Hemicycliophora iberica,Nematoda,Hemicycliophoridae,NA,NA,NA,NA,NA,NA,NA,NA,NA,NA,NA,NA,Chromadorea,Rhabditida,Hemicycliophora,NA,NA,NA,NA,NA,NA
Hemicycliophora epicharoides,Nematoda,Hemicycliophoridae,NA,NA,NA,NA,NA,NA,NA,NA,NA,NA,NA,NA,Chromadorea,Rhabditida,Hemicycliophora,NA,NA,NA,NA,NA,NA
Hemicycliophora californica,Nematoda,Hemicycliophoridae,NA,NA,NA,NA,NA,NA,NA,NA,NA,NA,NA,NA,Chromadorea,Rhabditida,Hemicycliophora,NA,NA,NA,NA,NA,NA
Hemicycliophora raskii,Nematoda,Hemicycliophoridae,NA,NA,NA,NA,NA,NA,NA,NA,NA,NA,NA,NA,Chromadorea,Rhabditida,Hemicycliophora,NA,NA,NA,NA,NA,NA
Hemicycliophora lutosoides,Nematoda,Hemicycliophoridae,NA,NA,NA,NA,NA,NA,NA,NA,NA,NA,NA,NA,Chromadorea,Rhabditida,Hemicycliophora,NA,NA,NA,NA,NA,NA
Hemicycliophora similis,Nematoda,Hemicycliophoridae,NA,NA,NA,NA,NA,NA,NA,NA,NA,NA,NA,NA,Chromadorea,Rhabditida,Hemicycliophora,NA,NA,NA,NA,NA,NA
Hemicycliophora poranga,Nematoda,Hemicycliophoridae,NA,NA,NA,NA,NA,NA,NA,NA,NA,NA,NA,NA,Chromadorea,Rhabditida,Hemicycliophora,NA,NA,NA,NA,NA,NA
Hemicycliophora halophila,Nematoda,Hemicycliophoridae,NA,NA,NA,NA,NA,NA,NA,NA,NA,NA,NA,NA,Chromadorea,Rhabditida,Hemicycliophora,NA,NA,NA,NA,NA,NA
Hemicycliophora hellenica,Nematoda,Hemicycliophoridae,NA,NA,NA,NA,NA,NA,NA,NA,NA,NA,NA,NA,Chromadorea,Rhabditida,Hemicycliophora,NA,NA,NA,NA,NA,NA
Thelandros tinerfensis,Nematoda,Pharyngodonidae,NA,NA,NA,NA,NA,NA,NA,NA,NA,NA,NA,NA,Chromadorea,Rhabditida,Thelandros,NA,NA,NA,NA,NA,NA
Helicotylenchus canadensis,Nematoda,Hoplolaimidae,NA,NA,NA,NA,NA,NA,NA,NA,NA,NA,NA,NA,Chromadorea,Rhabditida,Helicotylenchus,NA,NA,NA,NA,NA,NA
Meloidogyne floridensis,Nematoda,Meloidogynidae,NA,NA,NA,NA,NA,NA,NA,NA,NA,NA,NA,NA,Chromadorea,Rhabditida,Meloidogyne,NA,NA,NA,NA,NA,NA
Meloidogyne exigua,Nematoda,Meloidogynidae,NA,NA,NA,NA,NA,NA,NA,NA,NA,NA,NA,NA,Chromadorea,Rhabditida,Meloidogyne,NA,NA,NA,NA,NA,NA
Meloidogyne fallax,Nematoda,Meloidogynidae,NA,NA,NA,NA,NA,NA,NA,NA,NA,NA,NA,NA,Chromadorea,Rhabditida,Meloidogyne,NA,NA,NA,NA,NA,NA
Meloidogyne partityla,Nematoda,Meloidogynidae,NA,NA,NA,NA,NA,NA,NA,NA,NA,NA,NA,NA,Chromadorea,Rhabditida,Meloidogyne,NA,NA,NA,NA,NA,NA
Cylicostephanus calicatus,Nematoda,Strongylidae,NA,NA,NA,NA,NA,NA,NA,NA,NA,NA,NA,NA,Chromadorea,Strongylida,Cylicostephanus,NA,NA,NA,NA,NA,NA
Cylicocyclus radiatus,Nematoda,Strongylidae,NA,NA,NA,NA,NA,NA,NA,NA,NA,NA,NA,NA,Chromadorea,Strongylida,Cylicocyclus,NA,NA,NA,NA,NA,NA
Cylicodontophorus bicoronatus,Nematoda,Strongylidae,NA,NA,NA,NA,NA,NA,NA,NA,NA,NA,NA,NA,Chromadorea,Strongylida,Cylicodontophorus,NA,NA,NA,NA,NA,NA
Heterakis dispar,Nematoda,Heterakidae,NA,NA,NA,NA,NA,NA,NA,NA,NA,NA,NA,NA,Chromadorea,Rhabditida,Heterakis,NA,NA,NA,NA,NA,NA
