species,obisgbif,love2021,hakai2020,hart,hakaiseine,hakaisample,caution,verifiedbc
Lycodes pacificus,1,1,0,0,0,0,1,0
Lumpenus sagitta,1,1,1,1,1,1,0,1
Engraulis mordax,1,1,1,0,1,1,0,1
Phytichthys chirus,1,1,0,1,0,0,0,1
Artedius lateralis,1,1,1,1,1,1,0,1
Bathymaster caeruleofasciatus,1,1,0,0,0,0,1,0
Sebastes reedi,1,1,0,1,0,0,0,1
Porichthys notatus,1,1,0,1,0,0,0,1
Ophiodon elongatus,1,1,1,1,1,1,0,1
Oncorhynchus nerka,1,1,0,1,1,1,0,1
Oncorhynchus nerka,1,1,0,1,1,1,0,1
Sebastes caurinus,1,1,1,1,1,1,0,1
Oxylebius pictus,1,1,1,1,1,1,0,1
Cymatogaster aggregata,1,1,1,1,1,1,0,1
Anoplarchus purpurescens,1,1,1,1,1,0,0,1
Embiotoca lateralis,1,1,1,1,1,1,0,1
Parophrys vetulus,1,1,1,0,1,1,0,1
Oncorhynchus clarkii,1,1,0,0,0,0,1,0
Sebastes auriculatus,1,1,0,1,0,0,0,1
Chirolophis nugator,1,1,0,1,0,0,0,1
Apodichthys flavidus,1,1,1,1,1,1,0,1
Artedius harringtoni,1,1,0,1,1,0,0,1
Gobiesox maeandricus,1,1,1,1,1,1,0,1
Ammodytes personatus,1,1,0,0,0,0,1,0
Beringraja binoculata,1,1,0,0,1,0,0,1
Oligocottus maculosus,1,1,1,1,1,1,0,1
Chirolophis decoratus,1,1,1,1,0,0,0,1
Ronquilus jordani,1,1,0,1,0,0,0,1
Clupea pallasii,1,1,0,0,1,1,0,1
Sebastes melanops,1,1,1,1,1,0,0,1
Platichthys stellatus,1,1,1,0,1,1,0,1
Squalus suckleyi,1,1,0,0,0,1,0,1
Hydrolagus colliei,1,1,1,0,0,0,0,1
Sebastes maliger,1,1,1,1,1,0,0,1
Sebastes ruberrimus,1,1,0,1,0,0,0,1
Hippoglossus stenolepis,1,1,0,0,0,0,1,0
Sebastes elongatus,1,1,0,1,0,0,0,1
Sebastes nigrocinctus,1,1,0,1,0,0,0,1
Sebastes brevispinis,1,1,1,1,0,0,0,1
Gadus macrocephalus,1,1,1,1,1,1,0,1
Hexagrammos decagrammus,1,1,1,1,1,1,0,1
Anoplopoma fimbria,1,1,0,1,0,1,0,1
Atheresthes stomias,1,1,0,0,0,1,0,1
Citharichthys sordidus,1,1,1,0,1,0,0,1
Sebastes pinniger,1,1,0,1,1,0,0,1
Lepidopsetta bilineata,1,1,1,0,1,1,0,1
Myoxocephalus polyacanthocephalus,1,1,1,1,1,0,0,1
Sebastes flavidus,1,1,1,1,1,1,0,1
Hemilepidotus spinosus,1,1,0,1,0,0,0,1
Hemilepidotus hemilepidotus,1,1,1,1,1,1,0,1
Sebastes helvomaculatus,1,1,0,1,0,0,0,1
Sebastes proriger,1,1,0,1,0,0,0,1
Sebastes variegatus,1,1,0,1,0,0,0,1
Sebastes zacentrus,1,1,0,1,0,0,0,1
Sebastes entomelas,1,1,0,1,0,1,0,1
Sebastes nebulosus,1,1,1,1,0,0,0,1
Bathyraja interrupta,1,1,0,0,0,0,1,0
Sebastes diaconus,1,1,1,0,0,0,0,1
Eopsetta jordani,1,1,0,0,0,0,1,0
Enophrys bison,1,1,1,1,1,1,0,1
Scorpaenichthys marmoratus,1,1,1,1,1,1,0,1
Hippoglossoides elassodon,1,1,0,0,0,0,1,0
Icelinus tenuis,1,1,0,1,0,0,0,1
Leptocottus armatus,1,1,1,1,1,1,0,1
Lyopsetta exilis,1,1,0,0,0,0,1,0
Hexanchus griseus,1,1,0,1,0,0,0,1
Merluccius productus,1,1,0,1,0,1,0,1
Apristurus brunneus,1,1,0,0,0,0,1,0
Malacocottus kincaidi,1,1,0,1,0,0,0,1
Lumpenella longirostris,1,1,0,1,0,0,0,1
Pseudobathylagus milleri,1,1,0,0,0,0,1,0
Lycodes brevipes,1,1,0,0,0,0,1,0
Paraliparis paucidens,1,1,0,0,0,0,1,0
Sebastolobus altivelis,1,1,0,1,0,0,0,1
Pleuronichthys coenosus,1,1,1,0,1,1,0,1
Oncorhynchus tshawytscha,1,1,1,1,1,1,0,1
Coryphaenoides acrolepis,1,1,0,0,0,0,1,0
Leuroglossus schmidti,1,1,0,0,0,0,1,0
Notacanthus chemnitzii,1,1,0,0,0,0,1,0
Sardinops sagax,1,1,1,1,1,0,0,1
Pholis clemensi,1,1,0,1,0,0,0,1
Bathyagonus pentacanthus,1,1,0,0,0,0,1,0
Diaphus theta,1,1,0,1,0,0,0,1
Liparis pulchellus,1,1,0,1,0,0,0,1
Aphanopus intermedius,1,1,0,0,0,0,1,0
Chauliodus macouni,1,1,0,1,0,0,0,1
Sebastes diploproa,1,1,0,1,0,0,0,1
Pholis laeta,1,1,1,1,1,1,0,1
Careproctus attenuatus,1,1,0,0,0,0,1,0
Glyptocephalus zachirus,1,1,0,0,0,0,1,0
Paraliparis pectoralis,1,1,0,0,0,0,1,0
Rimicola muscarum,1,1,1,1,1,1,0,1
Odontopyxis trispinosa,1,1,1,1,1,0,0,1
Artedius fenestralis,1,1,1,1,1,1,0,1
Microstomus pacificus,1,1,0,0,0,0,1,0
Pholis ornata,1,1,0,1,0,0,0,1
Sebastes alutus,1,1,0,1,0,0,0,1
Somniosus pacificus,1,1,0,1,0,0,0,1
Aphanopus arigato,1,1,0,0,0,0,1,0
Careproctus cypselurus,1,1,0,0,0,0,1,0
Sebastes saxicola,1,1,0,1,0,0,0,1
Alosa sapidissima,1,1,0,1,0,0,0,1
Malacocottus zonurus,1,1,0,0,0,0,1,0
Aulorhynchus flavidus,1,1,1,1,1,1,0,1
Icelinus filamentosus,1,1,0,1,0,0,0,1
Paraliparis dactylosus,1,1,0,0,0,0,1,0
Sebastes borealis,1,1,0,1,0,0,0,1
Melamphaes lugubris,1,1,0,1,0,0,0,1
Sebastes semicinctus,1,1,0,0,0,0,1,0
Pleuronichthys decurrens,1,1,1,0,1,0,0,1
Stenobrachius leucopsarus,1,1,0,1,0,0,0,1
Aristostomias scintillans,1,1,0,1,0,0,0,1
Macropinna microstoma,1,1,0,1,0,0,0,1
Syngnathus leptorhynchus,1,1,1,0,1,1,0,1
Bathylagus pacificus,1,1,0,1,0,0,0,1
Poromitra crassiceps,1,1,0,1,0,0,0,1
Thaleichthys pacificus,1,1,0,1,0,1,0,1
Alepocephalus tenebrosus,1,1,0,0,0,0,1,0
Careproctus furcellus,1,1,0,0,0,0,1,0
Sebastes paucispinis,1,1,1,1,1,1,0,1
Bathyagonus alascanus,1,1,0,0,0,0,1,0
Psychrolutes phrictus,1,1,0,0,0,0,1,0
Salmo salar,1,1,0,0,0,0,1,0
Brachyistius frenatus,1,1,1,1,1,1,0,1
Synchirus gilli,1,1,1,1,1,0,0,1
Jordania zonope,1,1,0,1,1,0,0,1
Rhinogobiops nicholsii,1,1,0,0,1,1,0,1
Sebastes emphaeus,1,1,0,1,0,0,0,1
Rhamphocottus richardsonii,1,1,1,0,0,1,0,1
Asemichthys taylori,1,1,0,1,0,1,0,1
Beringraja rhina,1,1,0,0,0,0,1,0
Hexagrammos stelleri,1,1,1,1,1,1,0,1
Citharichthys stigmaeus,1,1,1,0,1,0,0,1
Anarrhichthys ocellatus,1,1,1,0,0,0,0,1
Chitonotus pugetensis,1,1,1,1,1,1,0,1
Brosmophycis marginata,1,1,0,1,0,0,0,1
Nautichthys oculofasciatus,1,1,1,1,1,1,0,1
Triglops macellus,1,1,0,1,0,0,0,1
Gasterosteus aculeatus,1,1,1,1,1,0,0,1
Psychrolutes sigalutes,1,1,0,0,0,0,1,0
Oncorhynchus keta,1,1,0,1,1,1,0,1
Ptilichthys goodei,1,1,1,0,1,0,0,1
Agonopsis vulsa,1,1,0,0,0,0,1,0
Podothecus accipenserinus,1,1,0,0,1,0,0,1
Liparis dennyi,1,1,0,1,0,0,0,1
Xiphister mucosus,1,1,1,0,1,0,0,1
Trachipterus altivelis,1,1,0,1,0,0,0,1
Clevelandia ios,1,1,1,1,1,0,0,1
Oncorhynchus kisutch,1,1,1,1,1,1,0,1
Oncorhynchus gorbuscha,1,1,1,1,1,1,0,1
Liparis fucensis,1,1,0,1,0,0,0,1
Cetorhinus maximus,1,1,0,1,0,0,0,1
Oncorhynchus mykiss,1,1,1,0,1,0,0,1
Cyprinus carpio,1,1,0,1,0,0,0,1
Lepomis gibbosus,1,0,0,0,0,0,1,0
Syngnathus californiensis,1,1,0,0,0,0,1,0
Amphistichus rhodoterus,1,1,1,1,1,1,0,1
Mylocheilus caurinus,1,1,0,0,0,0,1,0
Dasycottus setiger,1,1,0,1,0,0,0,1
Anoplarchus insignis,1,1,1,1,1,0,0,1
Ammodytes tobianus,1,0,0,0,0,0,1,0
Liparis florae,1,1,0,1,0,0,0,1
Radulinus asprellus,1,1,0,1,0,0,0,1
Xiphister atropurpureus,1,1,0,1,0,0,0,1
Oligocottus snyderi,1,1,0,1,0,0,0,1
Clinocottus globiceps,1,1,0,1,0,0,0,1
Eumicrotremus orbis,1,1,0,1,0,0,0,1
Perca flavescens,1,0,0,0,0,0,1,0
Triglops pingelii,1,1,0,0,0,0,1,0
Icichthys lockingtoni,1,1,0,1,0,0,0,1
Blepsias cirrhosus,1,1,1,1,1,1,0,1
Psychrolutes paradoxus,1,1,0,1,0,0,0,1
Ascelichthys rhodorus,1,1,0,1,1,1,0,1
Hyperprosopon ellipticum,1,1,0,1,0,0,0,1
Polypera greeni,1,0,0,1,0,0,0,1
Sebastes jordani,1,1,0,1,0,0,0,1
Plectobranchus evides,1,1,0,1,0,0,0,1
Misgurnus anguillicaudatus,1,0,0,0,0,0,1,0
Chilara taylori,1,1,0,0,0,0,1,0
Clinocottus acuticeps,1,1,1,1,1,0,0,1
Sebastes miniatus,1,1,1,1,1,0,0,1
Carassius auratus,1,0,0,0,0,0,1,0
Cottus aleuticus,1,1,0,0,0,0,1,0
Ammodytes hexapterus,1,1,1,1,1,0,0,1
Acipenser transmontanus,1,1,0,0,0,0,1,0
Prionace glauca,1,1,0,1,0,0,0,1
Psettichthys melanostictus,1,1,1,0,1,1,0,1
Hemitripterus bolini,1,1,0,1,0,0,0,1
Hypomesus pretiosus,1,1,1,0,1,1,0,1
Eptatretus stoutii,1,1,0,0,0,0,1,0
Bathyraja aleutica,1,1,0,0,0,0,1,0
Lycodapus pachysoma,1,1,0,0,0,0,1,0
Cololabis saira,1,1,0,1,1,0,0,1
Cryptacanthodes giganteus,1,1,0,0,0,0,1,0
Zaprora silenus,1,1,0,1,0,0,0,1
Salvelinus fontinalis,1,0,0,0,0,0,1,0
Allosmerus elongatus,1,1,0,1,0,0,0,1
Lycodapus mandibularis,1,1,0,0,0,0,1,0
Pachycara gymninium,1,1,0,0,0,0,1,0
Bothrocara brunneum,1,1,0,0,0,0,1,0
Sebastes serranoides,1,1,0,0,0,0,1,0
Avocettina infans,1,1,0,0,0,0,1,0
Eptatretus deani,1,1,0,0,0,0,1,0
Sebastes polyspinis,1,1,0,0,0,0,1,0
Cryptacanthodes aleutensis,1,1,0,0,0,0,1,0
Tactostoma macropus,1,1,0,0,0,0,1,0
Lycodes palearis,1,1,0,0,0,0,1,0
Paraliparis rosaceus,1,1,0,0,0,0,1,0
Lycodes diapterus,1,1,0,0,0,0,1,0
Careproctus georgianus,1,0,0,0,0,0,1,0
Careproctus canus,1,1,0,0,0,0,1,0
Myoxocephalus scorpius,1,1,0,0,0,0,1,0
Acantholumpenus mackayi,1,1,0,0,0,0,1,0
Lumpenus fabricii,1,1,0,0,0,0,1,0
Enophrys lucasi,1,1,0,0,0,0,1,0
Icelinus borealis,1,1,0,1,0,0,0,1
Eumicrotremus phrynoides,1,1,0,0,0,0,1,0
Chesnonia verrucosa,1,1,0,0,0,0,1,0
Lycodes cortezianus,1,1,0,0,0,0,1,0
Pachycara lepinium,1,1,0,0,0,0,1,0
Bathyagonus infraspinatus,1,1,0,0,0,0,1,0
Cottus asper,1,1,1,0,1,0,0,1
Sebastes aleutianus,1,1,0,1,0,0,0,1
Tarletonbeania crenularis,1,1,0,1,0,0,0,1
Sebastes babcocki,1,1,0,1,0,0,0,1
Icelinus fimbriatus,1,1,0,0,0,0,1,0
Pallasina barbata,1,1,1,0,1,1,0,1
Ruscarius meanyi,1,1,0,0,0,0,1,0
Hexagrammos lagocephalus,1,1,1,1,1,0,0,1
Sebastes crameri,1,1,0,1,0,0,0,1
Protomyctophum thompsoni,1,1,0,1,0,0,0,1
Sebastes rubrivinctus,1,1,0,0,0,0,1,0
Embassichthys bathybius,1,1,0,0,0,0,1,0
Liparis cyclopus,1,1,0,1,1,1,0,1
Lestidiops ringens,1,1,0,0,0,0,1,0
Sebastes goodei,1,1,0,1,0,0,0,1
Sebastolobus alascanus,1,1,0,1,0,0,0,1
Arctozenus risso,1,1,0,0,0,0,1,0
Paricelinus hopliticus,1,1,0,1,0,0,0,1
Clinocottus embryum,1,1,0,1,0,0,0,1
Salvelinus malma,1,1,1,1,1,1,0,1
Bathyagonus nigripinnis,1,1,0,1,0,0,0,1
Lipolagus ochotensis,1,1,0,0,0,0,1,0
Sagamichthys abei,1,1,0,1,0,0,0,1
Bryozoichthys marjorius,1,1,0,1,0,0,0,1
Cyclothone atraria,1,1,0,0,0,0,1,0
Cyclothone microdon,1,1,0,1,0,0,0,1
Triglops jordani,1,1,0,0,0,0,1,0
Spirinchus thaleichthys,1,1,0,1,0,0,0,1
Tarletonbeania taylori,1,1,0,0,0,0,1,0
Lycenchelys crotalinus,1,1,0,0,0,0,1,0
Xenomystax atrarius,1,1,0,0,0,0,1,0
Liparis callyodon,1,1,0,1,0,0,0,1
Serrivomer jesperseni,1,1,0,0,0,0,1,0
Hemilepidotus jordani,1,1,0,0,0,0,1,0
Benthalbella dentata,1,1,0,1,0,0,0,1
Nemichthys scolopaceus,1,1,0,0,0,0,1,0
Limanda aspera,1,1,0,0,0,0,1,0
Liparis mucosus,1,1,0,1,1,0,0,1
Chaenophryne draco,1,1,0,0,0,0,1,0
Lepidogobius lepidus,1,1,1,1,1,1,0,1
Microgadus proximus,1,1,1,1,1,1,0,1
Xeneretmus triacanthus,1,1,0,1,0,0,0,1
Gymnocanthus galeatus,1,1,0,0,0,0,1,0
Careproctus melanurus,1,1,0,0,0,0,1,0
Liparis rutteri,1,1,0,1,0,0,0,1
Careproctus gilberti,1,1,0,0,0,0,1,0
Trichodon trichodon,1,1,1,1,1,1,0,1
Isopsetta isolepis,1,1,0,0,0,0,1,0
Albatrossia pectoralis,1,1,0,0,0,0,1,0
Bathophilus flemingi,1,1,0,0,0,0,1,0
Antimora microlepis,1,1,0,1,0,0,0,1
Lycodapus endemoscotus,1,1,0,0,0,0,1,0
Paraliparis deani,1,1,0,0,0,0,1,0
Scytalina cerdale,1,1,0,0,0,0,1,0
Bothrocara molle,1,1,0,0,0,0,1,0
Sebastes ciliatus,1,1,1,1,0,0,0,1
Hexagrammos octogrammus,1,1,0,1,0,0,0,1
Mola mola,1,1,0,0,0,0,1,0
Mallotus villosus,1,1,0,1,0,0,0,1
Sebastes aurora,1,1,0,1,0,0,0,1
Poroclinus rothrocki,1,1,0,1,0,0,0,1
Pholis schultzi,1,1,0,1,0,0,0,1
Spirinchus starksi,1,1,0,1,0,0,0,1
Anoplagonus inermis,1,1,0,1,0,0,0,1
Lycodapus parviceps,1,1,0,0,0,0,1,0
Caulolatilus princeps,1,1,0,1,0,0,0,1
Clupea harengus,1,1,0,0,0,0,1,0
Bathyraja trachura,1,1,0,0,0,0,1,0
Icelus spiniger,1,1,0,1,0,0,0,1
Trachurus symmetricus,1,1,0,1,0,0,0,1
Nectoliparis pelagicus,1,1,0,1,0,0,0,1
Stichaeus punctatus,1,1,0,0,0,0,1,0
Sebastes mystinus,1,1,0,1,0,0,0,1
Leptoclinus maculatus,1,1,0,0,0,0,1,0
Protomyctophum arcticum,1,0,0,0,0,0,1,0
Sebastes wilsoni,1,1,0,1,0,0,0,1
Lycenchelys jordani,1,1,0,0,0,0,1,0
Chirolophis tarsodes,1,1,0,0,0,0,1,0
Coryphaenoides armatus,1,1,0,0,0,0,1,0
Bothrocara pusillum,1,1,0,0,0,0,1,0
Eumicrotremus spinosus,1,1,0,0,0,0,1,0
Scopelosaurus harryi,1,1,0,1,0,0,0,1
Stenobrachius nannochir,1,1,0,0,0,0,1,0
Spectrunculus grandis,1,1,0,0,0,0,1,0
Bothragonus swanii,1,1,0,0,0,1,0,1
Xeneretmus leiops,1,1,0,0,0,0,1,0
Apodichthys fucorum,1,1,0,0,0,0,1,0
Xeneretmus latifrons,1,1,0,1,0,0,0,1
Lycodapus fierasfer,1,1,0,0,0,0,1,0
Zaniolepis latipinnis,1,1,0,1,0,0,0,1
Reinhardtius hippoglossoides,1,1,0,0,0,0,1,0
Cyclothone pseudopallida,1,1,0,0,0,0,1,0
Lepidopsetta polyxystra,1,1,0,0,0,0,1,0
Cyclothone signata,1,1,0,0,0,0,1,0
Sebastes carnatus,1,1,0,0,0,0,1,0
Oligocottus rimensis,1,1,1,1,1,0,0,1
Nezumia stelgidolepis,1,1,0,0,0,0,1,0
Acanthostracion quadricornis,1,0,0,0,0,0,1,0
Soldatovia polyactocephala,1,0,0,0,0,0,1,0
Hippocampus erectus,1,0,0,0,0,0,1,0
Bathyraja abyssicola,1,1,0,0,0,0,1,0
Squalus acanthias,1,1,0,1,0,0,0,1
Lipariscus nanus,1,1,0,0,0,0,1,0
Sebastes melanostictus,1,1,0,0,0,0,1,0
Argyropelecus affinis,1,1,0,0,0,0,1,0
Beringraja inornata,1,1,0,0,0,0,1,0
Orthonopias triacis,1,1,0,0,1,0,0,1
Diodon hystrix,1,1,0,0,0,0,1,0
Alepisaurus ferox,1,1,0,1,0,0,0,1
Gadus chalcogrammus,1,1,0,0,1,1,0,1
Acipenser medirostris,1,1,0,0,0,0,1,0
Gibbonsia metzi,1,1,1,1,1,0,0,1
Salmo trutta,1,0,0,1,0,0,0,1
Balistes polylepis,1,1,0,0,0,0,1,0
Xiphias gladius,1,1,0,0,0,0,1,0
Chanos chanos,1,1,0,0,0,0,1,0
Salvelinus confluentus,1,1,0,0,0,0,1,0
Thunnus alalunga,1,1,0,1,0,0,0,1
Cottus cognatus,1,0,0,0,0,0,1,0
Gibbonsia montereyensis,1,1,0,1,1,0,0,1
Gambusia affinis,1,1,0,0,0,0,1,0
Sebastes variabilis,1,1,0,0,0,0,1,0
Bathymaster signatus,1,1,0,1,0,0,0,1
Pleurogrammus monopterygius,1,1,0,0,0,0,1,0
Pleuronectes quadrituberculatus,1,1,0,0,0,0,1,0
Lamna ditropis,1,1,0,1,0,0,0,1
Atheresthes evermanni,1,1,0,0,0,0,1,0
Allocareproctus jordani,1,1,0,0,0,0,1,0
Magnisudis atlantica,1,1,0,0,0,0,1,0
Sebastes chlorostictus,1,1,0,0,0,0,1,0
Peprilus simillimus,1,1,0,1,0,0,0,1
Icosteus aenigmaticus,1,1,0,1,0,0,0,1
Paraliparis ulochir,1,1,0,0,0,0,1,0
Elassodiscus caudatus,1,1,0,0,0,0,1,0
Sebastes rufus,1,1,0,0,0,0,1,0
Coryphaenoides filifer,1,1,0,0,0,0,1,0
Radulinus boleoides,1,1,0,1,0,0,0,1
Bathyraja parmifera,1,1,0,0,0,0,1,0
Symphurus atricaudus,1,1,0,0,0,0,1,0
Malacocottus aleuticus,1,1,0,0,0,0,1,0
Icelinus burchami,1,1,0,1,0,0,0,1
Lycodapus dermatinus,1,1,0,0,0,0,1,0
Genyonemus lineatus,1,1,0,1,0,0,0,1
Sebastes chrysomelas,1,1,0,0,0,0,1,0
Ophichthus triserialis,1,1,0,0,0,0,1,0
Amphistichus koelzi,1,1,0,1,0,0,0,1
Talismania bifurcata,1,1,0,0,0,0,1,0
Nemichthys larseni,1,1,0,0,0,0,1,0
Gyrinomimus grahami,1,0,0,0,0,0,1,0
Bathyraja violacea,1,1,0,0,0,0,1,0
Paraliparis melanobranchus,1,1,0,0,0,0,1,0
Acantholiparis opercularis,1,1,0,0,0,0,1,0
Amblyraja badia,1,1,0,0,0,0,1,0
Nautichthys robustus,1,1,0,1,0,0,0,1
Melanostigma pammelas,1,1,0,0,0,0,1,0
Kali indica,1,1,0,0,0,0,1,0
Anotopterus nikparini,1,1,0,0,0,0,1,0
Bassozetus zenkevitchi,1,1,0,0,0,0,1,0
Cyema atrum,1,1,0,0,0,0,1,0
Galeorhinus galeus,1,1,0,0,0,0,1,0
Osmerus eperlanus,1,0,0,0,0,0,1,0
Paraplagusia bilineata,1,0,0,0,0,0,1,0
Platax teira,1,0,0,0,0,0,1,0
Phanerodon furcatus,1,1,0,1,0,0,0,1
Scomber japonicus,1,1,0,1,0,0,0,1
Osmerus dentex,1,1,0,0,0,0,1,0
Sebastes melanostomus,1,1,0,0,0,0,1,0
Bathylychnops exilis,1,1,0,0,0,0,1,0
Brama japonica,1,1,0,1,0,0,0,1
Agonomalus mozinoi,1,1,0,0,0,0,1,0
Coryphaenoides liocephalus,1,1,0,0,0,0,1,0
Clidoderma asperrimum,1,1,0,0,0,0,1,0
Regalecus glesne,1,0,0,0,0,0,1,0
Allocyttus folletti,1,1,0,0,0,0,1,0
Hypsagonus quadricornis,1,1,0,1,0,0,0,1
Hyperprosopon argenteum,1,1,0,1,0,0,0,1
Coryphaenoides cinereus,1,1,0,0,0,0,1,0
Paraliparis cephalus,1,1,0,0,0,0,1,0
Ceratias holboelli,1,1,0,0,0,0,1,0
Chaenophryne longiceps,1,1,0,0,0,0,1,0
Catostomus catostomus,1,0,0,0,0,0,1,0
Artedius corallinus,1,1,0,0,0,0,1,0
Lycodapus leptus,1,1,0,0,0,0,1,0
Halargyreus johnsonii,1,1,0,0,0,0,1,0
Lampadena urophaos,1,1,0,0,0,0,1,0
Molva molva,1,0,0,0,0,0,1,0
Lutjanus fulvus,1,0,0,0,0,0,1,0
Epinephelus areolatus,1,0,0,0,0,0,1,0
Lycenchelys paxillus,1,0,0,0,0,0,1,0
Stegastes partitus,1,0,0,0,0,0,1,0
Plectroglyphidodon sindonis,1,0,0,0,0,0,1,0
Aphareus rutilans,1,0,0,0,0,0,1,0
Stegastes planifrons,1,0,0,0,0,0,1,0
Tinca tinca,1,0,0,0,0,0,1,0
Argyropelecus sladeni,1,1,0,0,0,0,1,0
Amphiprion perideraion,1,0,0,0,0,0,1,0
Chirolophis japonicus,1,0,0,0,0,0,1,0
Symbolophorus californiensis,1,1,0,0,0,0,1,0
Benthodesmus tenuis,1,1,0,0,0,0,1,0
Anoplogaster cornuta,1,1,0,0,0,0,1,0
Paralichthys californicus,1,1,0,0,0,0,1,0
Triglops forficatus,1,1,0,0,0,0,1,0
Lycodes beringi,1,1,0,0,0,0,1,0
Lampanyctus jordani,1,1,0,0,0,0,1,0
Paraliparis mento,1,1,0,0,0,0,1,0
Scopelosaurus adleri,1,1,0,0,0,0,1,0
Amphiprion frenatus,1,0,0,0,0,0,1,0
Melanonus zugmayeri,1,1,0,0,0,0,1,0
Seriphus politus,1,1,0,0,0,0,1,0
Sebastes rastrelliger,1,1,0,0,0,0,1,0
Triakis semifasciata,1,1,0,0,0,0,1,0
Stellerina xyosterna,1,1,0,0,0,0,1,0
Liparis gibbus,1,1,0,0,0,0,1,0
Nannobrachium regale,1,1,0,0,0,0,1,0
Pachystomias microdon,1,1,0,0,0,0,1,0
Barbourisia rufa,1,1,0,0,0,0,1,0
Tetragonurus cuvieri,1,1,0,1,0,0,0,1
Chiasmodon niger,1,1,0,0,0,0,1,0
Protomyctophum crockeri,1,1,0,0,0,0,1,0
Triglops scepticus,1,1,0,0,0,0,1,0
Rondeletia loricata,1,1,0,0,0,0,1,0
Opostomias mitsuii,1,1,0,0,0,0,1,0
Porichthys myriaster,1,1,0,0,0,0,1,0
Lycenchelys micropora,1,1,0,0,0,0,1,0
Argentina sialis,1,1,0,0,0,0,1,0
Blepsias bilobus,1,1,0,1,0,0,0,1
Monopterus cuchia,1,0,0,0,0,0,1,0
Zesticelus profundorum,1,1,0,0,0,0,1,0
Kathetostoma averruncus,1,1,0,0,0,0,1,0
Prosopium cylindraceum,1,1,0,0,0,0,1,0
Lampris incognitus,1,1,0,0,0,0,1,0
Rhinoliparis attenuatus,1,1,0,0,0,0,1,0
Mola tecta,1,1,0,0,0,0,1,0
Tetronarce californica,1,1,0,0,0,0,1,0
Thalassenchelys coheni,1,1,0,0,0,0,1,0
Coryphaena hippurus,1,1,0,0,0,0,1,0
Icelus uncinalis,1,1,0,0,0,0,1,0
Erilepis zonifer,1,1,0,1,0,0,0,1
Sphyraena argentea,1,1,0,1,0,0,0,1
Bathyraja minispinosa,1,1,0,0,0,0,1,0
Lycenchelys camchatica,1,1,0,0,0,0,1,0
Careproctus colletti,1,1,0,0,0,0,1,0
Aptocyclus ventricosus,1,1,0,1,0,0,0,1
Acanthonus armatus,1,1,0,0,0,0,1,0
Oneirodes thompsoni,1,1,0,0,0,0,1,0
Derepodichthys alepidotus,1,1,0,0,0,0,1,0
Chaenophryne melanorhabdus,1,1,0,0,0,0,1,0
Rhinoliparis barbulifer,1,1,0,0,0,0,1,0
Oneirodes bulbosus,1,1,0,0,0,0,1,0
Lumpenus lampretaeformis,1,0,0,0,0,0,1,0
Cebidichthys violaceus,1,1,0,0,0,0,1,0
Eptatretus fritzi,0,1,0,0,0,0,1,0
Eptatretus mcconnaugheyi,0,1,0,0,0,0,1,0
Myxine circifrons,0,1,0,0,0,0,1,0
Myxine hubbsi,0,1,0,0,0,0,1,0
Entosphenus tridentatus,0,1,0,0,0,1,0,1
Lampetra tridentata,0,1,0,0,0,0,1,0
Lampetra ayresii,0,1,0,0,0,0,1,0
Lethenteron camtschaticum,0,1,0,0,0,0,1,0
Lampetra camtschatica,0,1,0,0,0,0,1,0
Lethenteron kessleri,0,1,0,0,0,0,1,0
Harriotta raleighana,0,1,0,0,0,0,1,0
Hydrolagus melanophasma,0,1,0,0,0,0,1,0
Hydrolagus trolli,0,1,0,0,0,0,1,0
Heterodontus francisci,0,1,0,0,0,0,1,0
Heterodontus mexicanus,0,1,0,0,0,0,1,0
Ginglymostoma unami,0,1,0,0,0,0,1,0
Ginglymostoma cirratum,0,1,0,0,0,0,1,0
Rhincodon typus,0,1,0,0,0,0,1,0
Odontaspis ferox,0,1,0,0,0,0,1,0
Mitsukurina owstoni,0,1,0,0,0,0,1,0
Pseudocarcharias kamoharai,0,1,0,0,0,0,1,0
Megachasma pelagios,0,1,0,0,0,0,1,0
Alopias pelagicus,0,1,0,0,0,0,1,0
Alopias superciliosus,0,1,0,0,0,0,1,0
Alopias vulpinus,0,1,0,1,0,0,0,1
Carcharodon carcharias,0,1,0,1,0,0,0,1
Isurus oxyrinchus,0,1,0,0,0,0,1,0
Isurus paucus,0,1,0,0,0,0,1,0
Apristurus kampae,0,1,0,0,0,0,1,0
Cephaloscyllium ventriosum,0,1,0,0,0,0,1,0
Cephalurus cephalus,0,1,0,0,0,0,1,0
Parmaturus xaniurus,0,1,0,0,0,0,1,0
Galeorhinus zyopterus,0,1,0,1,0,0,0,1
Mustelus albipinnis,0,1,0,0,0,0,1,0
Mustelus hacat,0,1,0,0,0,0,1,0
Mustelus californicus,0,1,0,0,0,0,1,0
Mustelus henlei,0,1,0,0,0,0,1,0
Mustelus lunulatus,0,1,0,0,0,0,1,0
Carcharhinus albimarginatus,0,1,0,0,0,0,1,0
Carcharhinus altimus,0,1,0,0,0,0,1,0
Carcharhinus brachyurus,0,1,0,0,0,0,1,0
Carcharhinus cerdale,0,1,0,0,0,0,1,0
Carcharhinus falciformis,0,1,0,0,0,0,1,0
Carcharhinus galapagensis,0,1,0,0,0,0,1,0
Carcharhinus obscurus,0,1,0,0,0,0,1,0
Carcharhinus leucas,0,1,0,0,0,0,1,0
Carcharhinus limbatus,0,1,0,0,0,0,1,0
Carcharhinus longimanus,0,1,0,0,0,0,1,0
Galeocerdo cuvier,0,1,0,0,0,0,1,0
Nasolamia velox,0,1,0,0,0,0,1,0
Negaprion brevirostris,0,1,0,0,0,0,1,0
Rhizoprionodon longurio,0,1,0,0,0,0,1,0
Triaenodon obesus,0,1,0,0,0,0,1,0
Sphyrna corona,0,1,0,0,0,0,1,0
Sphyrna lewini,0,1,0,0,0,0,1,0
Sphyrna media,0,1,0,0,0,0,1,0
Sphyrna mokarran,0,1,0,0,0,0,1,0
Sphyrna tiburo,0,1,0,0,0,0,1,0
Sphyrna zygaena,0,1,0,0,0,0,1,0
Chlamydoselachus anguineus,0,1,0,0,0,0,1,0
Notorynchus cepedianus,0,1,0,0,0,0,1,0
Echinorhinus cookei,0,1,0,0,0,0,1,0
Centroscyllium nigrum,0,1,0,0,0,0,1,0
Etmopterus benchleyi,0,1,0,0,0,0,1,0
Somniosus microcephalus,0,1,0,0,0,0,1,0
Somniosus antarcticus,0,1,0,0,0,0,1,0
Zameus squamulosus,0,1,0,0,0,0,1,0
Euprotomicrus bispinatus,0,1,0,0,0,0,1,0
Isistius brasiliensis,0,1,0,0,0,0,1,0
Squatina californica,0,1,0,0,0,0,1,0
Squatina armata,0,1,0,0,0,0,1,0
Torpedo californica,0,1,0,0,0,0,1,0
Diplobatis ommata,0,1,0,0,0,0,1,0
Narcine entemedor,0,1,0,0,0,0,1,0
Pristis pristis,0,1,0,0,0,0,1,0
Pristis zephyreus,0,1,0,0,0,0,1,0
Pseudobatos glaucostigmus,0,1,0,0,0,0,1,0
Pseudobatos productus,0,1,0,0,0,0,1,0
Pseudobatos prahli,0,1,0,0,0,0,1,0
Pseudobatos leucorhynchus,0,1,0,0,0,0,1,0
Zapteryx exasperata,0,1,0,0,0,0,1,0
Bathyraja kincaidii,0,1,0,0,0,0,1,0
Bathyraja lindbergi,0,1,0,0,0,0,1,0
Bathyraja matsubarai,0,1,0,0,0,0,1,0
Bathyraja maculata,0,1,0,0,0,0,1,0
Bathyraja mariposa,0,1,0,0,0,0,1,0
Bathyraja microtrachys,0,1,0,0,0,0,1,0
Bathyraja panthera,0,1,0,0,0,0,1,0
Bathyraja simoterus,0,1,0,0,0,0,1,0
Bathyraja spinosissima,0,1,0,0,0,0,1,0
Bathyraja taranetzi,0,1,0,0,0,0,1,0
Rhinoraja taranetzi,0,1,0,0,0,0,1,0
Rhinoraja longi,0,1,0,0,0,0,1,0
Amblyraja hyperborea,0,1,0,0,0,0,1,0
Raja binoculata,0,1,0,0,0,0,1,0
Raja inornata,0,1,0,0,0,0,1,0
Beringraja stellulata,0,1,0,0,0,0,1,0
Beringraja pulchra,0,1,0,0,0,0,1,0
Raja rhina,0,1,0,0,0,0,1,0
Raja stellulata,0,1,0,0,0,0,1,0
Rostroraja equatorialis,0,1,0,0,0,0,1,0
Raja equatorialis,0,1,0,0,0,0,1,0
Rostroraja velezi,0,1,0,0,0,0,1,0
Platyrhinoidis triseriata,0,1,0,0,0,0,1,0
Urobatis concentricus,0,1,0,0,0,0,1,0
Urolophus concentricus,0,1,0,0,0,0,1,0
Urobatis halleri,0,1,0,0,0,0,1,0
Urolophus halleri,0,1,0,0,0,0,1,0
Urobatis maculatus,0,1,0,0,0,0,1,0
Urolophus maculatus,0,1,0,0,0,0,1,0
Urotrygon aspidura,0,1,0,0,0,0,1,0
Urotrygon chilensis,0,1,0,0,0,0,1,0
Urotrygon munda,0,1,0,0,0,0,1,0
Urotrygon rogersi,0,1,0,0,0,0,1,0
Hypanus dipterurus,0,1,0,0,0,0,1,0
Dasyatis dipterura,0,1,0,0,0,0,1,0
Hypanus longus,0,1,0,0,0,0,1,0
Dasyatis longa,0,1,0,0,0,0,1,0
Pteroplatytrygon violacea,0,1,0,0,0,0,1,0
Gymnura marmorata,0,1,0,0,0,0,1,0
Gymnura crebripunctata,0,1,0,0,0,0,1,0
Aetobatus laticeps,0,1,0,0,0,0,1,0
Aetobatus narinari,0,1,0,0,0,0,1,0
Aetomylaeus asperrimus,0,1,0,0,0,0,1,0
Myliobatis californica,0,1,0,0,0,0,1,0
Myliobatis longirostris,0,1,0,0,0,0,1,0
Mobula birostris,0,1,0,0,0,0,1,0
Mobula mobular,0,1,0,0,0,0,1,0
Mobula japonica,0,1,0,0,0,0,1,0
Mobula thurstoni,0,1,0,0,0,0,1,0
Mobula japanica,0,1,0,0,0,0,1,0
Mobula munkiana,0,1,0,0,0,0,1,0
Mobula tarapacana,0,1,0,0,0,0,1,0
Mobula lucasana,0,1,0,0,0,0,1,0
Rhinoptera steindachneri,0,1,0,0,0,0,1,0
Elops affinis,0,1,0,0,0,0,1,0
Albula gilberti,0,1,0,0,0,0,1,0
Albula vulpes,0,1,0,0,0,0,1,0
Albula pacifica,0,1,0,0,0,0,1,0
Aldrovandia oleosa,0,1,0,0,0,0,1,0
Halosaurus attenuatus,0,1,0,0,0,0,1,0
Polyacanthonotus challengeri,0,1,0,0,0,0,1,0
Congriscus megastomus,0,1,0,0,0,0,1,0
Chlopsis apterus,0,1,0,0,0,0,1,0
Chlopsis kazuko,0,1,0,0,0,0,1,0
Anarchias galapagensis,0,1,0,0,0,0,1,0
Echidna nebulosa,0,1,0,0,0,0,1,0
Echidna nocturna,0,1,0,0,0,0,1,0
Enchelycore octaviana,0,1,0,0,0,0,1,0
Gymnothorax castaneus,0,1,0,0,0,0,1,0
Gymnothorax dovii,0,1,0,0,0,0,1,0
Gymnothorax equatorialis,0,1,0,0,0,0,1,0
Gymnothorax flavimarginatus,0,1,0,0,0,0,1,0
Gymnothorax mordax,0,1,0,0,0,0,1,0
Gymnothorax panamensis,0,1,0,0,0,0,1,0
Gymnothorax phalarus,0,1,0,0,0,0,1,0
Gymnothorax verrilli,0,1,0,0,0,0,1,0
Muraena argus,0,1,0,0,0,0,1,0
Muraena clepsydra,0,1,0,0,0,0,1,0
Muraena lentiginosa,0,1,0,0,0,0,1,0
Scuticaria tigrina,0,1,0,0,0,0,1,0
Uropterygius macrocephalus,0,1,0,0,0,0,1,0
Uropterygius polystictus,0,1,0,0,0,0,1,0
Uropterygius versutus,0,1,0,0,0,0,1,0
Histiobranchus bathybius,0,1,0,0,0,0,1,0
Synaphobranchus affinis,0,1,0,0,0,0,1,0
Synaphobranchus brevidorsalis,0,1,0,0,0,0,1,0
Bascanichthys bascanoides,0,1,0,0,0,0,1,0
Callechelys cliffi,0,1,0,0,0,0,1,0
Callechelys eristigma,0,1,0,0,0,0,1,0
Ethadophis merenda,0,1,0,0,0,0,1,0
Atractoscion nobilis,0,1,0,0,0,0,1,0
Herpetoichthys fossatus,0,1,0,0,0,0,1,0
Ichthyapus selachops,0,1,0,0,0,0,1,0
Letharchus rosenblatti,0,1,0,0,0,0,1,0
Myrichthys tigrinus,0,1,0,0,0,0,1,0
Myrophis vafer,0,1,0,0,0,0,1,0
Ophichthus zophochir,0,1,0,0,0,0,1,0
Paraletharchus pacificus,0,1,0,0,0,0,1,0
Phaenomonas pinnata,0,1,0,0,0,0,1,0
Quassiremus nothochir,0,1,0,0,0,0,1,0
Scytalichthys miurus,0,1,0,0,0,0,1,0
Derichthys serpentinus,0,1,0,0,0,0,1,0
Cynoponticus coniceps,0,1,0,0,0,0,1,0
Avocettina bowersii,0,1,0,0,0,0,1,0
Ariosoma gilberti,0,1,0,0,0,0,1,0
Bathycongrus macrurus,0,1,0,0,0,0,1,0
Bathycongrus varidens,0,1,0,0,0,0,1,0
Chiloconger dentatus,0,1,0,0,0,0,1,0
Chiloconger obtusus,0,1,0,0,0,0,1,0
Chiloconger labiatus,0,1,0,0,0,0,1,0
Paraconger dentatus,0,1,0,0,0,0,1,0
Gnathophis cinctus,0,1,0,0,0,0,1,0
Gorgasia punctata,0,1,0,0,0,0,1,0
Heteroconger canabus,0,1,0,0,0,0,1,0
Heteroconger digueti,0,1,0,0,0,0,1,0
Heteroconger pellegrini,0,1,0,0,0,0,1,0
Paraconger californiensis,0,1,0,0,0,0,1,0
Paraconger similis,0,1,0,0,0,0,1,0
Rhynchoconger nitens,0,1,0,0,0,0,1,0
Facciolella equatorialis,0,1,0,0,0,0,1,0
Facciolella gilberti,0,1,0,0,0,0,1,0
Venefica ocella,0,1,0,0,0,0,1,0
Venefica procera,0,1,0,0,0,0,1,0
Venefica tentaculata,0,1,0,0,0,0,1,0
Serrivomer sector,0,1,0,0,0,0,1,0
Stemonidium hypomelas,0,1,0,0,0,0,1,0
Saccopharynx lavenbergi,0,1,0,0,0,0,1,0
Eurypharynx pelecanoides,0,1,0,0,0,0,1,0
Monognathus ahlstromi,0,1,0,0,0,0,1,0
Anchoa argentivittata,0,1,0,0,0,0,1,0
Anchoa compressa,0,1,0,0,0,0,1,0
Anchoa curta,0,1,0,0,0,0,1,0
Anchoa delicatissima,0,1,0,0,0,0,1,0
Anchoa exigua,0,1,0,0,0,0,1,0
Anchoa helleri,0,1,0,0,0,0,1,0
Anchoa ischana,0,1,0,0,0,0,1,0
Anchoa lucida,0,1,0,0,0,0,1,0
Anchoa mundeoloides,0,1,0,0,0,0,1,0
Anchoa nasus,0,1,0,0,0,0,1,0
Anchoa scofieldi,0,1,0,0,0,0,1,0
Anchovia macrolepidota,0,1,0,0,0,0,1,0
Cetengraulis mysticetus,0,1,0,0,0,0,1,0
Engraulis japonicus,0,1,0,0,0,0,1,0
Opisthopterus dovii,0,1,0,0,0,0,1,0
Pliosteostoma lutipinnis,0,1,0,0,0,0,1,0
Dorosoma petenense,0,1,0,0,0,0,1,0
Etrumeus acuminatus,0,1,0,0,0,0,1,0
Etrumeus teres,0,1,0,0,0,0,1,0
Harengula thrissina,0,1,0,0,0,0,1,0
Lile nigrofasciata,0,1,0,0,0,0,1,0
Lile stolifera,0,1,0,0,0,0,1,0
Opisthonema bulleri,0,1,0,0,0,0,1,0
Opisthonema libertate,0,1,0,0,0,0,1,0
Opisthonema medirastre,0,1,0,0,0,0,1,0
Pogonichthys macrolepidotus,0,1,0,0,0,0,1,0
Ariopsis guatemalensis,0,1,0,0,0,0,1,0
Bagre panamensis,0,1,0,0,0,0,1,0
Notarius planiceps,0,1,0,0,0,0,1,0
Occidentarius platypogon,0,1,0,0,0,0,1,0
Netuma platypogon,0,1,0,0,0,0,1,0
Dolichopteryx longipes,0,1,0,0,0,0,1,0
Dolichopteryx parini,0,1,0,0,0,0,1,0
Dolichopteryx pseudolongipes,0,1,0,0,0,0,1,0
Ioichthys kashkini,0,1,0,0,0,0,1,0
Bathylychnops brachyrhynchus,0,1,0,0,0,0,1,0
Opisthoproctus soleatus,0,1,0,0,0,0,1,0
Rhynchohyalus natalensis,0,1,0,0,0,0,1,0
Bathylagoides nigrigenys,0,1,0,0,0,0,1,0
Bathylagoides wesethi,0,1,0,0,0,0,1,0
Leuroglossus stilbius,0,1,0,0,0,0,1,0
Leuroglossus urotranus,0,1,0,0,0,0,1,0
Melanolagus bericoides,0,1,0,0,0,0,1,0
Microstoma microstoma,0,1,0,0,0,0,1,0
Nansenia candida,0,1,0,1,0,0,0,1
Nansenia sanrikuensis,0,1,0,0,0,0,1,0
Nansenia crassa,0,1,0,0,0,0,1,0
Nansenia pelagica,0,1,0,0,0,0,1,0
Asquamiceps caeruleus,0,1,0,0,0,0,1,0
Asquamiceps pacificus,0,1,0,0,0,0,1,0
Asquamiceps velaris,0,1,0,0,0,0,1,0
Bajacalifornia burragei,0,1,0,0,0,0,1,0
Bajacalifornia megalops,0,1,0,0,0,0,1,0
Bajacalifornia erimoensis,0,1,0,0,0,0,1,0
Bathylaco nigricans,0,1,0,0,0,0,1,0
Bathytroctes macrolepis,0,1,0,0,0,0,1,0
Conocara salmoneum,0,1,0,0,0,0,1,0
Leptochilichthys agassizi,0,1,0,0,0,0,1,0
Narcetes stomias,0,1,0,0,0,0,1,0
Photostylus pycnopterus,0,1,0,0,0,0,1,0
Rouleina attrita,0,1,0,0,0,0,1,0
Holtbyrnia innesi,0,1,0,0,0,0,1,0
Holtbyrnia laticauda,0,1,0,0,0,0,1,0
Holtbyrnia latifrons,0,1,0,0,0,0,1,0
Maulisia acuticeps,0,1,0,0,0,0,1,0
Maulisia argipalla,0,1,0,0,0,0,1,0
Mentodus eubranchus,0,1,0,0,0,0,1,0
Mentodus facilis,0,1,0,0,0,0,1,0
Mirorictus taningi,0,1,0,0,0,0,1,0
Platytroctes apus,0,1,0,0,0,0,1,0
Hypomesus nipponensis,0,1,0,0,0,0,1,0
Hypomesus olidus,0,1,0,0,0,0,1,0
Hypomesus transpacificus,0,1,0,0,0,0,1,0
Mallotus catervarius,0,1,0,0,0,0,1,0
Osmerus mordax,0,1,0,0,0,0,1,0
Coregonus autumnalis,0,1,0,0,0,0,1,0
Coregonus laurettae,0,1,0,0,0,0,1,0
Coregonus nasus,0,1,0,0,0,0,1,0
Coregonus pidschian,0,1,0,0,0,0,1,0
Coregonus clupeaformis,0,1,0,0,0,0,1,0
Coregonus sardinella,0,1,0,0,0,0,1,0
Parasalmo clarkii,0,1,0,0,0,0,1,0
Salmo gairdnerii,0,1,0,0,0,0,1,0
Salvelinus alpinus,0,1,0,0,0,0,1,0
Stenodus leucichthys,0,1,0,0,0,0,1,0
Cyclothone acclinidens,0,1,0,0,0,0,1,0
Cyclothone alba,0,1,0,0,0,0,1,0
Cyclothone braueri,0,1,0,0,0,0,1,0
Cyclothone pallida,0,1,0,0,0,0,1,0
Diplophos proximus,0,1,0,0,0,0,1,0
Diplophos taenia,0,1,0,0,0,0,1,0
Gonostoma atlanticum,0,1,0,0,0,0,1,0
Sigmops elongatus,0,1,0,0,0,0,1,0
Gonostoma elongatum,0,1,0,0,0,0,1,0
Sigmops ebelingi,0,1,0,0,0,0,1,0
Sigmops gracilis,0,1,0,0,0,0,1,0
Argyropelecus aculeatus,0,1,0,0,0,0,1,0
Argyropelecus hemigymnus,0,1,0,0,0,0,1,0
Argyropelecus lychnus,0,1,0,0,0,0,1,0
Danaphos oculatus,0,1,0,0,0,0,1,0
Maurolicus muelleri,0,1,0,0,0,0,1,0
Sternoptyx diaphana,0,1,0,0,0,0,1,0
Sternoptyx obscura,0,1,0,0,0,0,1,0
Sternoptyx pseudobscura,0,1,0,0,0,0,1,0
Valenciennellus tripunctulatus,0,1,0,0,0,0,1,0
Ichthyococcus elongatus,0,1,0,0,0,0,1,0
Ichthyococcus irregularis,0,1,0,0,0,0,1,0
Vinciguerria lucetia,0,1,0,0,0,0,1,0
Vinciguerria nimbaria,0,1,0,0,0,0,1,0
Vinciguerria poweriae,0,1,0,0,0,0,1,0
Woodsia nonsuchae,0,1,0,0,0,0,1,0
Bathophilus brevis,0,1,0,0,0,0,1,0
Bathophilus filifer,0,1,0,0,0,0,1,0
Borostomias panamensis,0,1,0,0,0,0,1,0
Chauliodus sloani,0,1,0,0,0,0,1,0
Eustomias perplexus,0,1,0,0,0,0,1,0
Flagellostomias boureei,0,1,0,0,0,0,1,0
Idiacanthus antrostomus,0,1,0,0,0,0,1,0
Idiacanthus fasciola,0,1,0,0,0,0,1,0
Malacosteus niger,0,1,0,0,0,0,1,0
Melanostomias valdiviae,0,1,0,0,0,0,1,0
Neonesthes capensis,0,1,0,0,0,0,1,0
Photonectes margarita,0,1,0,0,0,0,1,0
Photonectes intermedius,0,1,0,0,0,0,1,0
Rhadinesthes decimus,0,1,0,0,0,0,1,0
Stomias atriventer,0,1,0,0,0,0,1,0
Aulopus bajacali,0,1,0,0,0,0,1,0
Synodus evermanni,0,1,0,0,0,0,1,0
Synodus lacertinus,0,1,0,0,0,0,1,0
Synodus lucioceps,0,1,0,0,0,0,1,0
Synodus scituliceps,0,1,0,0,0,0,1,0
Synodus sechurae,0,1,0,0,0,0,1,0
Benthalbella linguidens,0,1,0,0,0,0,1,0
Rosenblattichthys volucris,0,1,0,0,0,0,1,0
Scopelarchoides nicholsi,0,1,0,0,0,0,1,0
Scopelarchus analis,0,1,0,0,0,0,1,0
Scopelarchus guentheri,0,1,0,0,0,0,1,0
Evermannella ahlstromi,0,1,0,0,0,0,1,0
Anotopterus pharao,0,1,0,1,0,0,0,1
Notolepis coruscans,0,1,0,0,0,0,1,0
Lestidiops neles,0,1,0,0,0,0,1,0
Lestidiops pacificus,0,1,0,0,0,0,1,0
Lestidiops jayakari,0,1,0,0,0,0,1,0
Lestidiops sphyraenopsis,0,1,0,0,0,0,1,0
Macroparalepis johnfitchi,0,1,0,0,0,0,1,0
Lestidium johnfitchi,0,1,0,0,0,0,1,0
Stemonosudis macrura,0,1,0,0,0,0,1,0
Sudis atrox,0,1,0,0,0,0,1,0
Bathysaurus mollis,0,1,0,0,0,0,1,0
Ahliesaurus brevis,0,1,0,0,0,0,1,0
Bathypterois atricolor,0,1,0,0,0,0,1,0
Bathypterois ventralis,0,1,0,0,0,0,1,0
Gigantura indica,0,1,0,0,0,0,1,0
Bathyleptus lisae,0,1,0,0,0,0,1,0
Neoscopelus macrolepidotus,0,1,0,0,0,0,1,0
Scopelengys tristis,0,1,0,0,0,0,1,0
Benthosema glaciale,0,1,0,0,0,0,1,0
Benthosema panamense,0,1,0,0,0,0,1,0
Benthosema pterotum,0,1,0,0,0,0,1,0
Benthosema suborbitale,0,1,0,0,0,0,1,0
Bolinichthys longipes,0,1,0,0,0,0,1,0
Bolinichthys pyrsobolus,0,1,0,0,0,0,1,0
Centrobranchus nigroocellatus,0,1,0,0,0,0,1,0
Centrobranchus andreae,0,1,0,0,0,0,1,0
Ceratoscopelus townsendi,0,1,0,1,0,0,0,1
Diaphus anderseni,0,1,0,0,0,0,1,0
Diaphus fulgens,0,1,0,0,0,0,1,0
Diaphus rafinesquii,0,1,0,0,0,0,1,0
Diaphus kuroshio,0,1,0,0,0,0,1,0
Diaphus pacificus,0,1,0,0,0,0,1,0
Diaphus parri,0,1,0,0,0,0,1,0
Diaphus trachops,0,1,0,0,0,0,1,0
Diogenichthys atlanticus,0,1,0,0,0,0,1,0
Diogenichthys laternatus,0,1,0,0,0,0,1,0
Electrona risso,0,1,0,0,0,0,1,0
Gonichthys tenuiculus,0,1,0,0,0,0,1,0
Hygophum atratum,0,1,0,0,0,0,1,0
Hygophum proximum,0,1,0,0,0,0,1,0
Hygophum reinhardti,0,1,0,0,0,0,1,0
Lampadena yaquinae,0,1,0,0,0,0,1,0
Lampanyctus festivus,0,1,0,0,0,0,1,0
Lampanyctus tenuiformis,0,1,0,0,0,0,1,0
Lampanyctus nobilis,0,1,0,0,0,0,1,0
Lampanyctus parvicauda,0,1,0,0,0,0,1,0
Lampanyctus steinbecki,0,1,0,0,0,0,1,0
Lobianchia gemellari,0,1,0,0,0,0,1,0
Loweina rara,0,1,0,0,0,0,1,0
Loweina laurae,0,1,0,0,0,0,1,0
Myctophum aurolaternatum,0,1,0,0,0,0,1,0
Myctophum nitidulum,0,1,0,0,0,0,1,0
Nannobrachium bristori,0,1,0,0,0,0,1,0
Lampanyctus bristori,0,1,0,0,0,0,1,0
Nannobrachium fernae,0,1,0,0,0,0,1,0
Lampanyctus fernae,0,1,0,0,0,0,1,0
Nannobrachium gibbsi,0,1,0,0,0,0,1,0
Nannobrachium hawaiiensis,0,1,0,0,0,0,1,0
Lampanyctus hawaiiensis,0,1,0,0,0,0,1,0
Nannobrachium idostigma,0,1,0,0,0,0,1,0
Lampanyctus idostigma,0,1,0,0,0,0,1,0
Nannobrachium nigrum,0,1,0,0,0,0,1,0
Lampanyctus niger,0,1,0,0,0,0,1,0
Lampanyctus regalis,0,1,0,1,0,0,0,1
Nannobrachium ritteri,0,1,0,0,0,0,1,0
Lampanyctus ritteri,0,1,0,1,0,0,0,1
Notolychnus valdiviae,0,1,0,0,0,0,1,0
Notoscopelus japonicus,0,1,0,0,0,0,1,0
Notoscopelus resplendens,0,1,0,1,0,0,0,1
Parvilux ingens,0,1,0,0,0,0,1,0
Symbolophorus evermanni,0,1,0,0,0,0,1,0
Symbolophorus reversus,0,1,0,0,0,0,1,0
Taaningichthys bathyphilus,0,1,0,0,0,0,1,0
Taaningichthys minimus,0,1,0,0,0,0,1,0
Taaningichthys paurolychnus,0,1,0,0,0,0,1,0
Triphoturus mexicanus,0,1,0,0,0,0,1,0
Triphoturus oculeus,0,1,0,0,0,0,1,0
Triphoturus nigrescens,0,1,0,0,0,0,1,0
Lampris guttatus,0,1,0,0,0,0,1,0
Lampris megalopsis,0,1,0,0,0,0,1,0
Lophotus capellei,0,1,0,0,0,0,1,0
Lophotus lacepede,0,1,0,0,0,0,1,0
Desmodema lorum,0,1,0,0,0,0,1,0
Trachipterus trachypterus,0,1,0,0,0,0,1,0
Trachipterus fukuzakii,0,1,0,0,0,0,1,0
Zu cristatus,0,1,0,0,0,0,1,0
Regalecus russelii,0,1,0,0,0,0,1,0
Regalecus russellii,0,1,0,0,0,0,1,0
Stylephorus chordatus,0,1,0,0,0,0,1,0
Bregmaceros bathymaster,0,1,0,0,0,0,1,0
Bregmaceros atlanticus,0,1,0,0,0,0,1,0
Coelorinchus scaphopsis,0,1,0,0,0,0,1,0
Coryphaenoides anguliceps,0,1,0,0,0,0,1,0
Coryphaenoides capito,0,1,0,0,0,0,1,0
Chalinura filifera,0,1,0,0,0,0,1,0
Coryphaenoides leptolepis,0,1,0,0,0,0,1,0
Coryphaenoides longifilis,0,1,0,0,0,0,1,0
Bogoslovius clarki,0,1,0,0,0,0,1,0
Coryphaenoides pectoralis,0,1,0,0,0,0,1,0
Coryphaenoides yaquinae,0,1,0,0,0,0,1,0
Malacocephalus laevis,0,1,0,0,0,0,1,0
Mesovagus berryi,0,1,0,0,0,0,1,0
Mesobius berryi,0,1,0,0,0,0,1,0
Nezumia convergens,0,1,0,0,0,0,1,0
Nezumia kensmithi,0,1,0,0,0,0,1,0
Nezumia liolepis,0,1,0,0,0,0,1,0
Echinomacrurus occidentalis,0,1,0,0,0,0,1,0
Paracetonurus occidentalis,0,1,0,0,0,0,1,0
Antimora rostrata,0,1,0,0,0,0,1,0
Laemonema longipes,0,1,0,0,0,0,1,0
Laemonema verecundum,0,1,0,0,0,0,1,0
Lepidion schmidti,0,1,0,0,0,0,1,0
Lepidion inosimae,0,1,0,0,0,0,1,0
Physiculus nematopus,0,1,0,0,0,0,1,0
Physiculus rastrelliger,0,1,0,0,0,0,1,0
Physiculus talarae,0,1,0,0,0,0,1,0
Merluccius angustimanus,0,1,0,0,0,0,1,0
Arctogadus glacialis,0,1,0,0,0,0,1,0
Arctogadus borisovi,0,1,0,0,0,0,1,0
Boreogadus saida,0,1,0,0,0,0,1,0
Eleginus gracilis,0,1,0,0,0,0,1,0
Theragra chalcogramma,0,1,1,1,0,0,0,1
Theragra finnmarchica,0,1,0,0,0,0,1,0
Gadus ogac,0,1,0,0,0,0,1,0
Lota lota,0,1,0,0,0,0,1,0
Echiodon exsilium,0,1,0,0,0,0,1,0
Fierasfer dubius,0,1,0,0,0,0,1,0
Carapus dubius,0,1,0,0,0,0,1,0
Bassozetus levistomatus,0,1,0,0,0,0,1,0
Bassozetus nasus,0,1,0,0,0,0,1,0
Brotula clarkae,0,1,0,0,0,0,1,0
Brotula ordwayi,0,1,0,0,0,0,1,0
Brotulataenia nielseni,0,1,0,0,0,0,1,0
Cherublemma emmelas,0,1,0,0,0,0,1,0
Dicrolene filamentosa,0,1,0,0,0,0,1,0
Holcomycteronus digittatus,0,1,0,0,0,0,1,0
Holcomycteronus profundissimus,0,1,0,0,0,0,1,0
Lamprogrammus niger,0,1,0,0,0,0,1,0
Lepophidium hubbsi,0,1,0,0,0,0,1,0
Lepophidium microlepis,0,1,0,0,0,0,1,0
Lepophidium negropinna,0,1,0,0,0,0,1,0
Lepophidium pardale,0,1,0,0,0,0,1,0
Lepophidium prorates,0,1,0,0,0,0,1,0
Lepophidium stigmatistium,0,1,0,0,0,0,1,0
Neobythites stelliferoides,0,1,0,0,0,0,1,0
Ophidion galeoides,0,1,0,0,0,0,1,0
Ophidion imitator,0,1,0,0,0,0,1,0
Ophidion iris,0,1,0,0,0,0,1,0
Ophidion scrippsae,0,1,0,0,0,0,1,0
Otophidium indefatigabile,0,1,0,0,0,0,1,0
Petrotyx hopkinsi,0,1,0,0,0,0,1,0
Porogadus promelas,0,1,0,0,0,0,1,0
Porogadus catena,0,1,0,0,0,0,1,0
Spectrunculus crassus,0,1,0,0,0,0,1,0
Barathronus pacificus,0,1,0,0,0,0,1,0
Cataetyx rubrirostris,0,1,0,0,0,0,1,0
Cataetyx simus,0,1,0,0,0,0,1,0
Grammonus diagrammus,0,1,0,0,0,0,1,0
Sciadonus pedicellaris,0,1,0,0,0,0,1,0
Thalassobathia pelagica,0,1,0,0,0,0,1,0
Ogilbia nigromarginata,0,1,0,0,0,0,1,0
Ogilbia nudiceps,0,1,0,0,0,0,1,0
Ogilbia ventralis,0,1,0,0,0,0,1,0
Porichthys analis,0,1,0,0,0,0,1,0
Porichthys ephippiatus,0,1,0,0,0,0,1,0
Porichthys margaritatus,0,1,0,0,0,0,1,0
Porichthys mimeticus,0,1,0,0,0,0,1,0
Lophiodes caulinaris,0,1,0,0,0,0,1,0
Lophiodes spilurus,0,1,0,0,0,0,1,0
Lophiomus setigerus,0,1,0,0,0,0,1,0
Antennarius commerson,0,1,0,0,0,0,1,0
Antennatus sanguineus,0,1,0,0,0,0,1,0
Antennatus strigatus,0,1,0,0,0,0,1,0
Fowlerichthys avalonis,0,1,0,0,0,0,1,0
Antennarius avalonis,0,1,0,0,0,0,1,0
Chaunacops coloratus,0,1,0,0,0,0,1,0
Dibranchus spinosus,0,1,0,0,0,0,1,0
Dibranchus spongiosa,0,1,0,0,0,0,1,0
Zalieutes elater,0,1,0,0,0,0,1,0
Caulophryne jordani,0,1,0,0,0,0,1,0
Caulophryne pelagica,0,1,0,0,0,0,1,0
Caulophryne polynema,0,1,0,0,0,0,1,0
Melanocetus johnsonii,0,1,0,0,0,0,1,0
Himantolophus nigricornis,0,1,0,0,0,0,1,0
Himantolophus sagamius,0,1,0,0,0,0,1,0
Himantolophus groenlandicus,0,1,0,0,0,0,1,0
Bertella idiomorpha,0,1,0,0,0,0,1,0
Dolopichthys longicornis,0,1,0,0,0,0,1,0
Dolopichthys pullatus,0,1,0,0,0,0,1,0
Leptacanthichthys gracilispinis,0,1,0,0,0,0,1,0
Microlophichthys microlophus,0,1,0,0,0,0,1,0
Oneirodes acanthias,0,1,0,1,0,0,0,1
Oneirodes basili,0,1,0,0,0,0,1,0
Oneirodes eschrichtii,0,1,0,0,0,0,1,0
Phyllorhinichthys micractis,0,1,0,0,0,0,1,0
Thaumatichthys axeli,0,1,0,0,0,0,1,0
Centrophryne spinulosa,0,1,0,0,0,0,1,0
Cryptopsaras couesii,0,1,0,0,0,0,1,0
Gigantactis gargantua,0,1,0,0,0,0,1,0
Gigantactis macronema,0,1,0,0,0,0,1,0
Gigantactis microdontis,0,1,0,0,0,0,1,0
Gigantactis savagei,0,1,0,0,0,0,1,0
Gigantactis vanhoeffeni,0,1,0,0,0,0,1,0
Borophryne apogon,0,1,0,0,0,0,1,0
Linophryne coronata,0,1,0,0,0,0,1,0
Linophryne racemifera,0,1,0,0,0,0,1,0
Chaenomugil proboscideus,0,1,0,0,0,0,1,0
Agonostomus monticola,0,1,0,0,0,0,1,0
Mugil cephalus,0,1,0,0,0,0,1,0
Mugil hospes,0,1,0,0,0,0,1,0
Mugil setosus,0,1,0,0,0,0,1,0
Mugil curema,0,1,0,0,0,0,1,0
Atherinella eriarcha,0,1,0,0,0,0,1,0
Atherinella nepenthe,0,1,0,0,0,0,1,0
Atherinops affinis,0,1,0,0,0,0,1,0
Atherinopsis californiensis,0,1,0,0,0,0,1,0
Leuresthes tenuis,0,1,0,0,0,0,1,0
Menidia audens,0,1,0,0,0,0,1,0
Menidia beryllina,0,1,0,0,0,0,1,0
Cheilopogon dorsomacula,0,1,0,0,0,0,1,0
Cheilopogon furcatus,0,1,0,0,0,0,1,0
Cheilopogon heterurus,0,1,0,0,0,0,1,0
Cheilopogon papilio,0,1,0,0,0,0,1,0
Cheilopogon pinnatibarbatus,0,1,0,0,0,0,1,0
Cypselurus californicus,0,1,0,0,0,0,1,0
Cheilopogon spilonotopterus,0,1,0,0,0,0,1,0
Cheilopogon xenopterus,0,1,0,0,0,0,1,0
Cypselurus angusticeps,0,1,0,0,0,0,1,0
Cypselurus callopterus,0,1,0,0,0,0,1,0
Exocoetus monocirrhus,0,1,0,0,0,0,1,0
Exocoetus volitans,0,1,0,0,0,0,1,0
Fodiator rostratus,0,1,0,0,0,0,1,0
Hirundichthys albimaculatus,0,1,0,0,0,0,1,0
Hirundichthys marginatus,0,1,0,0,0,0,1,0
Hirundichthys rondeletii,0,1,0,0,0,0,1,0
Hirundichthys speculiger,0,1,0,0,0,0,1,0
Parexocoetus brachypterus,0,1,0,0,0,0,1,0
Prognichthys tringa,0,1,0,0,0,0,1,0
Euleptorhamphus viridis,0,1,0,0,0,0,1,0
Euleptorhamphus longirostris,0,1,0,0,0,0,1,0
Hemiramphus saltator,0,1,0,0,0,0,1,0
Hyporhamphus gilli,0,1,0,0,0,0,1,0
Hyporhamphus naos,0,1,0,0,0,0,1,0
Hyporhamphus rosae,0,1,0,0,0,0,1,0
Oxyporhamphus micropterus,0,1,0,0,0,0,1,0
Ablennes hians,0,1,0,0,0,0,1,0
Platybelone argalus,0,1,0,0,0,0,1,0
Strongylura exilis,0,1,0,0,0,0,1,0
Tylosurus crocodilus,0,1,0,0,0,0,1,0
Tylosurus pacificus,0,1,0,0,0,0,1,0
Tylosurus acus,0,1,0,0,0,0,1,0
Fundulus parvipinnis,0,1,0,0,0,0,1,0
Lucania goodei,0,1,0,0,0,0,1,0
Lucania parva,0,1,0,0,0,0,1,0
Poecilia latipinna,0,1,0,0,0,0,1,0
Melamphaes acanthomus,0,1,0,0,0,0,1,0
Melamphaes janae,0,1,0,0,0,0,1,0
Melamphaes laeviceps,0,1,0,0,0,0,1,0
Melamphaes longivelis,0,1,0,0,0,0,1,0
Melamphaes macrocephalus,0,1,0,0,0,0,1,0
Melamphaes parvus,0,1,0,0,0,0,1,0
Melamphaes spinifer,0,1,0,0,0,0,1,0
Melamphaes suborbitalis,0,1,0,0,0,0,1,0
Poromitra rugosa,0,1,0,0,0,0,1,0
Poromitra curilensis,0,1,0,0,0,0,1,0
Poromitra jucunda,0,1,0,0,0,0,1,0
Poromitra megalops,0,1,0,0,0,0,1,0
Poromitra macrophthalma,0,1,0,0,0,0,1,0
Poromitra oscitans,0,1,0,0,0,0,1,0
Scopeloberyx opisthopterus,0,1,0,0,0,0,1,0
Scopeloberyx robustus,0,1,0,0,0,0,1,0
Scopelogadus bispinosus,0,1,0,0,0,0,1,0
Scopelogadus mizolepis,0,1,0,0,0,0,1,0
Cetichthys parini,0,1,0,0,0,0,1,0
Cetostoma regani,0,1,0,0,0,0,1,0
Ditropichthys storeri,0,1,0,0,0,0,1,0
Parataeniophorus brevis,0,1,0,0,0,0,1,0
Eutaeniophorus festivus,0,1,0,0,0,0,1,0
Diretmoides pauciradiatus,0,1,0,0,0,0,1,0
Diretmus argenteus,0,1,0,0,0,0,1,0
Phthanophaneron harveyi,0,1,0,0,0,0,1,0
Myripristis berndti,0,1,0,0,0,0,1,0
Myripristis leiognathus,0,1,0,0,0,0,1,0
Sargocentron suborbitale,0,1,0,0,0,0,1,0
Sargocentron suborbitalis,0,1,0,0,0,0,1,0
Allocyttus verrucosus,0,1,0,0,0,0,1,0
Zenopsis nebulosa,0,1,0,0,0,0,1,0
Pungitius pungitius,0,1,0,0,0,0,1,0
Cosmocampus arctus,0,1,0,0,0,0,1,0
Doryrhamphus excisus,0,1,0,0,0,0,1,0
Hippocampus ingens,0,1,0,0,0,0,1,0
Syngnathus auliscus,0,1,0,0,0,0,1,0
Syngnathus euchrous,0,1,0,0,0,0,1,0
Syngnathus exilis,0,1,0,0,0,0,1,0
Syngnathus insulae,0,1,0,0,0,0,1,0
Aulostomus chinensis,0,1,0,0,0,0,1,0
Fistularia commersonii,0,1,0,0,0,0,1,0
Fistularia corneta,0,1,0,0,0,0,1,0
Macroramphosus scolopax,0,1,0,0,0,0,1,0
Macroramphosus gracilis,0,1,0,0,0,0,1,0
Adelosebastes latens,0,1,0,0,0,0,1,0
Pontinus furcirhinus,0,1,0,0,0,0,1,0
Pontinus sierra,0,1,0,0,0,0,1,0
Pontinus vaughani,0,1,0,0,0,0,1,0
Scorpaena afuerae,0,1,0,0,0,0,1,0
Scorpaena guttata,0,1,0,0,0,0,1,0
Scorpaena histrio,0,1,0,0,0,0,1,0
Scorpaena mystes,0,1,0,0,0,0,1,0
Scorpaena russula,0,1,0,0,0,0,1,0
Scorpaena sonorae,0,1,0,0,0,0,1,0
Scorpaenodes xyris,0,1,0,0,0,0,1,0
Sebastes atrovirens,0,1,0,0,0,0,1,0
Sebastes baramenuke,0,1,0,0,0,0,1,0
Sebastes constellatus,0,1,0,0,0,0,1,0
Sebastes dallii,0,1,0,0,0,0,1,0
Sebastes ensifer,0,1,0,0,0,0,1,0
Sebastes eos,0,1,0,0,0,0,1,0
Sebastes gilli,0,1,0,0,0,0,1,0
Sebastes glaucus,0,1,0,0,0,0,1,0
Sebastes hopkinsi,0,1,0,0,0,0,1,0
Sebastes lentiginosus,0,1,0,0,0,0,1,0
Sebastes levis,0,1,0,0,0,0,1,0
Sebastes macdonaldi,0,1,0,0,0,0,1,0
Sebastes melanosema,0,1,0,0,0,0,1,0
Sebastes crocotulus,0,1,0,0,0,0,1,0
Sebastes moseri,0,1,0,0,0,0,1,0
Sebastes notius,0,1,0,0,0,0,1,0
Sebastes ovalis,0,1,0,0,0,0,1,0
Sebastes phillipsi,0,1,0,0,0,0,1,0
Sebastes rosaceus,0,1,0,0,0,0,1,0
Sebastes rosenblatti,0,1,0,0,0,0,1,0
Sebastes rufinanus,0,1,0,0,0,0,1,0
Sebastes serriceps,0,1,0,0,0,0,1,0
Sebastes simulator,0,1,0,0,0,0,1,0
Sebastes umbrosus,0,1,0,0,0,0,1,0
Sebastolobus macrochir,0,1,0,0,0,0,1,0
Bellator gymnostethus,0,1,0,0,0,0,1,0
Bellator loxias,0,1,0,0,0,0,1,0
Bellator xenisma,0,1,0,0,0,0,1,0
Prionotus albirostris,0,1,0,0,0,0,1,0
Prionotus birostratus,0,1,0,0,0,0,1,0
Prionotus horrens,0,1,0,0,0,0,1,0
Prionotus ruscarius,0,1,0,0,0,0,1,0
Prionotus stephanophrys,0,1,0,0,0,0,1,0
Prionotus quiescens,0,1,0,0,0,0,1,0
Zaniolepis frenata,0,1,0,0,0,0,1,0
Hexagrammos superciliosus,0,1,0,0,0,0,1,0
Pleurogrammus azonus,0,1,0,0,0,0,1,0
Archistes biseriatus,0,1,0,0,0,0,1,0
Archistes plumarius,0,1,0,0,0,0,1,0
Artediellichthys nigripinnis,0,1,0,0,0,0,1,0
Artediellus atlanticus,0,1,0,0,0,0,1,0
Artediellus camchaticus,0,1,0,0,0,0,1,0
Artediellus gomojunovi,0,1,0,0,0,0,1,0
Artediellus miacanthus,0,1,0,0,0,0,1,0
Artediellus ochotensis,0,1,0,0,0,0,1,0
Artediellus pacificus,0,1,0,0,0,0,1,0
Artediellus scaber,0,1,0,0,0,0,1,0
Artedius notospilotus,0,1,0,0,0,0,1,0
Bolinia euryptera,0,1,0,0,0,0,1,0
Clinocottus analis,0,1,0,0,0,0,1,0
Clinocottus recalvus,0,1,0,0,0,0,1,0
Cottunculus microps,0,1,0,0,0,0,1,0
Cottunculus sadko,0,1,0,0,0,0,1,0
Enophrys diceraus,0,1,0,0,0,0,1,0
Enophrys taurina,0,1,0,0,0,0,1,0
Eurymen gyrinus,0,1,0,0,0,0,1,0
Gymnocanthus detrisus,0,1,0,0,0,0,1,0
Gymnocanthus pistilliger,0,1,0,0,0,0,1,0
Gymnocanthus tricuspis,0,1,0,0,0,0,1,0
Icelinus cavifrons,0,1,0,0,0,0,1,0
Icelinus limbaughi,0,1,0,0,0,0,1,0
Icelinus oculatus,0,1,0,1,0,0,0,1
Icelinus quadriseriatus,0,1,0,0,0,0,1,0
Icelus bicornis,0,1,0,0,0,0,1,0
Icelus canaliculatus,0,1,0,0,0,0,1,0
Icelus euryops,0,1,0,0,0,0,1,0
Icelus spatula,0,1,0,0,0,0,1,0
Leiocottus hirundo,0,1,0,0,0,0,1,0
Megalocottus platycephalus,0,1,0,0,0,0,1,0
Microcottus sellaris,0,1,0,0,0,0,1,0
Myoxocephalus jaok,0,1,0,0,0,0,1,0
Myoxocephalus niger,0,1,0,0,0,0,1,0
Myoxocephalus ensiger,0,1,0,0,0,0,1,0
Myoxocephalus quadricornis,0,1,0,0,0,0,1,0
Myoxocephalus scorpioides,0,1,0,0,0,0,1,0
Boreocottus axillaris,0,1,0,0,0,0,1,0
Myoxocephalus verrucosus,0,1,0,0,0,0,1,0
Myoxocephalus stelleri,0,1,0,0,0,0,1,0
Oligocottus rubellio,0,1,0,0,0,0,1,0
Phallocottus obtusus,0,1,0,0,0,0,1,0
Porocottus mednius,0,1,0,0,0,0,1,0
Porocottus quadrifilis,0,1,0,0,0,0,1,0
Radulinus vinculus,0,1,0,0,0,0,1,0
Rastrinus scutiger,0,1,0,0,0,0,1,0
Stlegicottus xenogrammus,0,1,0,0,0,0,1,0
Ruscarius creaseri,0,1,0,0,0,0,1,0
Artedius creaseri,0,1,0,0,0,0,1,0
Sigmistes caulias,0,1,0,0,0,0,1,0
Sigmistes smithi,0,1,0,0,0,0,1,0
Stelgistrum beringianum,0,1,0,0,0,0,1,0
Stelgistrum concinnum,0,1,0,0,0,0,1,0
Thyriscus anoplus,0,1,0,0,0,0,1,0
Trichocottus brashnikovi,0,1,0,0,0,0,1,0
Triglops metopias,0,1,0,0,0,0,1,0
Triglops nybelini,0,1,0,0,0,0,1,0
Triglops xenostethus,0,1,0,0,0,0,1,0
Agonopsis sterletus,0,1,0,0,0,0,1,0
Agonopsis emmelane,0,1,0,1,0,0,0,1
Aspidophoroides monopterygius,0,1,0,0,0,0,1,0
Aspidophoroides olrikii,0,1,0,0,0,0,1,0
Hemilepidotus gilberti,0,1,0,0,0,0,1,0
Hemilepidotus papilio,0,1,0,0,0,0,1,0
Melletes papilio,0,1,0,0,0,0,1,0
Hemilepidotus zapus,0,1,0,0,0,0,1,0
Hemitripterus villosus,0,1,0,0,0,0,1,0
Leptagonus decagonus,0,1,0,0,0,0,1,0
Leptagonus frenatus,0,1,0,0,0,0,1,0
Nautichthys pribilovius,0,1,0,0,0,0,1,0
Occella dodecaedron,0,1,0,0,0,0,1,0
Pallasina aix,0,1,0,0,0,0,1,0
Percis japonica,0,1,0,0,0,0,1,0
Podothecus veternus,0,1,0,0,0,0,1,0
Sarritor leptorhynchus,0,1,0,0,0,0,1,0
Occella impi,0,1,0,1,0,0,0,1
Xeneretmus ritteri,0,1,0,0,0,0,1,0
Cyclopterus lumpus,0,1,0,0,0,0,1,0
Pelagocyclus vitiazi,0,1,0,0,0,0,1,0
Eumicrotremus andriashevi,0,1,0,0,0,0,1,0
Eumicrotremus schmidti,0,1,0,0,0,0,1,0
Eumicrotremus fedorovi,0,1,0,0,0,0,1,0
Eumicrotremus barbatus,0,1,0,0,0,0,1,0
Eumicrotremus derjugini,0,1,0,0,0,0,1,0
Eumicrotremus gyrinops,0,1,0,0,0,0,1,0
Lethotremus muticus,0,1,0,0,0,0,1,0
Eumicrotremus muticus,0,1,0,0,0,0,1,0
Eumicrotremus asperrimus,0,1,0,0,0,0,1,0
Cyclopteropsis lindbergi,0,1,0,0,0,0,1,0
Eumicrotremus soldatovi,0,1,0,0,0,0,1,0
Eumicrotremus eggvinii,0,1,0,0,0,0,1,0
Eumicrotremus terraenovae,0,1,0,0,0,0,1,0
Acantholiparis caecus,0,1,0,0,0,0,1,0
Allocareproctus kallaion,0,1,0,0,0,0,1,0
Allocareproctus tanix,0,1,0,0,0,0,1,0
Careproctus pycnosoma,0,1,0,0,0,0,1,0
Allocareproctus unangas,0,1,0,0,0,0,1,0
Allocareproctus ungak,0,1,0,0,0,0,1,0
Bathyphasma ovigerum,0,1,0,0,0,0,1,0
Careproctus ovigerus,0,1,0,0,0,0,1,0
Careproctus abbreviatus,0,1,0,0,0,0,1,0
Careproctus ambustus,0,1,0,0,0,0,1,0
Careproctus bowersianus,0,1,0,0,0,0,1,0
Careproctus comus,0,1,0,0,0,0,1,0
Careproctus ectenes,0,1,0,0,0,0,1,0
Careproctus faunus,0,1,0,0,0,0,1,0
Careproctus filamentosus,0,1,0,0,0,0,1,0
Liparis osborni,0,1,0,0,0,0,1,0
Careproctus kamikawai,0,1,0,0,0,0,1,0
Careproctus lerikimae,0,1,0,0,0,0,1,0
Careproctus reinhardti,0,1,0,0,0,0,1,0
Careproctus longifilis,0,1,0,0,0,0,1,0
Careproctus lycopersicus,0,1,0,0,0,0,1,0
Careproctus microstomus,0,1,0,0,0,0,1,0
Careproctus mollis,0,1,0,0,0,0,1,0
Careproctus nelsoni,0,1,0,0,0,0,1,0
Careproctus opisthotremus,0,1,0,0,0,0,1,0
Careproctus oregonensis,0,1,0,0,0,0,1,0
Careproctus ostentum,0,1,0,0,0,0,1,0
Careproctus phasma,0,1,0,0,0,0,1,0
Careproctus scottae,0,1,0,0,0,0,1,0
Careproctus rastrinus,0,1,0,0,0,0,1,0
Careproctus simus,0,1,0,0,0,0,1,0
Careproctus spectrum,0,1,0,0,0,0,1,0
Careproctus staufferi,0,1,0,0,0,0,1,0
Careproctus zachirus,0,1,0,0,0,0,1,0
Crystallichthys cameliae,0,1,0,0,0,0,1,0
Crystallichthys cyclospilus,0,1,0,0,0,0,1,0
Crystallichthys mirabilis,0,1,0,0,0,0,1,0
Elassodiscus nyctereutes,0,1,0,0,0,0,1,0
Elassodiscus tremebundus,0,1,0,0,0,0,1,0
Genioliparis ferox,0,1,0,0,0,0,1,0
Gyrinichthys minytremus,0,1,0,0,0,0,1,0
Liparis adiastolus,0,1,0,0,0,0,1,0
Liparis bathyarcticus,0,1,0,0,0,0,1,0
Liparis bristolensis,0,1,0,0,0,0,1,0
Liparis tunicatus,0,1,0,0,0,0,1,0
Liparis catharus,0,1,0,0,0,0,1,0
Liparis fabricii,0,1,0,0,0,0,1,0
Liparis greeni,0,1,0,0,0,0,1,0
Polypera beringiana,0,1,0,0,0,0,1,0
Liparis marmoratus,0,1,0,0,0,0,1,0
Liparis megacephalus,0,1,0,0,0,0,1,0
Liparis micraspidophorus,0,1,0,0,0,0,1,0
Liparis ochotensis,0,1,0,0,0,0,1,0
Liparis herschelinus,0,1,0,0,0,0,1,0
Lopholiparis flerxi,0,1,0,0,0,0,1,0
Osteodiscus cascadiae,0,1,0,0,0,0,1,0
Paraliparis adustus,0,1,0,0,0,0,1,0
Paraliparis albeolus,0,1,0,0,0,0,1,0
Paraliparis albescens,0,1,0,0,0,0,1,0
Paraliparis bathybius,0,1,0,0,0,0,1,0
Paraliparis bullacephalus,0,1,0,0,0,0,1,0
Paraliparis grandis,0,1,0,0,0,0,1,0
Paraliparis holomelas,0,1,0,0,0,0,1,0
Paraliparis latifrons,0,1,0,0,0,0,1,0
Paraliparis megalopus,0,1,0,0,0,0,1,0
Paraliparis nassarum,0,1,0,0,0,0,1,0
Paraliparis penicillus,0,1,0,0,0,0,1,0
Prognatholiparis ptychomandibularis,0,1,0,0,0,0,1,0
Psednos anoderkes,0,1,0,0,0,0,1,0
Psednos cathetostomus,0,1,0,0,0,0,1,0
Psednos griseus,0,1,0,0,0,0,1,0
Psednos mexicanus,0,1,0,0,0,0,1,0
Psednos pallidus,0,1,0,0,0,0,1,0
Rhodichthys regina,0,1,0,0,0,0,1,0
Temnocora candida,0,1,0,0,0,0,1,0
Careproctus candidus,0,1,0,0,0,0,1,0
Centropomus medius,0,1,0,0,0,0,1,0
Centropomus nigrescens,0,1,0,0,0,0,1,0
Centropomus viridis,0,1,0,0,0,0,1,0
Morone saxatilis,0,1,0,0,0,0,1,0
Roccus saxatilis,0,1,0,1,0,0,0,1
Bathysphyraenops simplex,0,1,0,0,0,0,1,0
Howella simplex,0,1,0,0,0,0,1,0
Howella brodiei,0,1,0,0,0,0,1,0
Howella sherborni,0,1,0,0,0,0,1,0
Stereolepis gigas,0,1,0,0,0,0,1,0
Alphestes immaculatus,0,1,0,0,0,0,1,0
Alphestes galapagensis,0,1,0,0,0,0,1,0
Alphestes multiguttatus,0,1,0,0,0,0,1,0
Cephalopholis colonus,0,1,0,0,0,0,1,0
Paranthias colonus,0,1,0,0,0,0,1,0
Cephalopholis panamensis,0,1,0,0,0,0,1,0
Dermatolepis dermatolepis,0,1,0,0,0,0,1,0
Epinephelus analogus,0,1,0,0,0,0,1,0
Epinephelus clippertonensis,0,1,0,0,0,0,1,0
Epinephelus labriformis,0,1,0,0,0,0,1,0
Epinephelus quinquefasciatus,0,1,0,0,0,0,1,0
Epinephelus itajara,0,1,0,0,0,0,1,0
Hyporthodus acanthistius,0,1,0,0,0,0,1,0
Epinephelus acanthistius,0,1,0,0,0,0,1,0
Hyporthodus niphobles,0,1,0,0,0,0,1,0
Epinephelus niveatus,0,1,0,0,0,0,1,0
Epinephelus niphobles,0,1,0,0,0,0,1,0
Liopropoma fasciatum,0,1,0,0,0,0,1,0
Liopropoma longilepis,0,1,0,0,0,0,1,0
Mycteroperca jordani,0,1,0,0,0,0,1,0
Mycteroperca prionura,0,1,0,0,0,0,1,0
Mycteroperca rosacea,0,1,0,0,0,0,1,0
Mycteroperca xenarcha,0,1,0,0,0,0,1,0
Rypticus bicolor,0,1,0,0,0,0,1,0
Rypticus nigripinnis,0,1,0,0,0,0,1,0
Baldwinella eos,0,1,0,0,0,0,1,0
Diplectrum eumelum,0,1,0,0,0,0,1,0
Diplectrum euryplectrum,0,1,0,0,0,0,1,0
Diplectrum labarum,0,1,0,0,0,0,1,0
Diplectrum macropoma,0,1,0,0,0,0,1,0
Diplectrum maximum,0,1,0,0,0,0,1,0
Diplectrum pacificum,0,1,0,0,0,0,1,0
Diplectrum rostrum,0,1,0,0,0,0,1,0
Diplectrum sciurus,0,1,0,0,0,0,1,0
Hemanthias peruanus,0,1,0,0,0,0,1,0
Hemanthias signifer,0,1,0,0,0,0,1,0
Paralabrax auroguttatus,0,1,0,0,0,0,1,0
Paralabrax clathratus,0,1,0,0,0,0,1,0
Paralabrax maculatofasciatus,0,1,0,0,0,0,1,0
Paralabrax nebulifer,0,1,0,0,0,0,1,0
Pronotogrammus multifasciatus,0,1,0,0,0,0,1,0
Pseudogramma thaumasia,0,1,0,0,0,0,1,0
Serranus aequidens,0,1,0,0,0,0,1,0
Serranus huascarii,0,1,0,0,0,0,1,0
Serranus psittacinus,0,1,0,0,0,0,1,0
Opistognathus fossoris,0,1,0,0,0,0,1,0
Opistognathus punctatus,0,1,0,0,0,0,1,0
Opistognathus rhomaleus,0,1,0,0,0,0,1,0
Opistognathus rosenblatti,0,1,0,0,0,0,1,0
Opistognathus scops,0,1,0,0,0,0,1,0
Cookeolus japonicus,0,1,0,0,0,0,1,0
Heteropriacanthus carolinus,0,1,0,0,0,0,1,0
Heteropriacanthus cruentatus,0,1,0,0,0,0,1,0
Priacanthus alalaua,0,1,0,0,0,0,1,0
Pristigenys serrula,0,1,0,0,0,0,1,0
Apogon atricaudus,0,1,0,0,0,0,1,0
Apogon guadalupensis,0,1,0,0,0,0,1,0
Apogon pacificus,0,1,0,0,0,0,1,0
Apogon parri,0,1,0,0,0,0,1,0
Apogon retrosella,0,1,0,0,0,0,1,0
Caulolatilus affinis,0,1,0,0,0,0,1,0
Caulolatilus hubbsi,0,1,0,0,0,0,1,0
Nematistius pectoralis,0,1,0,0,0,0,1,0
Alectis ciliaris,0,1,0,0,0,0,1,0
Carangoides orthogrammus,0,1,0,0,0,0,1,0
Caranx orthogrammus,0,1,0,0,0,0,1,0
Carangoides otrynter,0,1,0,0,0,0,1,0
Carangoides vinctus,0,1,0,0,0,0,1,0
Caranx vinctus,0,1,0,0,0,0,1,0
Caranx caballus,0,1,0,0,0,0,1,0
Carangoides caballus,0,1,0,0,0,0,1,0
Caranx caninus,0,1,0,0,0,0,1,0
Caranx hippos,0,1,0,0,0,0,1,0
Caranx lugubris,0,1,0,0,0,0,1,0
Caranx melampygus,0,1,0,0,0,0,1,0
Caranx sexfasciatus,0,1,0,0,0,0,1,0
Chloroscombrus orqueta,0,1,0,0,0,0,1,0
Decapterus macarellus,0,1,0,0,0,0,1,0
Decapterus macrosoma,0,1,0,0,0,0,1,0
Decapterus muroadsi,0,1,0,0,0,0,1,0
Decapterus hypodus,0,1,0,0,0,0,1,0
Decapterus scombrinus,0,1,0,0,0,0,1,0
Elagatis bipinnulata,0,1,0,0,0,0,1,0
Gnathanodon speciosus,0,1,0,0,0,0,1,0
Hemicaranx leucurus,0,1,0,0,0,0,1,0
Hemicaranx zelotes,0,1,0,0,0,0,1,0
Naucrates ductor,0,1,0,0,0,0,1,0
Oligoplites altus,0,1,0,0,0,0,1,0
Oligoplites saurus,0,1,0,0,0,0,1,0
Selar crumenophthalmus,0,1,0,0,0,0,1,0
Selene brevoortii,0,1,0,0,0,0,1,0
Selene orstedii,0,1,0,0,0,0,1,0
Selene peruviana,0,1,0,0,0,0,1,0
Seriola aureovittata,0,1,0,0,0,0,1,0
Seriola dorsalis,0,1,0,0,0,0,1,0
Seriola lalandi,0,1,0,0,0,0,1,0
Seriola peruana,0,1,0,0,0,0,1,0
Seriola rivoliana,0,1,0,0,0,0,1,0
Trachinotus kennedyi,0,1,0,0,0,0,1,0
Trachinotus paitensis,0,1,0,0,0,0,1,0
Trachinotus rhodopus,0,1,0,0,0,0,1,0
Trachurus murphyi,0,1,0,0,0,0,1,0
Uraspis helvola,0,1,0,0,0,0,1,0
Uraspis secunda,0,1,0,0,0,0,1,0
Coryphaena equiselis,0,1,0,0,0,0,1,0
Echeneis naucrates,0,1,0,0,0,0,1,0
Phtheirichthys lineatus,0,1,0,0,0,0,1,0
Remora albescens,0,1,0,0,0,0,1,0
Remora australis,0,1,0,1,0,0,0,1
Remora brachyptera,0,1,0,0,0,0,1,0
Remora osteochir,0,1,0,0,0,0,1,0
Remora remora,0,1,0,0,0,0,1,0
Remorina albescens,0,1,0,0,0,0,1,0
Brama dussumieri,0,1,0,0,0,0,1,0
Brama orcini,0,1,0,0,0,0,1,0
Pteraclis aesticola,0,1,0,0,0,0,1,0
Pterycombus petersii,0,1,0,0,0,0,1,0
Taractes asper,0,1,0,0,0,0,1,0
Taractichthys steindachneri,0,1,0,0,0,0,1,0
Caristius macropus,0,1,0,1,0,0,0,1
Paracaristius nudarcus,0,1,0,0,0,0,1,0
Caristius maderensis,0,1,0,0,0,0,1,0
Platyberyx andriashevi,0,1,0,0,0,0,1,0
Hoplopagrus guentherii,0,1,0,0,0,0,1,0
Lutjanus aratus,0,1,0,0,0,0,1,0
Lutjanus argentiventris,0,1,0,0,0,0,1,0
Lutjanus colorado,0,1,0,0,0,0,1,0
Lutjanus guttatus,0,1,0,0,0,0,1,0
Lutjanus inermis,0,1,0,0,0,0,1,0
Lutjanus jordani,0,1,0,0,0,0,1,0
Lutjanus novemfasciatus,0,1,0,0,0,0,1,0
Lutjanus peru,0,1,0,0,0,0,1,0
Lutjanus viridis,0,1,0,0,0,0,1,0
Lobotes pacificus,0,1,0,0,0,0,1,0
Deckertichthys aureolus,0,1,0,0,0,0,1,0
Diapterus brevirostris,0,1,0,0,0,0,1,0
Diapterus peruvianus,0,1,0,0,0,0,1,0
Eucinostomus currani,0,1,0,0,0,0,1,0
Eucinostomus dowii,0,1,0,0,0,0,1,0
Eucinostomus entomelas,0,1,0,0,0,0,1,0
Eucinostomus gracilis,0,1,0,0,0,0,1,0
Eucinostomus californiensis,0,1,0,0,0,0,1,0
Eugerres axillaris,0,1,0,0,0,0,1,0
Eugerres lineatus,0,1,0,0,0,0,1,0
Gerres simillimus,0,1,0,0,0,0,1,0
Gerres cinereus,0,1,0,0,0,0,1,0
Anisotremus caesius,0,1,0,0,0,0,1,0
Anisotremus davidsonii,0,1,0,0,0,0,1,0
Anisotremus davidsoni,0,1,0,0,0,0,1,0
Anisotremus interruptus,0,1,0,0,0,0,1,0
Anisotremus taeniatus,0,1,0,0,0,0,1,0
Brachygenys californiensis,0,1,0,0,0,0,1,0
Xenistius californiensis,0,1,0,0,0,0,1,0
Haemulon californiensis,0,1,0,0,0,0,1,0
Conodon serrifer,0,1,0,0,0,0,1,0
Haemulon flaviguttatum,0,1,0,0,0,0,1,0
Haemulon maculicauda,0,1,0,0,0,0,1,0
Haemulon scudderi,0,1,0,0,0,0,1,0
Haemulon sexfasciatum,0,1,0,0,0,0,1,0
Haemulon steindachneri,0,1,0,0,0,0,1,0
Haemulopsis axillaris,0,1,0,0,0,0,1,0
Haemulopsis elongatus,0,1,0,0,0,0,1,0
Haemulopsis leuciscus,0,1,0,0,0,0,1,0
Haemulopsis nitida,0,1,0,0,0,0,1,0
Haemulopsis nitidus,0,1,0,0,0,0,1,0
Microlepidotus inornatus,0,1,0,0,0,0,1,0
Orthopristis chalceus,0,1,0,0,0,0,1,0
Orthopristis reddingi,0,1,0,0,0,0,1,0
Rhencus macracanthus,0,1,0,0,0,0,1,0
Pomadasys macracanthus,0,1,0,0,0,0,1,0
Rhencus panamensis,0,1,0,0,0,0,1,0
Pomadasys panamensis,0,1,0,0,0,0,1,0
Rhonciscus bayanus,0,1,0,0,0,0,1,0
Pomadasys bayanus,0,1,0,0,0,0,1,0
Rhonciscus branickii,0,1,0,0,0,0,1,0
Pomadasys branickii,0,1,0,0,0,0,1,0
Xenichthys xanti,0,1,0,0,0,0,1,0
Calamus brachysomus,0,1,0,0,0,0,1,0
Polydactylus approximans,0,1,0,0,0,0,1,0
Polydactylus opercularis,0,1,0,0,0,0,1,0
Bairdiella icistia,0,1,0,0,0,0,1,0
Cheilotrema saturnum,0,1,0,0,0,0,1,0
Corvula macrops,0,1,0,0,0,0,1,0
Cynoscion orthonopterus,0,1,0,0,0,0,1,0
Cynoscion parvipinnis,0,1,0,0,0,0,1,0
Cynoscion phoxocephalus,0,1,0,0,0,0,1,0
Cynoscion reticulatus,0,1,0,0,0,0,1,0
Cynoscion squamipinnis,0,1,0,0,0,0,1,0
Cynoscion xanthulus,0,1,0,0,0,0,1,0
Elattarchus archidium,0,1,0,0,0,0,1,0
Isopisthus remifer,0,1,0,0,0,0,1,0
Isopisthus altipinnis,0,1,0,0,0,0,1,0
Larimus acclivis,0,1,0,0,0,0,1,0
Larimus argenteus,0,1,0,0,0,0,1,0
Larimus effulgens,0,1,0,0,0,0,1,0
Larimus pacificus,0,1,0,0,0,0,1,0
Menticirrhus elongatus,0,1,0,0,0,0,1,0
Menticirrhus nasus,0,1,0,0,0,0,1,0
Menticirrhus panamensis,0,1,0,0,0,0,1,0
Menticirrhus undulatus,0,1,0,0,0,0,1,0
Micropogonias altipinnis,0,1,0,0,0,0,1,0
Micropogonias ectenes,0,1,0,0,0,0,1,0
Odontoscion xanthops,0,1,0,0,0,0,1,0
Ophioscion vermicularis,0,1,0,0,0,0,1,0
Paralonchurus goodei,0,1,0,0,0,0,1,0
Pareques viola,0,1,0,0,0,0,1,0
Roncador stearnsii,0,1,0,0,0,0,1,0
Stellifer ericymba,0,1,0,0,0,0,1,0
Stellifer wintersteenorum,0,1,0,0,0,0,1,0
Umbrina analis,0,1,0,0,0,0,1,0
Umbrina bussingi,0,1,0,0,0,0,1,0
Umbrina dorsalis,0,1,0,0,0,0,1,0
Umbrina roncador,0,1,0,0,0,0,1,0
Umbrina wintersteeni,0,1,0,0,0,0,1,0
Umbrina xanti,0,1,0,0,0,0,1,0
Mulloidichthys dentatus,0,1,0,0,0,0,1,0
Mulloidichthys vanicolensis,0,1,0,0,0,0,1,0
Pseudupeneus grandisquamis,0,1,0,0,0,0,1,0
Girella nigricans,0,1,0,0,0,0,1,0
Girella simplicidens,0,1,0,0,0,0,1,0
Kyphosus azureus,0,1,0,0,0,0,1,0
Hermosilla azurea,0,1,0,0,0,0,1,0
Kyphosus elegans,0,1,0,0,0,0,1,0
Kyphosus lutescens,0,1,0,0,0,0,1,0
Kyphosus sectatrix,0,1,0,0,0,0,1,0
Kyphosus ocyurus,0,1,0,0,0,0,1,0
Sectator ocyurus,0,1,0,0,0,0,1,0
Kyphosus vaigiensis,0,1,0,0,0,0,1,0
Kyphosus analogus,0,1,0,0,0,0,1,0
Medialuna californiensis,0,1,0,0,0,0,1,0
Chaetodon humeralis,0,1,0,0,0,0,1,0
Forcipiger flavissimus,0,1,0,0,0,0,1,0
Johnrandallia nigrirostris,0,1,0,0,0,0,1,0
Prognathodes falcifer,0,1,0,0,0,0,1,0
Holacanthus clarionensis,0,1,0,0,0,0,1,0
Holacanthus passer,0,1,0,0,0,0,1,0
Pomacanthus zonipectus,0,1,0,0,0,0,1,0
Pentaceros wheeleri,0,1,0,0,0,0,1,0
Pentaceros richardsoni,0,1,0,1,0,0,0,1
Pseudopentaceros richardsoni,0,1,0,0,0,0,1,0
Kuhlia mugil,0,1,0,0,0,0,1,0
Oplegnathus fasciatus,0,1,0,0,0,0,1,0
Cirrhitichthys oxycephalus,0,1,0,0,0,0,1,0
Cirrhitus rivulatus,0,1,0,0,0,0,1,0
Oxycirrhites typus,0,1,0,0,0,0,1,0
Coptodon zillii,0,1,0,0,0,0,1,0
Tilapia zillii,0,1,0,0,0,0,1,0
Rhacochilus vacca,0,1,1,1,1,0,0,1
Zalembius rosaceus,0,1,0,0,0,0,1,0
Amphistichus argenteus,0,1,0,0,0,0,1,0
Brachyistius aletes,0,1,0,0,0,0,1,0
Cymatogaster gracilis,0,1,0,0,0,0,1,0
Embiotoca caryi,0,1,0,0,0,0,1,0
Hypsurus caryi,0,1,0,0,0,0,1,0
Embiotoca jacksoni,0,1,0,0,0,0,1,0
Hyperprosopon anale,0,1,0,0,0,0,1,0
Micrometrus aurora,0,1,0,0,0,0,1,0
Micrometrus minimus,0,1,0,0,0,0,1,0
Phanerodon atripes,0,1,0,0,0,0,1,0
Phanerodon vacca,0,1,0,0,0,0,1,0
Damalichthys vacca,0,1,0,0,0,1,0,1
Rhacochilus toxotes,0,1,0,0,0,0,1,0
Abudefduf declivifrons,0,1,0,0,0,0,1,0
Abudefduf troschelii,0,1,0,0,0,0,1,0
Azurina hirundo,0,1,0,0,0,0,1,0
Chromis alta,0,1,0,0,0,0,1,0
Chromis atrilobata,0,1,0,0,0,0,1,0
Chromis limbaughi,0,1,0,0,0,0,1,0
Chromis punctipinnis,0,1,0,0,0,0,1,0
Hypsypops rubicundus,0,1,0,0,0,0,1,0
Microspathodon bairdii,0,1,0,0,0,0,1,0
Microspathodon dorsalis,0,1,0,0,0,0,1,0
Stegastes acapulcoensis,0,1,0,0,0,0,1,0
Stegastes flavilatus,0,1,0,0,0,0,1,0
Stegastes leucorus,0,1,0,0,0,0,1,0
Stegastes rectifraenum,0,1,0,0,0,0,1,0
Stegastes redemptus,0,1,0,0,0,0,1,0
Bodianus diplotaenia,0,1,0,0,0,0,1,0
Calotomus carolinus,0,1,0,0,0,0,1,0
Decodon melasma,0,1,0,0,0,0,1,0
Halichoeres adustus,0,1,0,0,0,0,1,0
Halichoeres californicus,0,1,0,0,0,0,1,0
Halichoeres semicinctus,0,1,0,0,0,0,1,0
Halichoeres chierchiae,0,1,0,0,0,0,1,0
Halichoeres dispilus,0,1,0,0,0,0,1,0
Halichoeres inornatus,0,1,0,0,0,0,1,0
Halichoeres raisneri,0,1,0,0,0,0,1,0
Halichoeres insularis,0,1,0,0,0,0,1,0
Halichoeres melanotis,0,1,0,0,0,0,1,0
Halichoeres nicholsi,0,1,0,0,0,0,1,0
Halichoeres notospilus,0,1,0,0,0,0,1,0
Iniistius pavo,0,1,0,0,0,0,1,0
Nicholsina denticulata,0,1,0,0,0,0,1,0
Novaculichthys taeniourus,0,1,0,0,0,0,1,0
Polylepion cruentum,0,1,0,0,0,0,1,0
Scarus compressus,0,1,0,0,0,0,1,0
Scarus ghobban,0,1,0,0,0,0,1,0
Scarus perrico,0,1,0,0,0,0,1,0
Scarus rubroviolaceus,0,1,0,0,0,0,1,0
Stethojulis bandanensis,0,1,0,0,0,0,1,0
Thalassoma grammaticum,0,1,0,0,0,0,1,0
Thalassoma lucasanum,0,1,0,0,0,0,1,0
Thalassoma virens,0,1,0,0,0,0,1,0
Xyrichtys mundiceps,0,1,0,0,0,0,1,0
Bathymaster leurolepis,0,1,0,0,0,0,1,0
Rathbunella alleni,0,1,0,0,0,0,1,0
Rathbunella hypoplecta,0,1,0,0,0,0,1,0
Bentartia pusillum,0,1,0,0,0,0,1,0
Bothrocara hollandi,0,1,0,0,0,0,1,0
Bothrocara nyx,0,1,0,0,0,0,1,0
Bothrocara zestum,0,1,0,0,0,0,1,0
Eucryphycus californicus,0,1,0,0,0,0,1,0
Gymnelus hemifasciatus,0,1,0,0,0,0,1,0
Gymnelus knipowitschi,0,1,0,0,0,0,1,0
Gymnelus popovi,0,1,0,0,0,0,1,0
Commandorella popovi,0,1,0,0,0,0,1,0
Gymnelus viridis,0,1,0,0,0,0,1,0
Gymnelus bilabrus,0,1,0,0,0,0,1,0
Lycenchelys alta,0,1,0,0,0,0,1,0
Lycenchelys callista,0,1,0,0,0,0,1,0
Lycenchelys hippopotamus,0,1,0,0,0,0,1,0
Lycenchelys kolthoffi,0,1,0,0,0,0,1,0
Lycenchelys monstrosa,0,1,0,0,0,0,1,0
Lycenchelys pearcyi,0,1,0,0,0,0,1,0
Lycenchelys plicifera,0,1,0,0,0,0,1,0
Lycenchelys rassi,0,1,0,0,0,0,1,0
Lycenchelys ratmanovi,0,1,0,0,0,0,1,0
Lycenchelys longirostris,0,1,0,0,0,0,1,0
Lycenchelys rosea,0,1,0,0,0,0,1,0
Lycenchelys volki,0,1,0,0,0,0,1,0
Lycodapus grossidens,0,1,0,0,0,0,1,0
Lycodapus poecilus,0,1,0,0,0,0,1,0
Lycodapus psarostomatus,0,1,0,0,0,0,1,0
Lycodes adolfi,0,1,0,0,0,0,1,0
Lycodes akuugun,0,1,0,0,0,0,1,0
Lycodes concolor,0,1,0,0,0,0,1,0
Lycodes eudipleurostictus,0,1,0,0,0,0,1,0
Lycodes frigidus,0,1,0,0,0,0,1,0
Lycodes japonicus,0,1,0,0,0,0,1,0
Lycodes jugoricus,0,1,0,0,0,0,1,0
Lycodes marisalbi,0,1,0,0,0,0,1,0
Lycodes pallidus,0,1,0,0,0,0,1,0
Lycodes mucosus,0,1,0,0,0,0,1,0
Lycodes turneri,0,1,0,0,0,0,1,0
Lycodes polaris,0,1,0,0,0,0,1,0
Lycodes knipowitschi,0,1,0,0,0,0,1,0
Lycodes raridens,0,1,0,0,0,0,1,0
Lycodes reticulatus,0,1,0,0,0,0,1,0
Lycodes lavalaei,0,1,0,0,0,0,1,0
Lycodes rossi,0,1,0,0,0,0,1,0
Lycodes sagittarius,0,1,0,0,0,0,1,0
Lycodes seminudus,0,1,0,0,0,0,1,0
Lycodes soldatovi,0,1,0,0,0,0,1,0
Lycodes squamiventer,0,1,0,0,0,0,1,0
Lyconema barbatum,0,1,0,0,0,0,1,0
Nalbantichthys elongatus,0,1,0,0,0,0,1,0
Opaeophacus acrogeneius,0,1,0,0,0,0,1,0
Pachycara bulbiceps,0,1,0,0,0,0,1,0
Pachycara karenae,0,1,0,0,0,0,1,0
Puzanovia rubra,0,1,0,0,0,0,1,0
Taranetzella lyoderma,0,1,0,0,0,0,1,0
Alectrias alectrolophus,0,1,0,0,0,0,1,0
Alectridium aurantiacum,0,1,0,0,0,0,1,0
Anisarchus medius,0,1,0,0,0,0,1,0
Bryozoichthys lysimus,0,1,0,0,0,0,1,0
Chirolophis snyderi,0,1,0,0,0,0,1,0
Ernogrammus walkeri,0,1,0,0,0,0,1,0
Esselenichthys carli,0,1,0,0,0,0,1,0
Esselenichthys laurae,0,1,0,0,0,0,1,0
Eumesogrammus praecisus,0,1,0,0,0,0,1,0
Gymnoclinus cristulatus,0,1,0,0,0,0,1,0
Kasatkia seigeli,0,1,0,0,0,0,1,0
Lumpenopsis clitella,0,1,0,0,0,0,1,0
Lumpenopsis hypochroma,0,1,0,0,0,0,1,0
Plagiogrammus hopkinsii,0,1,0,0,0,0,1,0
Pholis fasciata,0,1,0,0,0,0,1,0
Pholis gilli,0,1,0,0,0,0,1,0
Pholis nea,0,1,0,0,0,0,1,0
Rhodymenichthys dolichogaster,0,1,0,0,0,0,1,0
Ulvicola sanctaerosae,0,1,0,0,0,0,1,0
Anarhichas denticulatus,0,1,0,0,0,0,1,0
Anarhichas orientalis,0,1,0,0,0,0,1,0
Chiasmodon subniger,0,1,0,0,0,0,1,0
Dysalotus oligoscolus,0,1,0,0,0,0,1,0
Kali falx,0,1,0,0,0,0,1,0
Kali kerberti,0,1,0,0,0,0,1,0
Kali macrodon,0,1,0,0,0,0,1,0
Kali macrura,0,1,0,0,0,0,1,0
Pseudoscopelus lavenbergi,0,1,0,0,0,0,1,0
Pseudoscopelus scriptus,0,1,0,0,0,0,1,0
Pseudoscopelus scriptus sagamianus,0,1,0,0,0,0,1,0
Arctoscopus japonicus,0,1,0,0,0,0,1,0
Ammodytes dubius,0,1,0,0,0,0,1,0
Ammodytes americanus,0,1,0,0,0,0,1,0
Ammodytoides gilli,0,1,0,0,0,0,1,0
Astroscopus zephyreus,0,1,0,0,0,0,1,0
Axoclinus nigricaudus,0,1,0,0,0,0,1,0
Axoclinus storeyae,0,1,0,0,0,0,1,0
Crocodilichthys gracilis,0,1,0,0,0,0,1,0
Enneanectes carminalis,0,1,0,0,0,0,1,0
Enneanectes sexmaculatus,0,1,0,0,0,0,1,0
Enneanectes reticulatus,0,1,0,0,0,0,1,0
Dactylagnus mundus,0,1,0,0,0,0,1,0
Dactylagnus parvus,0,1,0,0,0,0,1,0
Dactyloscopus elongatus,0,1,0,0,0,0,1,0
Dactyloscopus heraldi,0,1,0,0,0,0,1,0
Dactyloscopus lunaticus,0,1,0,0,0,0,1,0
Dactyloscopus pectoralis,0,1,0,0,0,0,1,0
Gillellus arenicola,0,1,0,0,0,0,1,0
Gillellus semicinctus,0,1,0,0,0,0,1,0
Heteristius cinctus,0,1,0,0,0,0,1,0
Myxodagnus opercularis,0,1,0,0,0,0,1,0
Entomacrodus chiostictus,0,1,0,0,0,0,1,0
Hypsoblennius brevipinnis,0,1,0,0,0,0,1,0
Hypsoblennius gentilis,0,1,0,0,0,0,1,0
Hypsoblennius gilberti,0,1,0,0,0,0,1,0
Hypsoblennius jenkinsi,0,1,0,0,0,0,1,0
Ophioblennius steindachneri,0,1,0,0,0,0,1,0
Plagiotremus azaleus,0,1,0,0,0,0,1,0
Gibbonsia elegans,0,1,0,0,0,0,1,0
Gibbonsia evides,0,1,0,0,0,0,1,0
Gibbonsia erythra,0,1,0,0,0,0,1,0
Heterostichus rostratus,0,1,0,0,0,0,1,0
Alloclinus holderi,0,1,0,0,0,0,1,0
Brockius striatus,0,1,0,0,0,0,1,0
Labrisomus striatus,0,1,0,0,0,0,1,0
Cryptotrema corallinum,0,1,0,0,0,0,1,0
Dialommus macrocephalus,0,1,0,0,0,0,1,0
Labrisomus multiporosus,0,1,0,0,0,0,1,0
Labrisomus wigginsi,0,1,0,0,0,0,1,0
Labrisomus xanti,0,1,0,0,0,0,1,0
Malacoctenus ebisui,0,1,0,0,0,0,1,0
Malacoctenus gigas,0,1,0,0,0,0,1,0
Malacoctenus hubbsi,0,1,0,0,0,0,1,0
Malacoctenus mexicanus,0,1,0,0,0,0,1,0
Malacoctenus tetranemus,0,1,0,0,0,0,1,0
Malacoctenus afuerae,0,1,0,0,0,0,1,0
Malacoctenus zacae,0,1,0,0,0,0,1,0
Malacoctenus zonifer,0,1,0,0,0,0,1,0
Paraclinus altivelis,0,1,0,0,0,0,1,0
Paraclinus asper,0,1,0,0,0,0,1,0
Paraclinus beebei,0,1,0,0,0,0,1,0
Paraclinus integripinnis,0,1,0,0,0,0,1,0
Paraclinus magdalenae,0,1,0,0,0,0,1,0
Paraclinus mexicanus,0,1,0,0,0,0,1,0
Paraclinus sini,0,1,0,0,0,0,1,0
Paraclinus stephensi,0,1,0,0,0,0,1,0
Paraclinus tanygnathus,0,1,0,0,0,0,1,0
Paraclinus walkeri,0,1,0,0,0,0,1,0
Starksia guadalupae,0,1,0,0,0,0,1,0
Starksia spinipenis,0,1,0,0,0,0,1,0
Xenomedea rhodopyga,0,1,0,0,0,0,1,0
Acanthemblemaria balanorum,0,1,0,0,0,0,1,0
Acanthemblemaria crockeri,0,1,0,0,0,0,1,0
Acanthemblemaria hastingsi,0,1,0,0,0,0,1,0
Chaenopsis alepidota,0,1,0,0,0,0,1,0
Cirriemblemaria lucasana,0,1,0,0,0,0,1,0
Coralliozetus angelicus,0,1,0,0,0,0,1,0
Coralliozetus micropes,0,1,0,0,0,0,1,0
Coralliozetus rosenblatti,0,1,0,0,0,0,1,0
Ekemblemaria myersi,0,1,0,0,0,0,1,0
Emblemaria hypacanthus,0,1,0,0,0,0,1,0
Neoclinus blanchardi,0,1,0,0,0,0,1,0
Neoclinus stephensae,0,1,0,0,0,0,1,0
Neoclinus uninotatus,0,1,0,0,0,0,1,0
Protemblemaria bicirrus,0,1,0,0,0,0,1,0
Emblemaria bicirris,0,1,0,0,0,0,1,0
Stathmonotus sinuscalifornici,0,1,0,0,0,0,1,0
Acrotus willoughbyi,0,1,0,0,0,0,1,0
Arcos erythrops,0,1,0,0,0,0,1,0
Gobiesox adustus,0,1,0,0,0,0,1,0
Gobiesox eugrammus,0,1,0,0,0,0,1,0
Gobiesox papillifer,0,1,0,0,0,0,1,0
Gobiesox pinniger,0,1,0,0,0,0,1,0
Gobiesox rhessodon,0,1,0,0,0,0,1,0
Gobiesox schultzi,0,1,0,0,0,0,1,0
Rimicola cabrilloi,0,1,0,0,0,0,1,0
Rimicola dimorpha,0,1,0,0,0,0,1,0
Rimicola eigenmanni,0,1,0,0,0,0,1,0
Rimicola sila,0,1,0,0,0,0,1,0
Tomicodon boehlkei,0,1,0,0,0,0,1,0
Tomicodon eos,0,1,0,0,0,0,1,0
Tomicodon humeralis,0,1,0,0,0,0,1,0
Tomicodon myersi,0,1,0,0,0,0,1,0
Tomicodon petersii,0,1,0,0,0,0,1,0
Synchiropus atrilabiatus,0,1,0,0,0,0,1,0
Dormitator latifrons,0,1,0,0,0,0,1,0
Eleotris picta,0,1,0,0,0,0,1,0
Erotelis armiger,0,1,0,0,0,0,1,0
Gobiomorus maculatus,0,1,0,0,0,0,1,0
Acanthogobius flavimanus,0,1,0,0,0,0,1,0
Barbulifer mexicanus,0,1,0,0,0,0,1,0
Barbulifer pantherinus,0,1,0,0,0,0,1,0
Bathygobius ramosus,0,1,0,0,0,0,1,0
Bathygobius soporator,0,1,0,0,0,0,1,0
Bollmannia stigmatura,0,1,0,0,0,0,1,0
Chriolepis cuneata,0,1,0,0,0,0,1,0
Coryphopterus urospilus,0,1,0,0,0,0,1,0
Ctenogobius sagittula,0,1,0,0,0,0,1,0
Gobionellus sagittula,0,1,0,0,0,0,1,0
Gobionellus longicaudus,0,1,0,0,0,0,1,0
Elacatinus puncticulatus,0,1,0,0,0,0,1,0
Eucyclogobius kristinae,0,1,0,0,0,0,1,0
Eucyclogobius newberryi,0,1,0,0,0,0,1,0
Gillichthys mirabilis,0,1,0,0,0,0,1,0
Gobionellus microdon,0,1,0,0,0,0,1,0
Gobulus crescentalis,0,1,0,0,0,0,1,0
Gobulus hancocki,0,1,0,0,0,0,1,0
Gymneleotris seminuda,0,1,0,0,0,0,1,0
Ilypnus gilberti,0,1,0,0,0,0,1,0
Lethops connectens,0,1,0,0,0,0,1,0
Lythrypnus dalli,0,1,0,0,0,0,1,0
Lythrypnus crinitus,0,1,0,0,0,0,1,0
Lythrypnus pulchellus,0,1,0,0,0,0,1,0
Microgobius brevispinis,0,1,0,0,0,0,1,0
Microgobius cyclolepis,0,1,0,0,0,0,1,0
Microgobius emblematicus,0,1,0,0,0,0,1,0
Microgobius erectus,0,1,0,0,0,0,1,0
Microgobius miraflorensis,0,1,0,0,0,0,1,0
Microgobius tabogensis,0,1,0,0,0,0,1,0
Quietula y-cauda,0,1,0,0,0,0,1,0
Rhinogobius brunneus,0,1,0,0,0,0,1,0
Tigrigobius digueti,0,1,0,0,0,0,1,0
Elacatinus digueti,0,1,0,0,0,0,1,0
Tigrigobius limbaughi,0,1,0,0,0,0,1,0
Elacatinus limbaughi,0,1,0,0,0,0,1,0
Tridentiger barbatus,0,1,0,0,0,0,1,0
Tridentiger bifasciatus,0,1,0,0,0,0,1,0
Tridentiger trigonocephalus,0,1,0,0,0,0,1,0
Typhlogobius californiensis,0,1,0,0,0,0,1,0
Microdesmus dorsipunctatus,0,1,0,0,0,0,1,0
Ptereleotris carinata,0,1,0,0,0,0,1,0
Chaetodipterus zonatus,0,1,0,0,0,0,1,0
Luvarus imperialis,0,1,0,0,0,0,1,0
Zanclus cornutus,0,1,0,0,0,0,1,0
Acanthurus achilles,0,1,0,0,0,0,1,0
Acanthurus nigricans,0,1,0,0,0,0,1,0
Acanthurus triostegus,0,1,0,0,0,0,1,0
Acanthurus xanthopterus,0,1,0,0,0,0,1,0
Prionurus laticlavius,0,1,0,0,0,0,1,0
Prionurus punctatus,0,1,0,0,0,0,1,0
Sphyraena ensis,0,1,0,0,0,0,1,0
Sphyraena idiastes,0,1,0,0,0,0,1,0
Sphyraena lucasana,0,1,0,0,0,0,1,0
Diplospinus multistriatus,0,1,0,0,0,0,1,0
Gempylus serpens,0,1,0,0,0,0,1,0
Lepidocybium flavobrunneum,0,1,0,0,0,0,1,0
Nealotus tripes,0,1,0,0,0,0,1,0
Ruvettus pretiosus,0,1,0,0,0,0,1,0
Aphanopus capricornis,0,1,0,0,0,0,1,0
Aphanopus carbo,0,1,0,0,0,0,1,0
Assurger anzac,0,1,0,0,0,0,1,0
Benthodesmus pacificus,0,1,0,0,0,0,1,0
Benthodesmus elongatus,0,1,0,0,0,0,1,0
Lepidopus fitchi,0,1,0,0,0,0,1,0
Trichiurus nitens,0,1,0,0,0,0,1,0
Acanthocybium solandri,0,1,0,0,0,0,1,0
Allothunnus fallai,0,1,0,0,0,0,1,0
Auxis rochei,0,1,0,0,0,0,1,0
Auxis rochei eudorax,0,1,0,0,0,0,1,0
Auxis thazard,0,1,0,0,0,0,1,0
Auxis thazard brachydorax,0,1,0,0,0,0,1,0
Euthynnus affinis,0,1,0,0,0,0,1,0
Euthynnus lineatus,0,1,0,0,0,0,1,0
Katsuwonus pelamis,0,1,0,0,0,0,1,0
Sarda chiliensis,0,1,0,1,0,0,0,1
Sarda orientalis,0,1,0,0,0,0,1,0
Scomber colias,0,1,0,0,0,0,1,0
Scomberomorus concolor,0,1,0,0,0,0,1,0
Scomberomorus sierra,0,1,0,0,0,0,1,0
Thunnus albacares,0,1,0,0,0,0,1,0
Thunnus obesus,0,1,0,0,0,0,1,0
Thunnus orientalis,0,1,0,0,0,0,1,0
Thunnus thynnus,0,1,0,1,0,0,0,1
Istiompax indica,0,1,0,0,0,0,1,0
Makaira indica,0,1,0,0,0,0,1,0
Istiophorus platypterus,0,1,0,0,0,0,1,0
Kajikia audax,0,1,0,0,0,0,1,0
Tetrapterus audax,0,1,0,0,0,0,1,0
Makaira nigricans,0,1,0,0,0,0,1,0
Tetrapturus angustirostris,0,1,0,0,0,0,1,0
Cubiceps baxteri,0,1,0,0,0,0,1,0
Cubiceps capensis,0,1,0,0,0,0,1,0
Cubiceps paradoxus,0,1,0,0,0,0,1,0
Cubiceps pauciradiatus,0,1,0,0,0,0,1,0
Nomeus gronovii,0,1,0,0,0,0,1,0
Psenes pellucidus,0,1,0,0,0,0,1,0
Psenes sio,0,1,0,0,0,0,1,0
Tetragonurus atlanticus,0,1,0,0,0,0,1,0
Peprilus medius,0,1,0,0,0,0,1,0
Peprilus snyderi,0,1,0,0,0,0,1,0
Ancylopsetta dendritica,0,1,0,0,0,0,1,0
Citharichthys fragilis,0,1,0,0,0,0,1,0
Citharichthys gilberti,0,1,0,0,0,0,1,0
Citharichthys gordae,0,1,0,0,0,0,1,0
Citharichthys platophrys,0,1,0,0,0,0,1,0
Citharichthys xanthostigma,0,1,0,0,0,0,1,0
Cyclopsetta panamensis,0,1,0,0,0,0,1,0
Cyclopsetta querna,0,1,0,0,0,0,1,0
Etropus crossotus,0,1,0,0,0,0,1,0
Etropus peruvianus,0,1,0,0,0,0,1,0
Hippoglossina bollmani,0,1,0,0,0,0,1,0
Hippoglossina stomata,0,1,0,0,0,0,1,0
Hippoglossina tetrophthalma,0,1,0,0,0,0,1,0
Paralichthys aestuarius,0,1,0,0,0,0,1,0
Paralichthys woolmani,0,1,0,0,0,0,1,0
Syacium latifrons,0,1,0,0,0,0,1,0
Syacium ovale,0,1,0,0,0,0,1,0
Xystreurys liolepis,0,1,0,0,0,0,1,0
Acanthopsetta nadeshnyi,0,1,0,0,0,0,1,0
Glyptocephalus stelleri,0,1,0,0,0,0,1,0
Hippoglossoides robustus,0,1,0,0,0,0,1,0
Inopsetta ischyra,0,1,0,0,0,0,1,0
Limanda sakhalinensis,0,1,0,0,0,0,1,0
Pleuronectes sakhalinensis,0,1,0,0,0,0,1,0
Liopsetta glacialis,0,1,0,0,0,0,1,0
Pleuronectes glacialis,0,1,0,0,0,0,1,0
Microstomus bathybius,0,1,0,0,0,0,1,0
Myzopsetta proboscidea,0,1,0,0,0,0,1,0
Limanda proboscidea,0,1,0,0,0,0,1,0
Pleuronectes pallasii,0,1,0,0,0,0,1,0
Pleuronichthys guttulatus,0,1,0,0,0,0,1,0
Hypsopsetta guttulata,0,1,0,0,0,0,1,0
Pleuronichthys ocellatus,0,1,0,0,0,0,1,0
Pleuronichthys ritteri,0,1,0,0,0,0,1,0
Pleuronichthys verticalis,0,1,0,0,0,0,1,0
Achirus mazatlanus,0,1,0,0,0,0,1,0
Bothus constellatus,0,1,0,0,0,0,1,0
Bothus leopardinus,0,1,0,0,0,0,1,0
Engyophrys sanctilaurentii,0,1,0,0,0,0,1,0
Monolene dubiosa,0,1,0,0,0,0,1,0
Monolene asaedae,0,1,0,0,0,0,1,0
Perissias taeniopterus,0,1,0,0,0,0,1,0
Symphurus atramentatus,0,1,0,0,0,0,1,0
Symphurus atricauda,0,1,0,0,0,0,1,0
Symphurus callopterus,0,1,0,0,0,0,1,0
Symphurus fasciolaris,0,1,0,0,0,0,1,0
Symphurus melanurus,0,1,0,0,0,0,1,0
Symphurus oligomerus,0,1,0,0,0,0,1,0
Symphurus prolatinaris,0,1,0,0,0,0,1,0
Symphurus williamsi,0,1,0,0,0,0,1,0
Melichthys niger,0,1,0,0,0,0,1,0
Canthidermis maculata,0,1,0,0,0,0,1,0
Pseudobalistes naufragium,0,1,0,0,0,0,1,0
Balistes naufragium,0,1,0,0,0,0,1,0
Sufflamen verres,0,1,0,0,0,0,1,0
Xanthichthys mento,0,1,0,0,0,0,1,0
Aluterus monoceros,0,1,0,0,0,0,1,0
Aluterus scriptus,0,1,0,0,0,0,1,0
Lactoria diaphana,0,1,0,0,0,0,1,0
Ostracion meleagris,0,1,0,0,0,0,1,0
Arothron hispidus,0,1,0,0,0,0,1,0
Arothron meleagris,0,1,0,0,0,0,1,0
Canthigaster punctatissima,0,1,0,0,0,0,1,0
Lagocephalus lagocephalus,0,1,0,0,0,0,1,0
Sphoeroides angusticeps,0,1,0,0,0,0,1,0
Sphoeroides annulatus,0,1,0,0,0,0,1,0
Sphoeroides lispus,0,1,0,0,0,0,1,0
Sphoeroides lobatus,0,1,0,0,0,0,1,0
Sphoeroides sechurae,0,1,0,0,0,0,1,0
Chilomycterus reticulatus,0,1,0,0,0,0,1,0
Diodon eydouxii,0,1,0,0,0,0,1,0
Diodon holocanthus,0,1,0,0,0,0,1,0
Ranzania laevis,0,1,0,0,0,0,1,0
Alos sapidissima,0,0,1,0,0,0,0,1
Coryphopterus nicholsi,0,0,1,1,0,0,0,1
Clupea pallasi,0,0,1,0,0,0,0,1
Sebastes nigrocintus,0,0,1,0,0,0,0,1
Agonus acipenserinus,0,0,0,1,0,0,0,1
Allolumpenus hypochromus,0,0,0,1,0,0,0,1
Argyropelecus lychnus lychnus,0,0,0,1,0,0,0,1
Artedius meanyi,0,0,0,1,0,0,0,1
Asterotheca alascana,0,0,0,1,0,0,0,1
Asterotheca infraspinata,0,0,0,1,0,0,0,1
Asterotheca pentacanthus,0,0,0,1,0,0,0,1
Atherinops affinis affinis,0,0,0,1,0,0,0,1
Bathylagus milleri,0,0,0,1,0,0,0,1
Bathylagus ochotensis,0,0,0,1,0,0,0,1
Benthodesmus simonyi,0,0,0,1,0,0,0,1
Bothragonus swani,0,0,0,1,0,0,0,1
Careproctus ovigerum,0,0,0,1,0,0,0,1
Chaenophryne parviconus,0,0,0,1,0,0,0,1
Clupea harengus pallasi,0,0,0,1,0,0,0,1
Cynoscion nobilis,0,0,0,1,0,0,0,1
Delolepis gigantea,0,0,0,1,0,0,0,1
Engraulis mordax mordax,0,0,0,1,0,0,0,1
Euthynnus pelamis,0,0,0,1,0,0,0,1
Gilbertidia sigalutes,0,0,0,1,0,0,0,1
Hypomesus pretiosus pretiosus,0,0,0,1,0,0,0,1
Lampris regius,0,0,0,1,0,0,0,1
Lestidium ringens,0,0,0,1,0,0,0,1
Leuroglossus stilbius schmidti,0,0,0,1,0,0,0,1
Lumpenus maculatus,0,0,0,1,0,0,0,1
Lyconectes aleutensis,0,0,0,1,0,0,0,1
Notolepis rissoi rissoi,0,0,0,1,0,0,0,1
Notorynchus maculatus,0,0,0,1,0,0,0,1
Occella verrucosa,0,0,0,1,0,0,0,1
Oneirodes eschrichti,0,0,0,1,0,0,0,1
Osmerus mordax dentex,0,0,0,1,0,0,0,1
Pallasina barbata aix,0,0,0,1,0,0,0,1
Rhamphocottus richardsoni,0,0,0,1,0,0,0,1
Salmo clarki clarki,0,0,0,1,0,0,0,1
Salmo gairdneri,0,0,0,1,0,0,0,1
Symbolophorus californiense,0,0,0,1,0,0,0,1
Syngnathus griseolineatus,0,0,0,1,0,0,0,1
Triglops pingeli,0,0,0,1,0,0,0,1
Xererpes fucorum,0,0,0,1,0,0,0,1
