"","query","usagekey","scientificname","rank","status","matchtype","canonicalname","confidence","kingdom","phylum","order","family","genus","species","kingdomkey","phylumkey","classkey","orderkey","familykey","genuskey","specieskey","synonym","class","note","acceptedusagekey"
"11127","Ophiophragmus mirus",4305453,"Ophiophragmus moorei Thomas, 1965","species","ACCEPTED","FUZZY","Ophiophragmus moorei",14,"Animalia","Echinodermata","Amphilepidida","Amphiuridae","Ophiophragmus","Ophiophragmus moorei",1,50,350,9661062,5680,2277644,4305453,FALSE,"Ophiuroidea","Similarity: name=5; authorship=0; classification=-2; rank=5; status=1; singleMatch=5",NA
"15192","Acanthascus mitis",2236219,"Acanthascus mollis (Schulze, 1886)","species","SYNONYM","FUZZY","Acanthascus mollis",8,"Animalia","Porifera","Lyssacinosida","Rossellidae","Rhabdocalyptus","Rhabdocalyptus mollis",1,105,146,1113,3223,2236016,2236220,TRUE,"Hexactinellida","Similarity: name=5; authorship=0; classification=-2; rank=5; status=0; 2 synonym homonyms; nextMatch=0",2236220
"15193","Acanthascus mitis",11001890,"Acanthascus mollis (Schulze, 1886)","species","SYNONYM","FUZZY","Acanthascus mollis",8,"Animalia","Porifera","Lyssacinosida","Rossellidae","Rhabdocalyptus","Rhabdocalyptus mollis",1,105,146,1113,3223,2236016,2236220,TRUE,"Hexactinellida","Similarity: name=5; authorship=0; classification=-2; rank=5; status=0",2236220
"15439","Aeolidia grandis",2085567,"Aonidia grandis Lindinger, 1937","species","SYNONYM","FUZZY","Aonidia grandis",0,"Animalia","Arthropoda","Hemiptera","Diaspididae","Gymnaspis","Gymnaspis grandis",1,54,216,809,4521,2085551,2085566,TRUE,"Insecta","Similarity: name=-10; authorship=0; classification=-2; rank=5; status=0; singleMatch=5",2085566
"15467","Agalma clavata",7845596,"Aglaia clavata Brady, 1880","species","SYNONYM","FUZZY","Aglaia clavata",73,"Animalia","Arthropoda","Podocopida","Pontocyprididae","Argilloecia","Argilloecia clavata",1,54,353,1438,9272,1028965,4807726,TRUE,"Ostracoda","Similarity: name=65; authorship=0; classification=-2; rank=5; status=0; singleMatch=5",4807726
"15721","Amphiblestrum trifolium var. quadrata",5712722,"Amphiblestrum trifolium guadrata (Hincks, 1880)","subspecies","ACCEPTED","FUZZY","Amphiblestrum trifolium guadrata",0,"Animalia","Bryozoa","Cheilostomatida","Calloporidae","Amphiblestrum","Amphiblestrum trifolium",1,53,252,467,5797,1007201,5712720,FALSE,"Gymnolaemata","Similarity: name=5; authorship=0; classification=-2; rank=-9; status=1; singleMatch=5",NA
"15751","Amphioda urtica",2277736,"Amphiodia urtica (Lyman, 1860)","species","ACCEPTED","FUZZY","Amphiodia urtica",79,"Animalia","Echinodermata","Amphilepidida","Amphiuridae","Amphiodia","Amphiodia urtica",1,50,350,9661062,5680,2278221,2277736,FALSE,"Ophiuroidea","Similarity: name=75; authorship=0; classification=-2; rank=5; status=1; nextMatch=0",NA
"15752","Amphioda urtica",8277511,"Amphiodia urtica (Lyman, 1860)","species","SYNONYM","FUZZY","Amphiodia urtica",78,"Animalia","Echinodermata","Amphilepidida","Amphiuridae","Amphiodia","Amphiodia urtica",1,50,350,9661062,5680,2278221,2277736,TRUE,"Ophiuroidea","Similarity: name=75; authorship=0; classification=-2; rank=5; status=0",2277736
"15753","Amphioda urtica",4340553,"Amphiura urtica Lyman, 1860","species","SYNONYM","FUZZY","Amphiura urtica",68,"Animalia","Echinodermata","Amphilepidida","Amphiuridae","Amphiodia","Amphiodia urtica",1,50,350,9661062,5680,2278221,2277736,TRUE,"Ophiuroidea","Similarity: name=65; authorship=0; classification=-2; rank=5; status=0",2277736
"16479","Atylis tridens",2216913,"Atylus tridens (Alderman, 1936)","species","ACCEPTED","FUZZY","Atylus tridens",79,"Animalia","Arthropoda","Amphipoda","Atylidae","Atylus","Atylus tridens",1,54,229,1231,3254502,2216906,2216913,FALSE,"Malacostraca","Similarity: name=75; authorship=0; classification=-2; rank=5; status=1; nextMatch=0",NA
"16655","Beringion kennicottii",2304963,"Beringius kennicottii (Dall, 1871)","species","ACCEPTED","FUZZY","Beringius kennicottii",69,"Animalia","Mollusca","Neogastropoda","Buccinidae","Beringius","Beringius kennicottii",1,52,225,982,2696,2304959,2304963,FALSE,"Gastropoda","Similarity: name=65; authorship=0; classification=-2; rank=5; status=1; nextMatch=0",NA
"16656","Beringion kennicottii",11065001,"Beringius kennicotti","species","SYNONYM","FUZZY","Beringius kennicotti",68,"Animalia","Mollusca","Neogastropoda","Buccinidae","Beringius","Beringius kennicottii",1,52,225,982,2696,2304959,2304963,TRUE,"Gastropoda","Similarity: name=65; authorship=0; classification=-2; rank=5; status=0",2304963
"17169","Calligorgia compressa",2262000,"Callogorgia compressa (Verrill, 1865)","species","ACCEPTED","FUZZY","Callogorgia compressa",79,"Animalia","Cnidaria","Alcyonacea","Primnoidae","Callogorgia","Callogorgia compressa",1,43,206,1437,9238,2261958,2262000,FALSE,"Anthozoa","Similarity: name=75; authorship=0; classification=-2; rank=5; status=1; nextMatch=0",NA
"17170","Calligorgia compressa",11313960,"Caligorgia compressa (Verrill, 1865)","species","SYNONYM","FUZZY","Caligorgia compressa",78,"Animalia","Cnidaria","Alcyonacea","Primnoidae","Callogorgia","Callogorgia compressa",1,43,206,1437,9238,2261958,2262000,TRUE,"Anthozoa","Similarity: name=75; authorship=0; classification=-2; rank=5; status=0",2262000
"17246","Campylaspis carinata",2214789,"Campylaspis bicarinata Jones, 1974","species","ACCEPTED","FUZZY","Campylaspis bicarinata",14,"Animalia","Arthropoda","Cumacea","Nannastacidae","Campylaspis","Campylaspis bicarinata",1,54,229,1500,3217,2214722,2214789,FALSE,"Malacostraca","Similarity: name=5; authorship=0; classification=-2; rank=5; status=1; singleMatch=5",NA
"17525","Cerebratulus randis",2507828,"Cerebratulus grandis O.S.Jensen, 1878","species","SYNONYM","FUZZY","Cerebratulus grandis",13,"Animalia","Nemertea","Heteronemertea","Lineidae","Cerebratulus","Cerebratulus marginatus",1,63,9981053,10494416,6296,11228344,2507827,TRUE,"Pilidiophora","Similarity: name=5; authorship=0; classification=-2; rank=5; status=0; singleMatch=5",2507827
"17535","Cerithiopsis dina",10692065,"Cerithiopsis dannyi Cecalupo & Perugia, 2020","species","ACCEPTED","FUZZY","Cerithiopsis dannyi",9,"Animalia","Mollusca",NA,"Cerithiopsidae","Cerithiopsis","Cerithiopsis dannyi",1,52,225,NA,2676,2301757,10692065,FALSE,"Gastropoda","Similarity: name=5; authorship=0; classification=-2; rank=5; status=1",NA
"17536","Cerithiopsis dina",7789885,"Cerithiopsis erna Bartsch, 1915","species","ACCEPTED","FUZZY","Cerithiopsis erna",9,"Animalia","Mollusca",NA,"Cerithiopsidae","Cerithiopsis","Cerithiopsis erna",1,52,225,NA,2676,2301757,7789885,FALSE,"Gastropoda","Similarity: name=5; authorship=0; classification=-2; rank=5; status=1",NA
"17623","Chiton armatus",6076102,"Chiton alatus G.B.Sowerby II, 1841","species","SYNONYM","FUZZY","Chiton alatus",8,"Animalia","Mollusca","Chitonida","Ischnochitonidae","Stenoplax","Stenoplax alata",1,52,346,8278247,7625,10973552,2306751,TRUE,"Polyplacophora","Similarity: name=5; authorship=0; classification=-2; rank=5; status=0",2306751
"17624","Chiton armatus",4370514,"Chiton arbutum Reeve, 1847","species","SYNONYM","FUZZY","Chiton arbutum",8,"Animalia","Mollusca","Chitonida","Ischnochitonidae","Ischnochiton","Ischnochiton arbutum",1,52,346,8278247,7625,2306523,2306535,TRUE,"Polyplacophora","Similarity: name=5; authorship=0; classification=-2; rank=5; status=0",2306535
"17660","Chiton ornatus",8506695,"Chiton cordatus Kirkby, 1859","species","ACCEPTED","FUZZY","Chiton cordatus",9,"Animalia","Mollusca","Chitonida","Chitonidae","Chiton","Chiton cordatus",1,52,346,8278247,9104,2306114,8506695,FALSE,"Polyplacophora","Similarity: name=5; authorship=0; classification=-2; rank=5; status=1; nextMatch=0",NA
"17661","Chiton ornatus",4585013,"Chiton coronatus Locard, 1898","species","SYNONYM","FUZZY","Chiton coronatus",8,"Animalia","Mollusca","Chitonida","Mopaliidae","Placiphorella","Placiphorella atlantica",1,52,346,8278247,7552,2306020,2306026,TRUE,"Polyplacophora","Similarity: name=5; authorship=0; classification=-2; rank=5; status=0",2306026
"17690","Chlamys beringiana graui",5729545,"Chlamys behringiana graui MacNeil, 1967","subspecies","SYNONYM","FUZZY","Chlamys behringiana graui",13,"Animalia","Mollusca","Pectinida","Pectinidae","Chlamys","Chlamys behringiana",1,52,137,9250425,3472,2285880,5188901,TRUE,"Bivalvia","Similarity: name=5; authorship=0; classification=-2; rank=5; status=0; singleMatch=5",5188901
"17939","Colobononema sericeum",2269525,"Colobonema sericeum Vanhöffen, 1902","species","ACCEPTED","FUZZY","Colobonema sericeum",74,"Animalia","Cnidaria","Trachymedusae","Rhopalonematidae","Colobonema","Colobonema sericeum",1,43,205,709,3375,2269522,2269525,FALSE,"Hydrozoa","Similarity: name=65; authorship=0; classification=-2; rank=5; status=1; singleMatch=5",NA
"18064","Corophia bonelli",2217329,"Corophium bonelli H.Milne Edwards, 1830","species","SYNONYM","FUZZY","Corophium bonelli",68,"Animalia","Arthropoda","Amphipoda","Corophiidae","Crassicorophium","Crassicorophium bonellii",1,54,229,1231,4423,2217344,4314679,TRUE,"Malacostraca","Similarity: name=65; authorship=0; classification=-2; rank=5; status=0; 2 synonym homonyms; nextMatch=0",4314679
"18065","Corophia bonelli",4314680,"Corophium bonnellii (H.Milne Edwards, 1830)","species","SYNONYM","FUZZY","Corophium bonnellii",68,"Animalia","Arthropoda","Amphipoda","Corophiidae","Crassicorophium","Crassicorophium bonellii",1,54,229,1231,4423,2217344,4314679,TRUE,"Malacostraca","Similarity: name=65; authorship=0; classification=-2; rank=5; status=0",4314679
"18111","Costazzia robertsoniae",4288487,"Costazia robertsoniae","species","DOUBTFUL","FUZZY","Costazia robertsoniae",78,"Animalia","Bryozoa","Cheilostomatida","Celleporidae","Celleporina","Costazia robertsoniae",1,53,252,467,2110,3267766,4288487,FALSE,"Gymnolaemata","Similarity: name=75; authorship=0; classification=-2; rank=5; status=-5; singleMatch=5",NA
"18115","Crago abyssorum",2222229,"Crangon abyssorum Rathbun, 1902","species","SYNONYM","FUZZY","Crangon abyssorum",73,"Animalia","Arthropoda","Decapoda","Crangonidae","Neocrangon","Neocrangon abyssorum",1,54,229,637,6191,2222219,2222228,TRUE,"Malacostraca","Similarity: name=65; authorship=0; classification=-2; rank=5; status=0; singleMatch=5",2222228
"18117","Crago acclivis",2222123,"Crangon acclivis Rathbun, 1902","species","SYNONYM","FUZZY","Crangon acclivis",73,"Animalia","Arthropoda","Decapoda","Crangonidae","Metacrangon","Metacrangon acclivis",1,54,229,637,6191,2222112,2222122,TRUE,"Malacostraca","Similarity: name=65; authorship=0; classification=-2; rank=5; status=0; singleMatch=5",2222122
"18119","Crago alaskensis",2222170,"Crangon alaskensis Lockington, 1877","species","ACCEPTED","FUZZY","Crangon alaskensis",74,"Animalia","Arthropoda","Decapoda","Crangonidae","Crangon","Crangon alaskensis",1,54,229,637,6191,2222161,2222170,FALSE,"Malacostraca","Similarity: name=65; authorship=0; classification=-2; rank=5; status=1; singleMatch=5",NA
"18121","Crago alaskensis elongata",6283282,"Crangon alaskensis elongata Rathbun, 1902","subspecies","SYNONYM","FUZZY","Crangon alaskensis elongata",79,"Animalia","Arthropoda","Decapoda","Crangonidae","Crangon","Crangon alaskensis",1,54,229,637,6191,2222161,2222170,TRUE,"Malacostraca","Similarity: name=71; authorship=0; classification=-2; rank=5; status=0; singleMatch=5",2222170
"18124","Crago communis",2222222,"Crangon communis Rathbun, 1899","species","SYNONYM","FUZZY","Crangon communis",73,"Animalia","Arthropoda","Decapoda","Crangonidae","Neocrangon","Neocrangon communis",1,54,229,637,6191,2222219,2222220,TRUE,"Malacostraca","Similarity: name=65; authorship=0; classification=-2; rank=5; status=0; singleMatch=5",2222220
"18128","Crago intermedia",7935834,"Crabro intermedius A.Morawitz, 1866","species","SYNONYM","FUZZY","Crabro intermedius",68,"Animalia","Arthropoda","Hymenoptera","Crabronidae","Ectemnius","Ectemnius lituratus",1,54,216,1457,7906,4298242,4494940,TRUE,"Insecta","Similarity: name=65; authorship=0; classification=-2; rank=5; status=0",4494940
"18129","Crago intermedia",4648418,"Crangon intermedius Spence Bate, 1863","species","SYNONYM","FUZZY","Crangon intermedius",68,"Animalia","Arthropoda","Decapoda","Crangonidae","Philocheras","Philocheras intermedius",1,54,229,637,6191,2222233,4648394,TRUE,"Malacostraca","Similarity: name=65; authorship=0; classification=-2; rank=5; status=0",4648394
"18131","Crago munita",6456509,"Crangon munitus Dana, 1852","species","SYNONYM","FUZZY","Crangon munitus",73,"Animalia","Arthropoda","Decapoda","Crangonidae","Metacrangon","Metacrangon munita",1,54,229,637,6191,2222112,2222116,TRUE,"Malacostraca","Similarity: name=65; authorship=0; classification=-2; rank=5; status=0; singleMatch=5",2222116
"18137","Crago stylirostris",2222143,"Crangon stylirostris Holmes, 1900","species","SYNONYM","FUZZY","Crangon stylirostris",73,"Animalia","Arthropoda","Decapoda","Crangonidae","Lissocrangon","Lissocrangon stylirostris",1,54,229,637,6191,2222141,2222142,TRUE,"Malacostraca","Similarity: name=65; authorship=0; classification=-2; rank=5; status=0; singleMatch=5",2222142
"18139","Crago variabilis",7528863,"Crabro variabilis Schrank, 1802","species","SYNONYM","FUZZY","Crabro variabilis",68,"Animalia","Arthropoda","Hymenoptera","Crabronidae","Cerceris","Cerceris rybyensis",1,54,216,1457,7906,1312205,4495253,TRUE,"Insecta","Similarity: name=65; authorship=0; classification=-2; rank=5; status=0",4495253
"18140","Crago variabilis",2222115,"Crangon variabilis Rathbun, 1902","species","SYNONYM","FUZZY","Crangon variabilis",68,"Animalia","Arthropoda","Decapoda","Crangonidae","Metacrangon","Metacrangon variabilis",1,54,229,637,6191,2222112,2222114,TRUE,"Malacostraca","Similarity: name=65; authorship=0; classification=-2; rank=5; status=0",2222114
"18217","Cribrella leviuscula",5966047,"Cribrella laeviuscula (Stimpson, 1857)","species","SYNONYM","FUZZY","Cribrella laeviuscula",13,"Animalia","Echinodermata","Spinulosida","Echinasteridae","Henricia","Henricia leviuscula",1,50,214,1463,5541,2272135,5187438,TRUE,"Asteroidea","Similarity: name=5; authorship=0; classification=-2; rank=5; status=0; singleMatch=5",5187438
"18241","Crisidia franciscana",10361931,"Crisia franciscana Robertson, 1910","species","SYNONYM","FUZZY","Crisia franciscana",73,"Animalia","Bryozoa","Cyclostomatida","Crisiidae","Filicrisia","Filicrisia franciscana",1,53,226,1497,5652,1003720,1003721,TRUE,"Stenolaemata","Similarity: name=65; authorship=0; classification=-2; rank=5; status=0; singleMatch=5",1003721
"18243","Crisidia gracilis",5817737,"Crisia gracilis MacGillivray, 1895","species","ACCEPTED","FUZZY","Crisia gracilis",69,"Animalia","Bryozoa","Cyclostomatida","Crisiidae","Crisia","Crisia gracilis",1,53,226,1497,5652,1003734,5817737,FALSE,"Stenolaemata","Similarity: name=65; authorship=0; classification=-2; rank=5; status=1",NA
"18244","Crisidia gracilis",1003951,"Crisisina gracilis Philippi, 1844","species","ACCEPTED","FUZZY","Crisisina gracilis",69,"Animalia","Bryozoa","Cyclostomatida","Tubuliporidae","Crisisina","Crisisina gracilis",1,53,226,1497,5699,1003950,1003951,FALSE,"Stenolaemata","Similarity: name=65; authorship=0; classification=-2; rank=5; status=1",NA
"18318","Culeolus ushakovi",4354338,"Culeolus uschakovi Redikorzev, 1941","species","SYNONYM","FUZZY","Culeolus uschakovi",13,"Animalia","Chordata","Stolidobranchia","Pyuridae","Culeolus","Culeolus suhmi",1,44,356,9469348,7345,2331663,2331664,TRUE,"Ascidiacea","Similarity: name=5; authorship=0; classification=-2; rank=5; status=0; singleMatch=5",2331664
"18389","Cylichnella occulta",2291626,"Cylichnella inculta (Gould, 1855)","species","SYNONYM","FUZZY","Cylichnella inculta",13,"Animalia","Mollusca","Cephalaspidea","Tornatinidae","Acteocina","Acteocina inculta",1,52,225,454,4599274,2291609,2291625,TRUE,"Gastropoda","Similarity: name=5; authorship=0; classification=-2; rank=5; status=0; singleMatch=5",2291625
"18445","Cyptodon serricatus",8406038,"Cryptodon serricatus Carpenter, 1864","species","SYNONYM","FUZZY","Cryptodon serricatus",0,"Animalia","Mollusca","Lucinida","Thyasiridae","Axinopsida","Axinopsida serricata",1,52,137,9306876,6843,2287508,2287516,TRUE,"Bivalvia","Similarity: name=-10; authorship=0; classification=-2; rank=5; status=0; singleMatch=5",2287516
"18468","Defl exilodes similis",2218821,"Deflexilodes similis Bousfield & Chevrier, 1996","species","ACCEPTED","FUZZY","Deflexilodes similis",54,"Animalia","Arthropoda","Amphipoda","Oedicerotidae","Deflexilodes","Deflexilodes similis",1,54,229,1231,8006,2218814,2218821,FALSE,"Malacostraca","Similarity: name=75; authorship=0; classification=-2; rank=-25; status=1; singleMatch=5",NA
"18469","Defl exilodes tesselatus",2218820,"Deflexilodes tesselatus (Schneider, 1883)","species","ACCEPTED","FUZZY","Deflexilodes tesselatus",54,"Animalia","Arthropoda","Amphipoda","Oedicerotidae","Deflexilodes","Deflexilodes tesselatus",1,54,229,1231,8006,2218814,2218820,FALSE,"Malacostraca","Similarity: name=75; authorship=0; classification=-2; rank=-25; status=1; singleMatch=5",NA
"18470","Defl exilodes tuberculatus",2218815,"Deflexilodes tuberculatus (Boeck, 1871)","species","ACCEPTED","FUZZY","Deflexilodes tuberculatus",54,"Animalia","Arthropoda","Amphipoda","Oedicerotidae","Deflexilodes","Deflexilodes tuberculatus",1,54,229,1231,8006,2218814,2218815,FALSE,"Malacostraca","Similarity: name=75; authorship=0; classification=-2; rank=-25; status=1; singleMatch=5",NA
"18518","Dentalium hannai",8799946,"Dentalium canna (White, 1874)","species","ACCEPTED","FUZZY","Dentalium canna",9,"Animalia","Mollusca","Dentaliida","Prodentaliidae","Prodentalium","Dentalium canna",1,52,276,1152,4628565,4628566,8799946,FALSE,"Scaphopoda","Similarity: name=5; authorship=0; classification=-2; rank=5; status=1",NA
"18519","Dentalium hannai",4953750,"Dentalium danai Meyer, 1885","species","ACCEPTED","FUZZY","Dentalium danai",9,"Animalia","Mollusca","Dentaliida","Dentaliidae","Dentalium","Dentalium danai",1,52,276,1152,3323,2284736,4953750,FALSE,"Scaphopoda","Similarity: name=5; authorship=0; classification=-2; rank=5; status=1",NA
"18661","Discoporella crassiuscula",9478895,"Disporella crassiuscula (Smitt, 1867)","species","ACCEPTED","FUZZY","Disporella crassiuscula",74,"Animalia","Bryozoa","Cyclostomatida","Lichenoporidae","Disporella","Disporella crassiuscula",1,53,226,1497,9589,1004229,9478895,FALSE,"Stenolaemata","Similarity: name=65; authorship=0; classification=-2; rank=5; status=1; singleMatch=5",NA
"18663","Discoporella hispida",1004241,"Disporella hispida (Fleming, 1828)","species","ACCEPTED","FUZZY","Disporella hispida",74,"Animalia","Bryozoa","Cyclostomatida","Lichenoporidae","Disporella","Disporella hispida",1,53,226,1497,9589,1004229,1004241,FALSE,"Stenolaemata","Similarity: name=65; authorship=0; classification=-2; rank=5; status=1; singleMatch=5",NA
"18792","Echiurus lutkenii",9538729,"Echiurus luetkenii Diesing, 1859","species","SYNONYM","FUZZY","Echiurus luetkenii",13,"Animalia","Annelida","Echiuroidea","Echiuridae","Echiurus","Echiurus echiurus",1,42,256,8349555,6199,2508993,2508998,TRUE,"Polychaeta","Similarity: name=5; authorship=0; classification=-2; rank=5; status=0; singleMatch=5",2508998
"18900","Erichthonius rubricornis",2219305,"Ericthonius rubricornis (Stimpson, 1853)","species","ACCEPTED","FUZZY","Ericthonius rubricornis",79,"Animalia","Arthropoda","Amphipoda","Ischyroceridae","Ericthonius","Ericthonius rubricornis",1,54,229,1231,7994,2219292,2219305,FALSE,"Malacostraca","Similarity: name=75; authorship=0; classification=-2; rank=5; status=1; nextMatch=0",NA
"18901","Erichthonius rubricornis",11046777,"Ericthonius rubricornis Bousfield, 1973","species","SYNONYM","FUZZY","Ericthonius rubricornis",78,"Animalia","Arthropoda","Amphipoda","Ischyroceridae","Ericthonius","Ericthonius fasciatus",1,54,229,1231,7994,2219292,2219296,TRUE,"Malacostraca","Similarity: name=75; authorship=0; classification=-2; rank=5; status=0",2219296
"18952","Escharella porifera var. majuscula",11332418,"Escharella porifera f. minuscula Smitt, 1868","form","SYNONYM","FUZZY","Escharella porifera minuscula",6,"Animalia","Bryozoa","Cheilostomatida","Smittinidae","Smittina","Smittina minuscula",1,53,252,467,2764,1005416,1006913,TRUE,"Gymnolaemata","Similarity: name=5; authorship=0; classification=-2; rank=-2; status=0; singleMatch=5",1006913
"19119","Eunephthea fruticosa",10396108,"Eunephthya fruticosa (Sars, 1860)","species","SYNONYM","FUZZY","Eunephthya fruticosa",80,"Animalia","Cnidaria","Alcyonacea","Nephtheidae","Gersemia","Gersemia fruticosa",1,43,206,1437,2263109,2263176,2263179,TRUE,"Anthozoa",NA,2263179
"19120","Eunephthea fruticosa",11241355,"Eunephthya fructicosa (Sars, 1860)","species","SYNONYM","FUZZY","Eunephthya fructicosa",73,"Animalia","Cnidaria","Alcyonacea","Nephtheidae","Gersemia","Gersemia fruticosa",1,43,206,1437,2263109,2263176,2263179,TRUE,"Anthozoa","Similarity: name=70; authorship=0; classification=-2; rank=5; status=0",2263179
"19507","Gofingia cantabriensis",2509777,"Golfingia cantabriensis Edmonds, 1960","species","SYNONYM","FUZZY","Golfingia cantabriensis",0,"Animalia","Sipuncula","Golfingiiformes","Golfingiidae","Golfingia","Golfingia margaritacea",1,74,159,539,7339,2509399,2509754,TRUE,"Sipunculidea","Similarity: name=-10; authorship=0; classification=-2; rank=5; status=0; singleMatch=5",7062993
"19889","Hebella pocillum",9611546,"Hebella pusilla Stechow, 1923","species","ACCEPTED","FUZZY","Hebella pusilla",14,"Animalia","Cnidaria","Leptothecata","Hebellidae","Hebella","Hebella pusilla",1,43,205,712,3975,2268083,9611546,FALSE,"Hydrozoa","Similarity: name=5; authorship=0; classification=-2; rank=5; status=1; nextMatch=5",NA
"19934","Hemithrysis psittacea",6549304,"Hemithyris psittacea (Gmelin, 1790)","species","SYNONYM","FUZZY","Hemithyris psittacea",68,"Animalia","Brachiopoda","Rhynchonellida","Hemithirididae","Hemithiris","Hemithiris psittacea",1,110,210,510,6310,2252909,2252911,TRUE,"Rhynchonellata","Similarity: name=65; authorship=0; classification=-2; rank=5; status=0",2252911
"19935","Hemithrysis psittacea",11370079,"Hemithyris psittacea (Gmelin, 1790)","species","SYNONYM","FUZZY","Hemithyris psittacea",68,"Animalia","Brachiopoda","Rhynchonellida","Hemithirididae","Hemithiris","Terebratula psitacea",1,110,210,510,6310,2252909,9393247,TRUE,"Rhynchonellata","Similarity: name=65; authorship=0; classification=-2; rank=5; status=0",9393247
"20046","Hippolite sowerbei",5178658,"Hippolyte sowerbaei Leach, 1817","species","SYNONYM","FUZZY","Hippolyte sowerbaei",78,"Animalia","Arthropoda","Decapoda","Hippolytidae","Spirontocaris","Spirontocaris spinus",1,54,229,637,3869,2226295,2226301,TRUE,"Malacostraca","Similarity: name=70; authorship=0; classification=-2; rank=5; status=0; singleMatch=5",2226301
"20168","Hyale intermedia",10745935,"Hyalaea intermedia G.B.Sowerby II, 1877","species","ACCEPTED","FUZZY","Hyalaea intermedia",69,"Animalia","Mollusca","Pteropoda","Cavoliniidae","Cavolinia","Hyalaea intermedia",1,52,225,9697017,6525,11226316,10745935,FALSE,"Gastropoda","Similarity: name=65; authorship=0; classification=-2; rank=5; status=1",NA
"20169","Hyale intermedia",2427598,"Hyla intermedia Boulenger, 1882","species","ACCEPTED","FUZZY","Hyla intermedia",69,"Animalia","Chordata","Anura","Hylidae","Hyla","Hyla intermedia",1,44,131,952,6735,2423589,2427598,FALSE,"Amphibia","Similarity: name=65; authorship=0; classification=-2; rank=5; status=1",NA
"20177","Hyale spinosa",10914490,"Hyla spinosa Steindachner, 1864","species","SYNONYM","FUZZY","Hyla spinosa",73,"Animalia","Chordata","Anura","Hylidae","Triprion","Triprion spinosus",1,44,131,952,6735,2427666,10729529,TRUE,"Amphibia","Similarity: name=65; authorship=0; classification=-2; rank=5; status=0; singleMatch=5",10729529
"20260","Hyppolite gaimardii",6455546,"Hippolyte gaimardii H.Milne Edwards, 1837","species","SYNONYM","FUZZY","Hippolyte gaimardii",73,"Animalia","Arthropoda","Decapoda","Hippolytidae","Eualus","Eualus gaimardii",1,54,229,637,3869,2226489,2226509,TRUE,"Malacostraca","Similarity: name=65; authorship=0; classification=-2; rank=5; status=0; singleMatch=5",2226509
"20399","Janua rugata",4308628,"Janua corrugata (Montagu, 1803)","species","SYNONYM","FUZZY","Janua corrugata",8,"Animalia","Annelida","Sabellida","Serpulidae","Spirorbis","Spirorbis corrugatus",1,42,256,1080,7086,2327769,5199960,TRUE,"Polychaeta","Similarity: name=5; authorship=0; classification=-2; rank=5; status=0",5199960
"20400","Janua rugata",4289347,"Janua corrugatus (Montagu, 1803)","species","SYNONYM","FUZZY","Janua corrugatus",8,"Animalia","Annelida","Sabellida","Serpulidae","Spirorbis","Spirorbis corrugatus",1,42,256,1080,7086,2327769,5199960,TRUE,"Polychaeta","Similarity: name=5; authorship=0; classification=-2; rank=5; status=0; 2 synonym homonyms; nextMatch=0",5199960
"20688","Lepralia plana",8211008,"Lepralia alata Busk, 1854","species","SYNONYM","FUZZY","Lepralia alata",8,"Animalia","Bryozoa","Cheilostomatida","Umbonulidae","Umbonula","Umbonula alvareziana",1,53,252,467,6892,1005241,7390786,TRUE,"Gymnolaemata","Similarity: name=5; authorship=0; classification=-2; rank=5; status=0",7390786
"20689","Lepralia plana",1004852,"Lepralia lata Busk, 1856","species","SYNONYM","FUZZY","Lepralia lata",8,"Animalia","Bryozoa","Cheilostomatida","Cheiloporinidae","Hagiosynodos","Hagiosynodos latus",1,53,252,467,2112,1004847,1004851,TRUE,"Gymnolaemata","Similarity: name=5; authorship=0; classification=-2; rank=5; status=0",1004851
"20829","Leucosyrinx amycus",6513127,"Leucosyrinx erica Thiele, 1925","species","SYNONYM","FUZZY","Leucosyrinx erica",13,"Animalia","Mollusca","Neogastropoda","Pseudomelatomidae","Comitas","Comitas erica",1,52,225,982,6770,2305278,6513126,TRUE,"Gastropoda","Similarity: name=5; authorship=0; classification=-2; rank=5; status=0; singleMatch=5",6513126
"20913","Lineus rufus",8949975,"Lanius rufus Linnaeus, 1766","species","ACCEPTED","FUZZY","Lanius rufus",0,"Animalia","Chordata","Passeriformes","Laniidae","Lanius","Lanius rufus",1,44,212,729,9315,2483315,8949975,FALSE,"Aves","Similarity: name=-10; authorship=0; classification=-2; rank=5; status=1; singleMatch=5",NA
"21016","Lora amiata",6533495,"Leda amiata Dall, 1916","species","SYNONYM","FUZZY","Leda amiata",0,"Animalia","Mollusca","Nuculanida","Nuculanidae","Nuculana","Nuculana leonina",1,52,137,9405932,3475,2285399,2285438,TRUE,"Bivalvia","Similarity: name=-10; authorship=0; classification=-2; rank=5; status=0; singleMatch=5",2285438
"21039","Lora solida",6533559,"Leda solida Dall, 1881","species","SYNONYM","FUZZY","Leda solida",-7,"Animalia","Mollusca","Nuculanida","Nuculanidae","Nuculana","Nuculana solida",1,52,137,9405932,3475,2285399,6533555,TRUE,"Bivalvia","Similarity: name=-10; authorship=0; classification=-2; rank=5; status=0",6533555
"21040","Lora solida",6530327,"Lima solida Calcara, 1845","species","SYNONYM","FUZZY","Lima solida",-7,"Animalia","Mollusca","Limida","Limidae","Acesta","Acesta excavata",1,52,137,9380407,3480,2288745,5189501,TRUE,"Bivalvia","Similarity: name=-10; authorship=0; classification=-2; rank=5; status=0",5189501
"21045","Lora woodiana",10988031,"Leda woodiana Deshayes, 1858","species","SYNONYM","FUZZY","Leda woodiana",0,"Animalia","Mollusca","Nuculanida","Yoldiidae","Yoldiella","Yoldiella philippiana",1,52,137,9405932,6873,2285533,2285558,TRUE,"Bivalvia","Similarity: name=-10; authorship=0; classification=-2; rank=5; status=0; singleMatch=5",2285558
"21186","Macrorhynchia dalli",2267323,"Macrorhynchia balei (Nutting, 1906)","species","ACCEPTED","FUZZY","Macrorhynchia balei",14,"Animalia","Cnidaria","Leptothecata","Aglaopheniidae","Macrorhynchia","Macrorhynchia balei",1,43,205,712,8156,2267055,2267323,FALSE,"Hydrozoa","Similarity: name=5; authorship=0; classification=-2; rank=5; status=1; singleMatch=5",NA
"21236","Mangilia nunivakensis",2303419,"Mangelia munivakensis Dall, 1919","species","ACCEPTED","FUZZY","Mangelia munivakensis",0,"Animalia","Mollusca","Neogastropoda","Mangeliidae","Mangelia","Mangelia munivakensis",1,52,225,982,5857036,11246275,2303419,FALSE,"Gastropoda","Similarity: name=-10; authorship=0; classification=-2; rank=5; status=1; singleMatch=5",NA
"21243","Mara confervicola",6461783,"Maera confervicolus Stimpson, 1856","species","SYNONYM","FUZZY","Maera confervicolus",0,"Animalia","Arthropoda","Amphipoda","Anisogammaridae","Eogammarus","Eogammarus confervicolus",1,54,229,1231,4414,2217429,2217431,TRUE,"Malacostraca","Similarity: name=-10; authorship=0; classification=-2; rank=5; status=0; singleMatch=5",2217431
"21245","Marcoma leptonoidea",2286988,"Macoma leptonoidea Dall, 1895","species","SYNONYM","FUZZY","Macoma leptonoidea",0,"Animalia","Mollusca","Cardiida","Tellinidae","Macoma","Macoma carlottensis",1,52,137,9529005,3448,2286987,2287017,TRUE,"Bivalvia","Similarity: name=-10; authorship=0; classification=-2; rank=5; status=0; singleMatch=5",2287017
"21258","Margarita paupercula",8037249,"Margarites pauperculus Dall, 1919","species","SYNONYM","FUZZY","Margarites pauperculus",73,"Animalia","Mollusca","Trochida","Solariellidae","Solariella","Solariella varicosa",1,52,225,9715180,4607341,2292880,5190219,TRUE,"Gastropoda","Similarity: name=65; authorship=0; classification=-2; rank=5; status=0; singleMatch=5",5190219
"21281","Margarites frielei",7554604,"Margarita frielei Krause, 1885","species","SYNONYM","FUZZY","Margarita frielei",73,"Animalia","Mollusca","Trochida","Margaritidae","Margarites","Margarites olivaceus",1,52,225,9715180,6532323,2292959,5190279,TRUE,"Gastropoda","Similarity: name=65; authorship=0; classification=-2; rank=5; status=0; singleMatch=5",5190279
"21319","Marseninia micromphala",6492581,"Marsenina micromphala Bergh, 1853","species","SYNONYM","FUZZY","Marsenina micromphala",78,"Animalia","Mollusca","Littorinimorpha","Velutinidae","Marsenina","Marsenina glabra",1,52,225,7390893,7058,2302536,2302537,TRUE,"Gastropoda","Similarity: name=75; authorship=0; classification=-2; rank=5; status=0; 2 synonym homonyms; nextMatch=0",2302537
"21320","Marseninia micromphala",8277187,"Marsenina micromphala Friele, 1903","species","SYNONYM","FUZZY","Marsenina micromphala",78,"Animalia","Mollusca","Littorinimorpha","Velutinidae","Marsenina","Marsenina glabra",1,52,225,7390893,7058,2302536,2302537,TRUE,"Gastropoda","Similarity: name=75; authorship=0; classification=-2; rank=5; status=0",2302537
"21451","Membranipora spathulifera",4855280,"Membranipora spiculifera Maplestone, 1900","species","ACCEPTED","FUZZY","Membranipora spiculifera",9,"Animalia","Bryozoa","Cheilostomatida","Membraniporidae","Membranipora","Membranipora spiculifera",1,53,252,467,2137,1006457,4855280,FALSE,"Gymnolaemata","Similarity: name=5; authorship=0; classification=-2; rank=5; status=1; nextMatch=0",NA
"21452","Membranipora spathulifera",4855275,"Membranipora papulifera (MacGillivray, 1882)","species","SYNONYM","FUZZY","Membranipora papulifera",8,"Animalia","Bryozoa","Cheilostomatida","Calloporidae","Crassimarginatella","Crassimarginatella papulifera",1,53,252,467,5797,1007072,1007102,TRUE,"Gymnolaemata","Similarity: name=5; authorship=0; classification=-2; rank=5; status=0",1007102
"21469","Menipea ternata",1008011,"Menipea ornata (Busk, 1852)","species","ACCEPTED","FUZZY","Menipea ornata",14,"Animalia","Bryozoa","Cheilostomatida","Candidae","Menipea","Menipea ornata",1,53,252,467,2107,1007997,1008011,FALSE,"Gymnolaemata","Similarity: name=5; authorship=0; classification=-2; rank=5; status=1; singleMatch=5",NA
"21572","Microporella spathulifera",10837681,"Microporella papulifera (Canu & Bassler, 1923)","species","ACCEPTED","FUZZY","Microporella papulifera",14,"Animalia","Bryozoa","Cheilostomatida","Microporellidae","Microporella","Microporella papulifera",1,53,252,467,5826,1008982,10837681,FALSE,"Gymnolaemata","Similarity: name=5; authorship=0; classification=-2; rank=5; status=1; singleMatch=5",NA
"21991","Natica islandica",8109950,"Natica zelandica Quoy & Gaimard, 1832","species","SYNONYM","FUZZY","Natica zelandica",13,"Animalia","Mollusca","Littorinimorpha","Naticidae","Tanea","Tanea zelandica",1,52,225,7390893,7072,2300304,2300305,TRUE,"Gastropoda","Similarity: name=5; authorship=0; classification=-2; rank=5; status=0; singleMatch=5",2300305
"22086","Nephalosoma capilleforme",2509709,"Nephasoma capilleforme (Murina, 1973)","species","ACCEPTED","FUZZY","Nephasoma capilleforme",74,"Animalia","Sipuncula","Golfingiiformes","Golfingiidae","Nephasoma","Nephasoma capilleforme",1,74,159,539,7339,2509611,2509709,FALSE,"Sipunculidea","Similarity: name=65; authorship=0; classification=-2; rank=5; status=1; singleMatch=5",NA
"22297","Notoacmaea incessa",2297956,"Notoacmea insessa (Hinds, 1842)","species","SYNONYM","FUZZY","Notoacmea insessa",78,"Animalia","Mollusca",NA,"Lottiidae","Discurria","Discurria insessa",1,52,225,NA,6553,2297814,2297815,TRUE,"Gastropoda","Similarity: name=70; authorship=0; classification=-2; rank=5; status=0; singleMatch=5",2297815
"22319","Nucella conradi",9257009,"Nucula conradi (Meek, 1864)","species","ACCEPTED","FUZZY","Nucula conradi",74,"Animalia","Mollusca","Nuculida","Nuculidae","Acila","Nucula conradi",1,52,137,8023994,6876,2285629,9257009,FALSE,"Bivalvia","Similarity: name=65; authorship=0; classification=-2; rank=5; status=1; singleMatch=5",NA
"22414","Obesotoma arctica",2303629,"Obesotoma artica (A.Adams, 1855)","species","ACCEPTED","FUZZY","Obesotoma artica",14,"Animalia","Mollusca","Neogastropoda","Mangeliidae","Obesotoma","Obesotoma artica",1,52,225,982,5857036,2303628,2303629,FALSE,"Gastropoda","Similarity: name=5; authorship=0; classification=-2; rank=5; status=1; singleMatch=5",NA
"22492","Odostomia sasnjuanensis",5192004,"Odostomia sanjuanensis Bartsch, 1920","species","ACCEPTED","FUZZY","Odostomia sanjuanensis",14,"Animalia","Mollusca",NA,"Pyramidellidae","Odostomia","Odostomia sanjuanensis",1,52,225,NA,6783,5191789,5192004,FALSE,"Gastropoda","Similarity: name=5; authorship=0; classification=-2; rank=5; status=1; singleMatch=5",NA
"22541","Oenopota miona",2303778,"Oenopota fiora (Dall, 1919)","species","SYNONYM","FUZZY","Oenopota fiora",13,"Animalia","Mollusca","Neogastropoda","Mangeliidae","Curtitoma","Curtitoma fiora",1,52,225,982,5857036,2303352,2303354,TRUE,"Gastropoda","Similarity: name=5; authorship=0; classification=-2; rank=5; status=0; singleMatch=5",2303354
"22555","Oenopota raricostulata",6507780,"Oenopota laticostulata Golikov & Scarlato, 1985","species","ACCEPTED","FUZZY","Oenopota laticostulata",14,"Animalia","Mollusca","Neogastropoda","Mangeliidae","Oenopota","Oenopota laticostulata",1,52,225,982,5857036,2303723,6507780,FALSE,"Gastropoda","Similarity: name=5; authorship=0; classification=-2; rank=5; status=1; singleMatch=5",NA
"22588","Olivella lapillus",8582648,"Olivella tapira (Olsson, 1932)","species","ACCEPTED","FUZZY","Olivella tapira",9,"Animalia","Mollusca","Neogastropoda","Olividae","Olivella","Olivella tapira",1,52,225,982,2687,2302757,8582648,FALSE,"Gastropoda","Similarity: name=5; authorship=0; classification=-2; rank=5; status=1; nextMatch=0",NA
"22589","Olivella lapillus",4368097,"Olivella paxillus (Reeve, 1850)","species","SYNONYM","FUZZY","Olivella paxillus",8,"Animalia","Mollusca","Neogastropoda","Olividae","Omogymna","Omogymna paxillus",1,52,225,982,2687,4604952,7856256,TRUE,"Gastropoda","Similarity: name=5; authorship=0; classification=-2; rank=5; status=0",7856256
"22864","Pacificincola insculpta",1007516,"Pacifincola insculpta (Hincks, 1883)","species","SYNONYM","FUZZY","Pacifincola insculpta",73,"Animalia","Bryozoa","Cheilostomatida","Pacificincolidae","Primavelans","Primavelans insculpta",1,53,252,467,5831,1009371,1009372,TRUE,"Gymnolaemata","Similarity: name=65; authorship=0; classification=-2; rank=5; status=0; singleMatch=5",1009372
"22877","Pagurus cavimanus",4648251,"Pagurus crassimanus H.Milne Edwards, 1836","species","SYNONYM","FUZZY","Pagurus crassimanus",8,"Animalia","Arthropoda","Decapoda","Calcinidae","Dardanus","Dardanus crassimanus",1,54,229,637,11165233,10424094,4311957,TRUE,"Malacostraca","Similarity: name=5; authorship=0; classification=-2; rank=5; status=0",4311957
"22878","Pagurus cavimanus",6457845,"Pagurus curvimanus Clément, 1874","species","SYNONYM","FUZZY","Pagurus curvimanus",8,"Animalia","Arthropoda","Decapoda","Diogenidae","Diogenes","Diogenes pugilator",1,54,229,637,3862,3254413,5716791,TRUE,"Malacostraca","Similarity: name=5; authorship=0; classification=-2; rank=5; status=0",5716791
"22881","Pagurus gilli",2224216,"Pagurus dalli (Benedict, 1892)","species","ACCEPTED","FUZZY","Pagurus dalli",9,"Animalia","Arthropoda","Decapoda","Paguridae","Pagurus","Pagurus dalli",1,54,229,637,4531,2224189,2224216,FALSE,"Malacostraca","Similarity: name=5; authorship=0; classification=-2; rank=5; status=1",NA
"22882","Pagurus gilli",9819992,"Pagurus liui Han, An & Sha, 2016","species","ACCEPTED","FUZZY","Pagurus liui",9,"Animalia","Arthropoda","Decapoda","Paguridae","Pagurus","Pagurus liui",1,54,229,637,4531,2224189,9819992,FALSE,"Malacostraca","Similarity: name=5; authorship=0; classification=-2; rank=5; status=1",NA
"22963","Pantachogon hackelii",2269528,"Pantachogon haeckeli Maas, 1893","species","ACCEPTED","FUZZY","Pantachogon haeckeli",14,"Animalia","Cnidaria","Trachymedusae","Rhopalonematidae","Pantachogon","Pantachogon haeckeli",1,43,205,709,3375,2269527,2269528,FALSE,"Hydrozoa","Similarity: name=5; authorship=0; classification=-2; rank=5; status=1; singleMatch=5",NA
"22972","Par dexiospira vitrea",2327699,"Paradexiospira vitrea (Fabricius, 1780)","species","ACCEPTED","FUZZY","Paradexiospira vitrea",49,"Animalia","Annelida","Sabellida","Serpulidae","Paradexiospira","Paradexiospira vitrea",1,42,256,1080,7086,2327696,2327699,FALSE,"Polychaeta","Similarity: name=75; authorship=0; classification=-2; rank=-25; status=1; nextMatch=0",NA
"22973","Par dexiospira vitrea",8363986,"Paradexiospira vitrea (Fabricius, 1780)","species","SYNONYM","FUZZY","Paradexiospira vitrea",48,"Animalia","Annelida","Sabellida","Serpulidae","Paradexiospira","Paradexiospira vitrea",1,42,256,1080,7086,2327696,2327699,TRUE,"Polychaeta","Similarity: name=75; authorship=0; classification=-2; rank=-25; status=0",2327699
"22983","Paracephalothrix spiralis",2507985,"Procephalothrix spiralis (Coe, 1930)","species","SYNONYM","FUZZY","Procephalothrix spiralis",0,"Animalia","Nemertea","Archinemertea","Cephalotrichidae","Cephalothrix","Cephalothrix spiralis",1,63,7194193,11217809,7424221,2506522,2507986,TRUE,"Palaeonemertea","Similarity: name=-10; authorship=0; classification=-2; rank=5; status=0; singleMatch=5",2507986
"23045","Parapagurus armatus",2224112,"Parapagurus arcuatus (A.Milne-Edwards & Bouvier, 1893)","species","SYNONYM","FUZZY","Parapagurus arcuatus",13,"Animalia","Arthropoda","Decapoda","Parapaguridae","Oncopagurus","Oncopagurus gracilis",1,54,229,637,8660,2224101,2224111,TRUE,"Malacostraca","Similarity: name=5; authorship=0; classification=-2; rank=5; status=0; singleMatch=5",2224111
"23054","Paraphoxus major",8414829,"Parophonus major (Bates, 1891)","species","SYNONYM","FUZZY","Parophonus major",73,"Animalia","Arthropoda","Coleoptera","Carabidae","Kareya","Kareya major",1,54,216,1470,3792,4726256,9244389,TRUE,"Insecta","Similarity: name=65; authorship=0; classification=-2; rank=5; status=0; singleMatch=5",9244389
"23117","Patella cerea",10645669,"Patella aenea Reeve, 1854","species","SYNONYM","FUZZY","Patella aenea",8,"Animalia","Mollusca",NA,"Nacellidae","Nacella","Nacella deaurata",1,52,225,NA,2863,2293712,5857969,TRUE,"Gastropoda","Similarity: name=5; authorship=0; classification=-2; rank=5; status=0",5857969
"23118","Patella cerea",6521315,"Patella coffea Reeve, 1855","species","SYNONYM","FUZZY","Patella coffea",8,"Animalia","Mollusca",NA,"Lottiidae","Scurria","Scurria variabilis",1,52,225,NA,6553,2297838,5857941,TRUE,"Gastropoda","Similarity: name=5; authorship=0; classification=-2; rank=5; status=0",5857941
"23119","Patella cerea",7947006,"Patella cornea Helbling, 1779","species","SYNONYM","FUZZY","Patella cornea",8,"Animalia","Mollusca",NA,"Patellidae","Patella","Patella pellucida",1,52,225,NA,2862,2291213,5728509,TRUE,"Gastropoda","Similarity: name=5; authorship=0; classification=-2; rank=5; status=0",5728509
"23160","Pectinaria brevi coma",5198806,"Pectinaria brevicoma Johnson, 1901","species","SYNONYM","FUZZY","Pectinaria brevicoma",68,"Animalia","Annelida",NA,"Pectinariidae","Cistenides","Cistenides brevicoma",1,42,256,NA,7096,2324244,2324252,TRUE,"Polychaeta","Similarity: name=90; authorship=0; classification=-2; rank=-25; status=0; singleMatch=5",2324252
"23501","Placiphorella ushakovi",4584711,"Placiphorella uschakovi Yakovleva, 1952","species","SYNONYM","FUZZY","Placiphorella uschakovi",13,"Animalia","Mollusca","Chitonida","Mopaliidae","Placiphorella","Placiphorella atlantica",1,52,346,8278247,7552,2306020,2306026,TRUE,"Polyplacophora","Similarity: name=5; authorship=0; classification=-2; rank=5; status=0; singleMatch=5",2306026
"23502","Placunamonia cepio",6530709,"Placunanomia cepio (Gray, 1850)","species","SYNONYM","FUZZY","Placunanomia cepio",73,"Animalia","Mollusca","Pectinida","Anomiidae","Pododesmus","Pododesmus macrochisma",1,52,137,9250425,6872,2286127,2286130,TRUE,"Bivalvia","Similarity: name=65; authorship=0; classification=-2; rank=5; status=0; singleMatch=5",2286130
"23520","Planaria rufa",8297973,"Planaria pulla Darwin, 1844","species","SYNONYM","FUZZY","Planaria pulla",8,"Animalia","Platyhelminthes","Tricladida","Geoplanidae","Pseudogeoplana","Pseudogeoplana pulla",1,108,NA,427,6364,4859717,6477371,TRUE,NA,"Similarity: name=5; authorship=0; classification=-2; rank=5; status=0",6477371
"23521","Planaria rufa",8291121,"Planaria rava Weiss, 1909","species","SYNONYM","FUZZY","Planaria rava",8,"Animalia","Platyhelminthes","Tricladida","Dugesiidae","Dugesia","Dugesia rava",1,108,NA,427,6365,11303996,6475451,TRUE,NA,"Similarity: name=5; authorship=0; classification=-2; rank=5; status=0",6475451
"23688","Polinices caurina",4612804,"Polinices citrinus (Philippi, 1851)","species","ACCEPTED","FUZZY","Polinices citrinus",14,"Animalia","Mollusca","Littorinimorpha","Naticidae","Polinices","Polinices citrinus",1,52,225,7390893,7072,2300366,4612804,FALSE,"Gastropoda","Similarity: name=5; authorship=0; classification=-2; rank=5; status=1; singleMatch=5",NA
"23718","Polycera pallida",1367068,"Polynema pallidum Soyka, 1956","species","ACCEPTED","FUZZY","Polynema pallidum",69,"Animalia","Arthropoda","Hymenoptera","Mymaridae","Polynema","Polynema pallidum",1,54,216,1457,9444,1366943,1367068,FALSE,"Insecta","Similarity: name=65; authorship=0; classification=-2; rank=5; status=1; nextMatch=0",NA
"23719","Polycera pallida",5044117,"Polynema pallida Soyka, 1956","species","SYNONYM","FUZZY","Polynema pallida",68,"Animalia","Arthropoda","Hymenoptera","Mymaridae","Polynema","Polynema pallidum",1,54,216,1457,9444,1366943,1367068,TRUE,"Insecta","Similarity: name=65; authorship=0; classification=-2; rank=5; status=0",1367068
"23876","Porella argentea",4334108,"Pontella argentea Dana, 1849","species","ACCEPTED","FUZZY","Pontella argentea",0,"Animalia","Arthropoda","Calanoida","Pontellidae","Pontella","Pontella argentea",1,54,9421786,679,9049,2114203,4334108,FALSE,"Hexanauplia","Similarity: name=-10; authorship=0; classification=-2; rank=5; status=1; nextMatch=0",NA
"23877","Porella argentea",10463613,"Patella argentea Quoy & Gaimard, 1834","species","SYNONYM","FUZZY","Patella argentea",-7,"Animalia","Mollusca",NA,"Nacellidae","Cellana","Cellana radians",1,52,225,NA,2863,2293714,4369977,TRUE,"Gastropoda","Similarity: name=-10; authorship=0; classification=-2; rank=5; status=0",4369977
"24134","Pupura analoga",5726288,"Purpura analoga Forbes, 1852","species","SYNONYM","FUZZY","Purpura analoga",0,"Animalia","Mollusca","Neogastropoda","Muricidae","Nucella","Nucella analoga",1,52,225,982,2304120,2304475,10211107,TRUE,"Gastropoda","Similarity: name=-10; authorship=0; classification=-2; rank=5; status=0; singleMatch=5",10211107
"24135","Pupura attenuata",8844861,"Pupa attenuata Fagot, 1887","species","SYNONYM","FUZZY","Pupa attenuata",73,"Animalia","Mollusca","Stylommatophora","Chondrinidae","Abida","Abida attenuata",1,52,225,1456,3244092,4406374,4567109,TRUE,"Gastropoda","Similarity: name=65; authorship=0; classification=-2; rank=5; status=0; nextMatch=5",4567109
"24136","Pupura attenuata",5726284,"Purpura attenuata Reeve, 1846","species","SYNONYM","FUZZY","Purpura attenuata",-7,"Animalia","Mollusca","Neogastropoda","Muricidae","Nucella","Nucella lima",1,52,225,982,2304120,2304475,5193453,TRUE,"Gastropoda","Similarity: name=-10; authorship=0; classification=-2; rank=5; status=0",5193453
"24137","Pupura decemcostata",5726289,"Purpura decemcostata Middendorff, 1849","species","SYNONYM","FUZZY","Purpura decemcostata",0,"Animalia","Mollusca","Neogastropoda","Muricidae","Nucella","Nucella canaliculata",1,52,225,982,2304120,2304475,5193452,TRUE,"Gastropoda","Similarity: name=-10; authorship=0; classification=-2; rank=5; status=0; singleMatch=5",5193452
"24138","Pupura saxicola",9334713,"Pupa saxicola Moquin-Tandon, 1843","species","SYNONYM","FUZZY","Pupa saxicola",68,"Animalia","Mollusca","Stylommatophora","Chondrinidae","Abida","Abida secale",1,52,225,1456,3244092,4406374,4567017,TRUE,"Gastropoda","Similarity: name=65; authorship=0; classification=-2; rank=5; status=0",4567018
"24139","Pupura saxicola",8979165,"Pupa saxicola R.T.Lowe, 1852","species","SYNONYM","FUZZY","Pupa saxicola",68,"Animalia","Mollusca","Stylommatophora","Vertiginidae","Vertigo","Vertigo seminulum",1,52,225,1456,3244262,2293972,11006573,TRUE,"Gastropoda","Similarity: name=65; authorship=0; classification=-2; rank=5; status=0",11006573
"24140","Pupura saxicola",5726292,"Purpura saxicola Valenciennes, 1846","species","SYNONYM","FUZZY","Purpura saxicola",-7,"Animalia","Mollusca","Neogastropoda","Muricidae","Nucella","Nucella freycinetii",1,52,225,982,2304120,2304475,5726291,TRUE,"Gastropoda","Similarity: name=-10; authorship=0; classification=-2; rank=5; status=0",5726291
"24141","Pupura septentrionalis",5726309,"Purpura septentrionalis Reeve, 1846","species","SYNONYM","FUZZY","Purpura septentrionalis",0,"Animalia","Mollusca","Neogastropoda","Muricidae","Nucella","Nucella lamellosa",1,52,225,982,2304120,2304475,5193451,TRUE,"Gastropoda","Similarity: name=-10; authorship=0; classification=-2; rank=5; status=0; singleMatch=5",5193451
"24189","Ramphostomella costata",1008771,"Rhamphostomella costata Lorenz, 1886","species","ACCEPTED","FUZZY","Rhamphostomella costata",0,"Animalia","Bryozoa","Cheilostomatida","Umbonulidae","Rhamphostomella","Rhamphostomella costata",1,53,252,467,6892,1008763,1008771,FALSE,"Gymnolaemata","Similarity: name=-10; authorship=0; classification=-2; rank=5; status=1; singleMatch=5",NA
"24208","Raymondcia macginitiei",1006928,"Raymondcia mcginitiei Soule, Soule & Chaney, 1995","species","ACCEPTED","FUZZY","Raymondcia mcginitiei",14,"Animalia","Bryozoa","Cheilostomatida","Smittinidae","Raymondcia","Raymondcia mcginitiei",1,53,252,467,2764,1006926,1006928,FALSE,"Gymnolaemata","Similarity: name=5; authorship=0; classification=-2; rank=5; status=1; singleMatch=5",NA
"24780","Siphonostomum asperum",5199067,"Siphonostoma asperum Stimpson, 1853","species","SYNONYM","FUZZY","Siphonostoma asperum",73,"Animalia","Annelida",NA,"Flabelligeridae","Pherusa","Pherusa aspera",1,42,256,NA,7095,2325388,5199066,TRUE,"Polychaeta","Similarity: name=65; authorship=0; classification=-2; rank=5; status=0; singleMatch=5",5199066
"24878","Spenia ovoidea",2288938,"Sphenia ovoidea Carpenter, 1864","species","SYNONYM","FUZZY","Sphenia ovoidea",0,"Animalia","Mollusca","Myida","Myidae","Mya","Mya arenaria",1,52,137,9241244,6881,2288941,7791733,TRUE,"Bivalvia","Similarity: name=-10; authorship=0; classification=-2; rank=5; status=0; singleMatch=5",7791733
"24969","Spirontocaris stylus",2226316,"Spirontocaris sica Rathbun, 1902","species","ACCEPTED","FUZZY","Spirontocaris sica",9,"Animalia","Arthropoda","Decapoda","Hippolytidae","Spirontocaris","Spirontocaris sica",1,54,229,637,3869,2226295,2226316,FALSE,"Malacostraca","Similarity: name=5; authorship=0; classification=-2; rank=5; status=1",NA
"24970","Spirontocaris stylus",2226301,"Spirontocaris spinus","species","ACCEPTED","FUZZY","Spirontocaris spinus",9,"Animalia","Arthropoda","Decapoda","Hippolytidae","Spirontocaris","Spirontocaris spinus",1,54,229,637,3869,2226295,2226301,FALSE,"Malacostraca","Similarity: name=5; authorship=0; classification=-2; rank=5; status=1",NA
"25010","Spongia cacellata",8116293,"Spongia cancellata Lamarck, 1814","species","SYNONYM","FUZZY","Spongia cancellata",8,"Animalia","Porifera","Axinellida","Raspailiidae","Echinodictyum","Echinodictyum pulchrum",1,105,199,7626496,8994,2240834,2243905,TRUE,"Demospongiae","Similarity: name=5; authorship=0; classification=-2; rank=5; status=0",2243905
"25011","Spongia cacellata",8319721,"Spongia cancellata Linnaeus, 1767","species","SYNONYM","FUZZY","Spongia cancellata",8,"Animalia","Porifera","Verongiida","Aplysinidae","Aplysina","Aplysina fulva",1,105,199,8058188,4915,2238555,2239310,TRUE,"Demospongiae","Similarity: name=5; authorship=0; classification=-2; rank=5; status=0",2239310
"25050","Squilla lobata",5799675,"Squilla lata Brooks, 1886","species","SYNONYM","FUZZY","Squilla lata",8,"Animalia","Arthropoda","Stomatopoda","Squillidea","Lenisquilla","Lenisquilla lata",1,54,229,1373,7194417,4649737,4649738,TRUE,"Malacostraca","Similarity: name=5; authorship=0; classification=-2; rank=5; status=0",4649738
"25051","Squilla lobata",6465572,"Squilla lirata Kemp & Chopra, 1921","species","SYNONYM","FUZZY","Squilla lirata",8,"Animalia","Arthropoda","Stomatopoda","Squillidea","Carinosquilla","Carinosquilla lirata",1,54,229,1373,7194417,4316674,6465571,TRUE,"Malacostraca","Similarity: name=5; authorship=0; classification=-2; rank=5; status=0",6465571
"25534","Terebratella coreanica",2252851,"Terebratalia coreanica (Adams & Reeve, 1850)","species","ACCEPTED","FUZZY","Terebratalia coreanica",69,"Animalia","Brachiopoda","Terebratulida","Terebrataliidae","Terebratalia","Terebratalia coreanica",1,110,210,509,3055,2252848,2252851,FALSE,"Rhynchonellata","Similarity: name=65; authorship=0; classification=-2; rank=5; status=1; nextMatch=0",NA
"25535","Terebratella coreanica",7866837,"Terebratula coreanica Adams & Reeve, 1850","species","SYNONYM","FUZZY","Terebratula coreanica",68,"Animalia","Brachiopoda","Terebratulida","Terebrataliidae","Terebratalia","Terebratalia coreanica",1,110,210,509,3055,2252848,2252851,TRUE,"Rhynchonellata","Similarity: name=65; authorship=0; classification=-2; rank=5; status=0",2252851
"25540","Terebratella transversa",2252850,"Terebratalia transversa (Sowerby, 1846)","species","ACCEPTED","FUZZY","Terebratalia transversa",69,"Animalia","Brachiopoda","Terebratulida","Terebrataliidae","Terebratalia","Terebratalia transversa",1,110,210,509,3055,2252848,2252850,FALSE,"Rhynchonellata","Similarity: name=65; authorship=0; classification=-2; rank=5; status=1; nextMatch=0",NA
"25541","Terebratella transversa",8143920,"Terebratula transversa Sowerby, 1846","species","SYNONYM","FUZZY","Terebratula transversa",68,"Animalia","Brachiopoda","Terebratulida","Terebrataliidae","Terebratalia","Terebratalia transversa",1,110,210,509,3055,2252848,2252850,TRUE,"Rhynchonellata","Similarity: name=65; authorship=0; classification=-2; rank=5; status=0",2252850
"25543","Terebratella transversa var. caurina",4282108,"Terebratalia transversa caurina","subspecies","ACCEPTED","FUZZY","Terebratalia transversa caurina",66,"Animalia","Brachiopoda","Terebratulida","Terebrataliidae","Terebratalia","Terebratalia transversa",1,110,210,509,3055,2252848,2252850,FALSE,"Rhynchonellata","Similarity: name=71; authorship=0; classification=-2; rank=-9; status=1; singleMatch=5",NA
"25556","Terebratula kochii",8487097,"Terebratula buchii Klipstein, 1843","species","SYNONYM","FUZZY","Terebratula buchii",13,"Animalia","Brachiopoda",NA,"Diplospirellidae","Diplospirella","Terebratula wissmani",1,110,210,NA,4865130,4865134,9568220,TRUE,"Rhynchonellata","Similarity: name=5; authorship=0; classification=-2; rank=5; status=0; singleMatch=5",9568220
"25559","Terebratula transversa caurina",4282108,"Terebratalia transversa caurina","subspecies","ACCEPTED","FUZZY","Terebratalia transversa caurina",80,"Animalia","Brachiopoda","Terebratulida","Terebrataliidae","Terebratalia","Terebratalia transversa",1,110,210,509,3055,2252848,2252850,FALSE,"Rhynchonellata",NA,NA
"25568","Terebratulina transversa",2252850,"Terebratalia transversa (Sowerby, 1846)","species","ACCEPTED","FUZZY","Terebratalia transversa",69,"Animalia","Brachiopoda","Terebratulida","Terebrataliidae","Terebratalia","Terebratalia transversa",1,110,210,509,3055,2252848,2252850,FALSE,"Rhynchonellata","Similarity: name=65; authorship=0; classification=-2; rank=5; status=1; nextMatch=0",NA
"25569","Terebratulina transversa",8143920,"Terebratula transversa Sowerby, 1846","species","SYNONYM","FUZZY","Terebratula transversa",68,"Animalia","Brachiopoda","Terebratulida","Terebrataliidae","Terebratalia","Terebratalia transversa",1,110,210,509,3055,2252848,2252850,TRUE,"Rhynchonellata","Similarity: name=65; authorship=0; classification=-2; rank=5; status=0",2252850
"25605","Tetrastemma versicolor",9052590,"Tetrastemma varicolor Ørsted, 1843","species","ACCEPTED","FUZZY","Tetrastemma varicolor",14,"Animalia","Nemertea","Monostilifera","Tetrastemmatidae","Tetrastemma","Tetrastemma varicolor",1,63,10482560,5967468,1992,2506446,9052590,FALSE,"Hoplonemertea","Similarity: name=5; authorship=0; classification=-2; rank=5; status=1; singleMatch=5",NA
"25627","Thasira bisecta nipponica",8485196,"Thyasira bisecta nipponica Yabe & Nomura, 1925","subspecies","SYNONYM","FUZZY","Thyasira bisecta nipponica",0,"Animalia","Mollusca","Lucinida","Thyasiridae","Conchocele","Conchocele bisecta",1,52,137,9306876,6843,7953906,2287499,TRUE,"Bivalvia","Similarity: name=-10; authorship=0; classification=-2; rank=5; status=0; singleMatch=5",2287499
"25770","Tretocycloecia pelliculata",8943472,"Tretocycloecia reticulata Canu & Bassler, 1920","species","SYNONYM","FUZZY","Tretocycloecia reticulata",13,"Animalia","Bryozoa","Cyclostomatida","Cerioporidae","Tetrocycloecia","Tetrocycloecia reticulata",1,53,226,1497,1003805,1004174,10812074,TRUE,"Stenolaemata","Similarity: name=5; authorship=0; classification=-2; rank=5; status=0; nextMatch=5",10812074
"25771","Tretocycloecia pelliculata",1004179,"Tetrocycloecia pelliculata (Waters, 1879)","species","ACCEPTED","FUZZY","Tetrocycloecia pelliculata",-6,"Animalia","Bryozoa","Cyclostomatida","Cerioporidae","Tetrocycloecia","Tetrocycloecia pelliculata",1,53,226,1497,1003805,1004174,1004179,FALSE,"Stenolaemata","Similarity: name=-10; authorship=0; classification=-2; rank=5; status=1",NA
"26017","Turbo rutilus",8890078,"Turbo pusillus Brocchi, 1814","species","ACCEPTED","FUZZY","Turbo pusillus",14,"Animalia","Mollusca","Trochida","Turbinidae","Turbo","Turbo pusillus",1,52,225,9715180,6802,2293195,8890078,FALSE,"Gastropoda","Similarity: name=5; authorship=0; classification=-2; rank=5; status=1; singleMatch=5",NA
"26199","Venericardia crassidens",8607833,"Venericardia clavidens (Grzybowski, 1899)","species","ACCEPTED","FUZZY","Venericardia clavidens",14,"Animalia","Mollusca","Carditida","Carditidae","Venericor","Venericardia clavidens",1,52,137,9280416,3459,4590963,8607833,FALSE,"Bivalvia","Similarity: name=5; authorship=0; classification=-2; rank=5; status=1; singleMatch=5",NA
"26301","Weelia cyclindrica",4356860,"Weelia cylindrica (Cuvier, 1804)","species","SYNONYM","FUZZY","Weelia cylindrica",13,"Animalia","Chordata","Salpida","Salpidae","Iasis","Iasis cylindrica",1,44,207,1156,7343,5232494,5232496,TRUE,"Thaliacea","Similarity: name=5; authorship=0; classification=-2; rank=5; status=0; singleMatch=5",5232496
"27555","Tomopteris aloysiisabaudiae",6153513,"Tomopteris aloysii sabaudiae Rosa, 1908","subspecies","ACCEPTED","FUZZY","Tomopteris aloysii sabaudiae",69,"Animalia","Annelida","Phyllodocida","Tomopteridae","Tomopteris","Tomopteris aloysii",1,42,256,1079,3589,2312692,2312752,FALSE,"Polychaeta","Similarity: name=90; authorship=0; classification=-2; rank=-25; status=1; singleMatch=5",NA
"27631","Didemnum sp. A",2329716,"Didemnum paa Monniot C. & Monniot F., 1987","species","ACCEPTED","FUZZY","Didemnum paa",9,"Animalia","Chordata","Aplousobranchia","Didemnidae","Didemnum","Didemnum paa",1,44,356,9589977,5220,2329630,2329716,FALSE,"Ascidiacea","Similarity: name=5; authorship=0; classification=-2; rank=5; status=1; nextMatch=0",NA
"27632","Didemnum sp. A",4356333,"Didemnum sycon Michaelsen, 1920","species","SYNONYM","FUZZY","Didemnum sycon",8,"Animalia","Chordata","Aplousobranchia","Didemnidae","Didemnum","Didemnum molle",1,44,356,9589977,5220,2329630,2329762,TRUE,"Ascidiacea","Similarity: name=5; authorship=0; classification=-2; rank=5; status=0",2329762
"27909","Protoleodora aperata",10001767,"Protoleodora asperata (Bush, 1905)","species","ACCEPTED","FUZZY","Protoleodora asperata",14,"Animalia","Annelida","Sabellida","Serpulidae","Protoleodora","Protoleodora asperata",1,42,256,1080,7086,2327387,10001767,FALSE,"Polychaeta","Similarity: name=5; authorship=0; classification=-2; rank=5; status=1; singleMatch=5",NA
